listing_id,sku_name,outlet_id,channel,region,weeks_listed,sellthrough_4wk_pct,trade_promo,pos_material,has_merchandiser,price_index,p_delist_next_13wks,risk_band
L06721,Mozzarella 500g (food service),O02207,Petrol station,Coast,18.43,25.0,1,0,0,106.6,0.88,>50%
L06797,Mozzarella 500g (food service),O02174,Duka,Rift Valley,17.14,15.2,1,0,0,109.2,0.86,>50%
L06860,Mozzarella 500g (food service),O00368,Duka,Nairobi,15.14,6.0,0,1,0,105.8,0.769,>50%
L06854,Mozzarella 500g (food service),O00350,Duka,Nairobi,15.29,13.8,0,0,0,108.9,0.758,>50%
L06701,Mozzarella 500g (food service),O00005,Duka,Nairobi,18.57,15.2,1,0,0,102.0,0.746,>50%
L06542,Fresh cream 250ml,O01038,HoReCa,Coast,24.43,19.6,0,0,0,91.4,0.743,>50%
L06317,Fresh cream 250ml,O00734,Duka,Nairobi,29.29,8.7,0,1,1,109.3,0.735,>50%
L05949,Fresh cream 250ml,O01365,Duka,Nairobi,35.71,15.4,0,1,0,106.3,0.735,>50%
L06916,Mozzarella 500g (food service),O01065,Duka,Rift Valley,10.43,22.7,1,0,0,109.3,0.722,>50%
L05983,Fresh cream 250ml,O02160,HoReCa,Nairobi,35.43,6.6,1,0,0,102.6,0.707,>50%
L06827,Mozzarella 500g (food service),O01505,HoReCa,Western,16.29,14.7,1,0,0,106.0,0.705,>50%
L06667,Mozzarella 500g (food service),O01971,Duka,Central,19.0,13.5,0,1,0,113.4,0.696,>50%
L06833,Mozzarella 500g (food service),O01881,Duka,Nairobi,16.14,5.9,0,0,0,94.5,0.682,>50%
L06775,Mozzarella 500g (food service),O02395,HoReCa,Nairobi,17.57,8.4,1,0,0,100.9,0.675,>50%
L06823,Mozzarella 500g (food service),O00450,Duka,Nyanza,16.29,16.3,0,1,0,100.4,0.662,>50%
L06826,Mozzarella 500g (food service),O01301,Duka,Nairobi,16.29,24.0,1,0,1,110.8,0.652,>50%
L06882,Mozzarella 500g (food service),O02430,Duka,Western,13.57,41.8,1,0,0,112.0,0.64,>50%
L06715,Mozzarella 500g (food service),O00108,Duka,Central,18.43,28.8,1,0,0,101.5,0.635,>50%
L06773,Mozzarella 500g (food service),O02089,HoReCa,Western,17.57,18.8,1,0,0,98.3,0.633,>50%
L06922,Mozzarella 500g (food service),O00404,Duka,Nyanza,7.14,17.0,1,0,0,106.1,0.629,>50%
L06855,Mozzarella 500g (food service),O00690,Petrol station,Central,15.29,19.5,1,0,0,99.1,0.617,>50%
L06602,Mozzarella 500g (food service),O01223,Supermarket,Central,19.57,19.1,1,0,0,102.4,0.61,>50%
L06641,Mozzarella 500g (food service),O00776,Duka,Rift Valley,19.14,17.7,0,0,1,98.8,0.604,>50%
L06699,Mozzarella 500g (food service),O02424,Supermarket,Coast,18.71,21.2,1,1,0,101.3,0.602,>50%
L06879,Mozzarella 500g (food service),O01872,Petrol station,Nairobi,13.71,28.7,0,0,0,111.6,0.601,>50%
L06380,Fruit ice lolly 6-pack,O00419,Duka,Nairobi,28.57,14.7,0,0,0,111.2,0.599,>50%
L06710,Mozzarella 500g (food service),O01799,Duka,Central,18.57,34.3,1,0,0,112.2,0.597,>50%
L06642,Mozzarella 500g (food service),O00876,HoReCa,Western,19.14,31.1,0,0,0,109.9,0.594,>50%
L06903,Mozzarella 500g (food service),O00586,Petrol station,Coast,12.0,49.6,1,0,0,104.9,0.585,>50%
L06572,Mozzarella 500g (food service),O00789,Wholesaler,Central,20.0,17.1,0,0,0,98.6,0.583,>50%
L06651,Mozzarella 500g (food service),O02571,Duka,Nairobi,19.14,6.1,1,1,1,105.6,0.582,>50%
L06892,Mozzarella 500g (food service),O00866,Duka,Central,12.71,18.2,0,0,0,94.6,0.571,>50%
L06851,Mozzarella 500g (food service),O01243,Duka,Rift Valley,15.43,38.3,1,0,0,100.9,0.564,>50%
L06560,Fruit ice lolly 6-pack,O02507,Duka,Nyanza,22.43,28.0,0,0,0,103.1,0.563,>50%
L06427,Fruit ice lolly 6-pack,O01676,HoReCa,Western,28.14,6.0,0,0,0,96.2,0.562,>50%
L06817,Mozzarella 500g (food service),O01157,HoReCa,Western,16.57,19.8,0,0,1,111.4,0.56,>50%
L05965,Fresh cream 250ml,O01659,HoReCa,Central,35.57,10.5,0,0,1,103.1,0.557,>50%
L06737,Mozzarella 500g (food service),O01024,Duka,Nairobi,18.14,25.4,0,0,0,107.2,0.554,>50%
L05665,Natural set yoghurt 1kg,O01770,Duka,Central,40.14,15.2,0,0,0,96.3,0.552,>50%
L06299,Fresh cream 250ml,O00095,HoReCa,Nairobi,29.43,2.8,0,0,1,99.7,0.543,>50%
L06727,Mozzarella 500g (food service),O01443,HoReCa,Nairobi,18.29,17.6,1,0,0,99.7,0.542,>50%
L06850,Mozzarella 500g (food service),O00973,HoReCa,Nairobi,15.43,11.4,0,0,0,99.1,0.534,>50%
L02055,Beef breakfast sausages 500g,O01935,Petrol station,Coast,94.57,22.3,1,1,0,103.1,0.528,>50%
L06070,Fresh cream 250ml,O01812,Duka,Nairobi,33.57,20.0,0,0,1,97.7,0.521,>50%
L01683,Drinking yoghurt mango 250ml,O00541,Duka,Coast,99.43,46.6,1,0,0,92.9,0.519,>50%
L06503,Fruit ice lolly 6-pack,O00243,Petrol station,Central,26.14,5.7,1,0,1,98.6,0.518,>50%
L06769,Mozzarella 500g (food service),O01943,Duka,Nyanza,17.71,38.3,1,0,1,105.8,0.511,>50%
L06328,Fruit ice lolly 6-pack,O00217,Petrol station,Rift Valley,29.14,12.2,1,1,0,99.6,0.507,>50%
L06905,Mozzarella 500g (food service),O01957,Duka,Western,12.0,39.8,0,1,0,111.6,0.504,>50%
L06476,Fruit ice lolly 6-pack,O00648,Duka,Central,27.0,10.1,0,0,1,107.7,0.503,>50%
L06845,Mozzarella 500g (food service),O00985,Duka,Central,15.71,29.8,1,0,0,96.6,0.499,25–50%
L06096,Fresh cream 250ml,O01435,HoReCa,Coast,32.14,22.4,0,0,1,85.2,0.495,25–50%
L06878,Mozzarella 500g (food service),O02116,HoReCa,Central,14.14,22.6,0,0,0,98.9,0.494,25–50%
L06271,Fruit ice lolly 6-pack,O02509,Duka,Nyanza,29.86,22.3,0,0,0,104.3,0.493,25–50%
L05941,Fresh cream 250ml,O01954,Supermarket,Rift Valley,35.86,20.9,1,0,1,102.9,0.488,25–50%
L06612,Mozzarella 500g (food service),O00364,HoReCa,Rift Valley,19.43,20.7,0,0,0,95.2,0.487,25–50%
L04429,Smoked chicken slices 150g,O02444,Petrol station,Nyanza,59.43,34.4,0,0,0,107.1,0.486,25–50%
L04443,Smoked chicken slices 150g,O01436,HoReCa,Nairobi,59.29,10.9,0,0,0,104.9,0.485,25–50%
L06829,Mozzarella 500g (food service),O00196,HoReCa,Nairobi,16.14,16.2,0,0,0,99.0,0.485,25–50%
L06259,Fruit ice lolly 6-pack,O01179,Wholesaler,Western,29.86,13.3,1,1,0,96.2,0.485,25–50%
L06856,Mozzarella 500g (food service),O00886,HoReCa,Coast,15.29,32.9,0,0,0,102.8,0.48,25–50%
L06595,Mozzarella 500g (food service),O02250,HoReCa,Rift Valley,19.71,33.7,1,0,0,102.6,0.475,25–50%
L06844,Mozzarella 500g (food service),O00962,Supermarket,Nairobi,15.71,4.6,0,1,1,101.1,0.472,25–50%
L06606,Mozzarella 500g (food service),O01665,Supermarket,Rift Valley,19.57,24.7,1,1,0,100.0,0.469,25–50%
L06218,Fruit ice lolly 6-pack,O02245,Petrol station,Coast,30.29,29.5,1,1,0,100.7,0.469,25–50%
L05676,Natural set yoghurt 1kg,O02520,Duka,Rift Valley,39.43,28.1,1,0,0,93.6,0.461,25–50%
L06839,Mozzarella 500g (food service),O00327,Duka,Nyanza,15.86,39.4,0,0,0,94.6,0.46,25–50%
L05359,Natural set yoghurt 1kg,O00887,Wholesaler,Coast,44.86,22.5,0,0,0,90.0,0.457,25–50%
L06919,Mozzarella 500g (food service),O00355,HoReCa,Nairobi,7.57,18.9,0,0,0,94.8,0.453,25–50%
L05829,Fresh cream 250ml,O01445,Supermarket,Nairobi,37.14,15.6,1,1,1,104.9,0.453,25–50%
L06847,Mozzarella 500g (food service),O00209,HoReCa,Central,15.43,7.0,0,0,1,100.2,0.451,25–50%
L06494,Fresh cream 250ml,O00824,HoReCa,Nairobi,26.43,45.8,1,0,0,107.9,0.448,25–50%
L06581,Mozzarella 500g (food service),O01047,Petrol station,Rift Valley,19.86,29.9,1,1,0,102.0,0.442,25–50%
L06638,Mozzarella 500g (food service),O00025,HoReCa,Nairobi,19.14,20.5,1,0,0,104.8,0.439,25–50%
L05974,Fresh cream 250ml,O00881,Supermarket,Nyanza,35.43,43.2,1,1,0,103.5,0.436,25–50%
L06805,Mozzarella 500g (food service),O00643,Petrol station,Central,16.86,26.3,0,0,1,101.2,0.436,25–50%
L06750,Mozzarella 500g (food service),O00772,Supermarket,Nairobi,18.0,17.0,1,0,1,102.5,0.43,25–50%
L06377,Fruit ice lolly 6-pack,O01754,Petrol station,Rift Valley,28.71,28.6,0,0,0,105.3,0.429,25–50%
L06848,Mozzarella 500g (food service),O00304,Duka,Rift Valley,15.43,31.3,1,0,0,92.8,0.428,25–50%
L06751,Mozzarella 500g (food service),O00924,Duka,Central,18.0,42.8,0,0,0,104.6,0.422,25–50%
L06550,Fruit ice lolly 6-pack,O01085,Duka,Nairobi,23.57,26.3,0,0,0,107.9,0.421,25–50%
L06857,Mozzarella 500g (food service),O01293,HoReCa,Nairobi,15.29,15.2,0,0,0,94.3,0.412,25–50%
L06082,Fresh cream 250ml,O01947,Supermarket,Central,33.0,25.7,0,1,0,101.6,0.404,25–50%
L06760,Mozzarella 500g (food service),O02226,HoReCa,Central,18.0,22.1,0,0,0,93.8,0.403,25–50%
L06539,Fruit ice lolly 6-pack,O02504,Duka,Nyanza,24.86,36.3,1,0,0,98.2,0.402,25–50%
L06777,Mozzarella 500g (food service),O00533,HoReCa,Nairobi,17.43,29.2,1,0,0,98.2,0.401,25–50%
L06092,Fresh cream 250ml,O00099,Petrol station,Central,32.43,42.1,1,1,0,101.3,0.399,25–50%
L06084,Fresh cream 250ml,O00134,Supermarket,Nyanza,32.86,32.9,1,1,0,90.8,0.398,25–50%
L06173,Fruit ice lolly 6-pack,O00788,Duka,Central,30.57,24.1,0,0,0,93.7,0.388,25–50%
L05070,Feta 200g,O00476,Duka,Coast,50.14,41.5,0,0,0,111.2,0.385,25–50%
L06379,Fresh cream 250ml,O00745,Duka,Rift Valley,28.57,60.0,1,0,0,102.3,0.384,25–50%
L06912,Mozzarella 500g (food service),O01131,Petrol station,Central,11.0,40.0,1,0,0,100.7,0.384,25–50%
L06316,Fresh cream 250ml,O00648,Duka,Central,29.29,49.3,0,0,1,111.3,0.379,25–50%
L06679,Mozzarella 500g (food service),O02101,Supermarket,Coast,18.86,54.0,1,1,0,112.6,0.376,25–50%
L04373,Smoked chicken slices 150g,O00583,Supermarket,Coast,59.86,42.2,1,0,1,109.9,0.375,25–50%
L05857,Fresh cream 250ml,O02234,Supermarket,Coast,36.86,61.2,1,1,0,116.3,0.37,25–50%
L06731,Mozzarella 500g (food service),O02401,Supermarket,Coast,18.29,46.6,1,1,0,108.9,0.365,25–50%
L06861,Mozzarella 500g (food service),O00574,HoReCa,Rift Valley,15.14,31.8,0,0,0,96.2,0.364,25–50%
L05806,Fresh cream 250ml,O01558,Petrol station,Nairobi,37.29,17.5,0,1,1,94.8,0.363,25–50%
L05259,Natural set yoghurt 1kg,O01689,Duka,Nairobi,45.57,30.2,1,0,0,91.5,0.363,25–50%
L06792,Fruit ice lolly 6-pack,O01762,Petrol station,Western,17.14,29.0,0,1,1,105.6,0.362,25–50%
L06745,Mozzarella 500g (food service),O02439,Duka,Central,18.14,42.1,1,1,0,107.2,0.359,25–50%
L04667,Smoked chicken slices 150g,O00792,Duka,Nairobi,56.86,15.4,0,1,1,104.2,0.356,25–50%
L04482,Smoked chicken slices 150g,O00427,Petrol station,Central,59.0,24.3,1,1,1,105.4,0.355,25–50%
L05123,Feta 200g,O02121,Petrol station,Rift Valley,49.0,25.4,1,0,0,104.4,0.355,25–50%
L06669,Mozzarella 500g (food service),O02308,Duka,Nairobi,19.0,37.9,1,0,0,97.8,0.354,25–50%
L06041,Fresh cream 250ml,O01457,Wholesaler,Nyanza,34.29,50.7,1,0,0,98.5,0.353,25–50%
L05626,Natural set yoghurt 1kg,O01804,Petrol station,Nairobi,41.43,33.8,0,0,0,101.0,0.351,25–50%
L06463,Fruit ice lolly 6-pack,O02325,HoReCa,Rift Valley,27.43,19.9,1,0,0,94.1,0.349,25–50%
L05392,Feta 200g,O02583,Duka,Rift Valley,44.57,45.2,0,0,0,114.7,0.347,25–50%
L06676,Mozzarella 500g (food service),O01211,Supermarket,Coast,18.86,46.6,1,1,0,105.2,0.345,25–50%
L06788,Mozzarella 500g (food service),O01744,Wholesaler,Nairobi,17.29,32.2,0,0,0,96.3,0.345,25–50%
L06714,Mozzarella 500g (food service),O02260,Supermarket,Nairobi,18.57,22.0,1,0,1,96.1,0.342,25–50%
L06911,Mozzarella 500g (food service),O00321,Duka,Nyanza,11.0,57.9,0,0,0,104.0,0.339,25–50%
L06869,Mozzarella 500g (food service),O00093,HoReCa,Nairobi,14.71,37.5,1,0,0,99.8,0.337,25–50%
L06832,Mozzarella 500g (food service),O01736,HoReCa,Rift Valley,16.14,38.6,0,0,0,105.1,0.336,25–50%
L06810,Mozzarella 500g (food service),O00892,HoReCa,Central,16.71,38.6,0,0,0,111.4,0.336,25–50%
L05581,Natural set yoghurt 1kg,O01039,HoReCa,Rift Valley,42.43,22.9,1,0,1,100.8,0.336,25–50%
L06800,Mozzarella 500g (food service),O00514,Petrol station,Central,17.0,21.9,0,1,1,102.9,0.335,25–50%
L05756,Fresh cream 250ml,O00873,Petrol station,Nairobi,37.57,32.8,1,0,1,87.4,0.335,25–50%
L06917,Mozzarella 500g (food service),O02133,Petrol station,Coast,9.0,43.6,1,1,0,94.0,0.334,25–50%
L03867,Strawberry milk 500ml,O01035,HoReCa,Central,68.86,37.0,1,0,0,99.3,0.333,25–50%
L06898,Mozzarella 500g (food service),O02431,HoReCa,Nairobi,12.43,18.9,0,0,0,91.3,0.333,25–50%
L02879,Salted butter 250g,O02012,Duka,Western,81.71,30.8,0,0,0,110.1,0.332,25–50%
L06688,Mozzarella 500g (food service),O00361,HoReCa,Rift Valley,18.71,31.5,0,1,1,113.5,0.331,25–50%
L06513,Fruit ice lolly 6-pack,O02158,Petrol station,Rift Valley,25.86,21.9,0,1,0,99.0,0.331,25–50%
L03653,Strawberry milk 500ml,O00346,Wholesaler,Rift Valley,72.14,29.6,1,1,0,89.6,0.325,25–50%
L05899,Fresh cream 250ml,O02169,Supermarket,Nairobi,36.43,21.1,0,1,1,106.6,0.324,25–50%
L01208,Vanilla bean ice cream 1L,O02490,Petrol station,Nairobi,105.86,32.0,1,0,0,103.4,0.321,25–50%
L00808,Mature cheddar 200g,O00175,Supermarket,Central,112.14,10.3,1,0,0,103.5,0.32,25–50%
L05549,Natural set yoghurt 1kg,O01447,HoReCa,Coast,42.86,36.1,1,1,0,96.0,0.317,25–50%
L05628,Natural set yoghurt 1kg,O02089,HoReCa,Western,41.43,27.5,0,0,0,84.9,0.317,25–50%
L05939,Fresh cream 250ml,O01171,Wholesaler,Coast,35.86,36.3,1,1,1,88.5,0.315,25–50%
L06655,Mozzarella 500g (food service),O00477,HoReCa,Coast,19.0,53.4,1,0,0,94.0,0.314,25–50%
L05853,Fresh cream 250ml,O01183,Wholesaler,Coast,36.86,46.4,1,1,0,92.0,0.313,25–50%
L06863,Mozzarella 500g (food service),O01118,HoReCa,Nairobi,15.14,33.3,0,0,0,104.3,0.311,25–50%
L01794,Drinking yoghurt mango 250ml,O00877,Supermarket,Coast,98.57,36.6,0,0,0,91.1,0.309,25–50%
L05091,Feta 200g,O00166,Petrol station,Nairobi,49.71,18.9,1,0,1,107.2,0.308,25–50%
L06920,Mozzarella 500g (food service),O00466,Duka,Central,7.57,40.5,0,1,0,95.6,0.306,25–50%
L04755,Smoked chicken slices 150g,O00299,Petrol station,Nyanza,54.29,50.3,1,0,1,106.6,0.306,25–50%
L06790,Mozzarella 500g (food service),O02199,HoReCa,Central,17.29,25.8,0,0,0,94.3,0.305,25–50%
L06224,Fruit ice lolly 6-pack,O00598,Duka,Coast,30.14,39.3,1,1,0,94.3,0.302,25–50%
L03807,Strawberry milk 500ml,O02580,Supermarket,Nyanza,70.43,44.4,0,1,0,97.4,0.302,25–50%
L05370,Natural set yoghurt 1kg,O02422,Wholesaler,Coast,44.86,43.2,1,0,0,86.7,0.298,25–50%
L04698,Smoked chicken slices 150g,O01588,Petrol station,Nairobi,56.29,37.8,0,1,0,111.5,0.298,25–50%
L05508,Feta 200g,O01718,Duka,Rift Valley,43.43,48.6,0,0,0,113.9,0.296,25–50%
L06590,Mozzarella 500g (food service),O00747,Supermarket,Rift Valley,19.71,34.1,1,0,1,106.4,0.295,25–50%
L05133,Feta 200g,O01715,Duka,Rift Valley,48.57,38.4,1,0,0,103.2,0.294,25–50%
L04582,Smoked chicken slices 150g,O00464,Supermarket,Coast,58.14,50.9,1,1,1,110.9,0.294,25–50%
L06567,Fruit ice lolly 6-pack,O02171,Petrol station,Central,20.43,23.1,0,1,0,93.1,0.292,25–50%
L05696,Fresh cream 250ml,O01012,Supermarket,Nairobi,38.14,14.7,0,1,1,94.7,0.292,25–50%
L06770,Mozzarella 500g (food service),O00383,HoReCa,Western,17.57,43.4,0,0,0,98.9,0.291,25–50%
L06375,Fruit ice lolly 6-pack,O01295,Wholesaler,Coast,28.71,38.7,1,0,0,94.3,0.289,25–50%
L06026,Fresh cream 250ml,O01371,Duka,Nairobi,34.71,54.1,1,1,0,102.9,0.286,25–50%
L05682,Natural set yoghurt 1kg,O00373,Petrol station,Central,39.0,37.5,1,0,1,97.7,0.285,25–50%
L06889,Mozzarella 500g (food service),O02245,Petrol station,Coast,13.14,54.2,0,1,0,95.4,0.285,25–50%
L06624,Mozzarella 500g (food service),O01954,Supermarket,Rift Valley,19.43,16.8,0,1,1,97.3,0.285,25–50%
L06793,Mozzarella 500g (food service),O01616,HoReCa,Central,17.14,20.3,0,1,0,95.0,0.284,25–50%
L06344,Fruit ice lolly 6-pack,O01064,Wholesaler,Nairobi,29.0,23.4,0,0,0,100.6,0.284,25–50%
L05969,Fresh cream 250ml,O02110,Duka,Central,35.57,69.3,1,0,0,108.3,0.283,25–50%
L04868,Feta 200g,O02233,Duka,Rift Valley,52.29,38.3,0,0,0,109.1,0.281,25–50%
L04406,Smoked chicken slices 150g,O01199,Supermarket,Central,59.57,33.6,1,1,1,110.7,0.281,25–50%
L06904,Mozzarella 500g (food service),O01532,Duka,Central,12.0,43.3,0,1,1,110.8,0.281,25–50%
L05940,Fresh cream 250ml,O01917,Supermarket,Nairobi,35.86,27.6,0,1,0,96.0,0.28,25–50%
L02107,Drinking yoghurt mango 250ml,O00374,Petrol station,Nyanza,94.14,55.0,1,0,1,104.4,0.28,25–50%
L06739,Mozzarella 500g (food service),O01571,HoReCa,Rift Valley,18.14,48.8,1,0,0,102.0,0.277,25–50%
L06410,Fruit ice lolly 6-pack,O01601,Duka,Rift Valley,28.29,38.1,1,0,1,93.8,0.277,25–50%
L06794,Mozzarella 500g (food service),O01652,HoReCa,Nyanza,17.14,52.3,1,1,0,103.7,0.276,25–50%
L06902,Mozzarella 500g (food service),O02073,HoReCa,Coast,12.14,36.3,0,1,0,91.4,0.274,25–50%
L05327,Natural set yoghurt 1kg,O02513,Duka,Rift Valley,45.14,46.0,0,0,0,99.1,0.274,25–50%
L02473,Halloumi 250g,O02278,Supermarket,Rift Valley,88.71,5.6,0,1,1,122.9,0.273,25–50%
L06358,Fruit ice lolly 6-pack,O00381,Wholesaler,Coast,28.86,37.6,0,0,0,93.3,0.272,25–50%
L03907,Strawberry milk 500ml,O01752,Supermarket,Nairobi,67.14,24.9,1,1,1,95.5,0.27,25–50%
L05470,Natural set yoghurt 1kg,O00332,Petrol station,Nyanza,43.86,48.6,0,0,0,93.9,0.27,25–50%
L03418,Strawberry milk 500ml,O02521,Wholesaler,Nairobi,73.86,26.0,0,1,1,91.4,0.27,25–50%
L03846,Strawberry milk 500ml,O00248,Petrol station,Nairobi,69.43,50.9,1,0,0,93.7,0.265,25–50%
L05519,Natural set yoghurt 1kg,O02368,Duka,Coast,43.43,68.6,1,0,0,98.9,0.265,25–50%
L06802,Mozzarella 500g (food service),O01712,HoReCa,Nyanza,17.0,24.7,0,1,1,94.6,0.264,25–50%
L05956,Fresh cream 250ml,O02014,HoReCa,Nairobi,35.71,27.3,0,1,0,96.9,0.264,25–50%
L06428,Fruit ice lolly 6-pack,O01685,Wholesaler,Central,28.14,37.1,1,0,0,105.9,0.264,25–50%
L06822,Mozzarella 500g (food service),O02555,HoReCa,Nyanza,16.43,55.7,1,0,1,106.9,0.263,25–50%
L04688,Smoked chicken slices 150g,O00423,Wholesaler,Rift Valley,56.43,63.3,1,0,0,110.8,0.262,25–50%
L06502,Fruit ice lolly 6-pack,O02301,Petrol station,Central,26.29,33.5,0,0,0,91.5,0.262,25–50%
L02415,Beef breakfast sausages 500g,O00755,Petrol station,Nairobi,89.86,33.8,0,0,0,94.5,0.261,25–50%
L06562,Fruit ice lolly 6-pack,O00444,HoReCa,Central,22.14,26.6,0,0,0,98.5,0.261,25–50%
L06500,Fruit ice lolly 6-pack,O00620,HoReCa,Rift Valley,26.29,22.8,0,0,1,103.2,0.261,25–50%
L05329,Feta 200g,O01054,Petrol station,Western,45.0,45.8,0,0,0,102.4,0.26,25–50%
L05755,Fresh cream 250ml,O00861,Petrol station,Rift Valley,37.57,58.3,1,1,0,93.1,0.259,25–50%
L05741,Fresh cream 250ml,O01627,Supermarket,Coast,37.71,64.4,1,1,0,100.5,0.257,25–50%
L06741,Mozzarella 500g (food service),O02160,HoReCa,Nairobi,18.14,32.6,1,1,0,95.9,0.257,25–50%
L06803,Mozzarella 500g (food service),O02232,HoReCa,Rift Valley,17.0,47.6,1,0,0,92.6,0.256,25–50%
L01701,Drinking yoghurt mango 250ml,O00096,Duka,Nairobi,99.29,38.9,0,0,0,91.2,0.256,25–50%
L05848,Fresh cream 250ml,O02244,Duka,Nairobi,37.0,38.6,0,1,1,106.6,0.255,25–50%
L06685,Mozzarella 500g (food service),O00250,Supermarket,Central,18.71,29.3,1,1,1,101.3,0.255,25–50%
L06877,Mozzarella 500g (food service),O01370,HoReCa,Rift Valley,14.14,28.6,0,0,1,87.2,0.254,25–50%
L05828,Fresh cream 250ml,O01333,HoReCa,Rift Valley,37.14,36.5,0,0,1,100.1,0.254,25–50%
L04261,Choc-chip ice cream 500ml,O00281,Duka,Nyanza,63.57,40.9,0,0,0,104.3,0.254,25–50%
L06531,Fruit ice lolly 6-pack,O00561,Petrol station,Nyanza,25.14,43.3,0,1,0,99.5,0.254,25–50%
L06918,Mozzarella 500g (food service),O02591,HoReCa,Nairobi,9.0,38.6,0,0,0,104.6,0.254,25–50%
L06024,Fresh cream 250ml,O00480,Supermarket,Central,34.71,34.2,0,1,1,99.0,0.253,25–50%
L03613,Strawberry milk 500ml,O00111,Wholesaler,Coast,72.43,45.6,0,0,1,89.3,0.252,25–50%
L06711,Mozzarella 500g (food service),O02090,HoReCa,Nairobi,18.57,34.3,1,1,0,94.1,0.251,25–50%
L04593,Smoked chicken slices 150g,O02272,HoReCa,Central,58.14,18.2,0,1,1,104.2,0.251,25–50%
L05694,Fresh cream 250ml,O00503,HoReCa,Nairobi,38.14,31.3,0,0,1,99.7,0.249,10–25%
L05295,Natural set yoghurt 1kg,O00346,Wholesaler,Rift Valley,45.29,40.0,0,0,0,87.8,0.248,10–25%
L06703,Mozzarella 500g (food service),O00390,Wholesaler,Nairobi,18.57,29.7,0,1,0,90.1,0.248,10–25%
L06658,Mozzarella 500g (food service),O00649,HoReCa,Rift Valley,19.0,46.3,1,0,0,94.5,0.246,10–25%
L05578,Natural set yoghurt 1kg,O00502,Petrol station,Nairobi,42.43,17.5,0,1,1,92.9,0.246,10–25%
L05759,Fresh cream 250ml,O01136,Supermarket,Western,37.57,45.8,0,1,0,90.6,0.244,10–25%
L05243,Natural set yoghurt 1kg,O02188,Duka,Rift Valley,45.71,37.1,0,1,0,89.0,0.244,10–25%
L01506,Drinking yoghurt mango 250ml,O02130,Supermarket,Nyanza,100.57,61.1,1,0,0,98.8,0.244,10–25%
L06487,Fruit ice lolly 6-pack,O01609,HoReCa,Nairobi,26.71,16.5,0,0,0,92.0,0.244,10–25%
L05765,Fresh cream 250ml,O01680,HoReCa,Nairobi,37.57,41.2,0,1,0,108.8,0.244,10–25%
L05381,Natural set yoghurt 1kg,O01361,Petrol station,Western,44.71,43.4,1,1,0,92.5,0.243,10–25%
L06501,Fruit ice lolly 6-pack,O00896,Duka,Nyanza,26.29,56.4,0,0,0,101.6,0.243,10–25%
L06483,Fruit ice lolly 6-pack,O01934,HoReCa,Rift Valley,26.86,38.1,0,0,0,105.2,0.243,10–25%
L06885,Mozzarella 500g (food service),O00664,Petrol station,Nyanza,13.14,53.0,1,1,1,102.5,0.241,10–25%
L05128,Feta 200g,O00279,Duka,Western,48.71,48.3,0,0,0,105.5,0.24,10–25%
L06065,Fresh cream 250ml,O01984,Petrol station,Nairobi,33.71,53.5,1,0,1,98.8,0.239,10–25%
L05579,Natural set yoghurt 1kg,O00649,HoReCa,Rift Valley,42.43,34.3,0,0,0,101.4,0.239,10–25%
L05970,Fresh cream 250ml,O02334,Supermarket,Rift Valley,35.57,53.8,0,1,1,112.9,0.239,10–25%
L05090,Feta 200g,O02480,Duka,Western,49.86,49.9,1,1,0,113.3,0.239,10–25%
L06497,Fruit ice lolly 6-pack,O00986,HoReCa,Nairobi,26.43,27.8,0,0,0,105.9,0.239,10–25%
L06692,Mozzarella 500g (food service),O01042,Wholesaler,Nairobi,18.71,32.8,0,0,0,92.7,0.238,10–25%
L06459,Fruit ice lolly 6-pack,O01427,Duka,Central,27.43,47.7,0,0,0,102.5,0.238,10–25%
L04765,Smoked chicken slices 150g,O01302,Supermarket,Rift Valley,53.57,42.5,1,0,1,103.1,0.238,10–25%
L06015,Fresh cream 250ml,O00747,Supermarket,Rift Valley,34.86,43.5,1,1,1,103.9,0.237,10–25%
L06545,Fruit ice lolly 6-pack,O01937,Duka,Central,24.29,53.0,1,0,0,105.0,0.236,10–25%
L05821,Fresh cream 250ml,O00140,Supermarket,Nairobi,37.14,45.4,1,1,0,101.6,0.236,10–25%
L06682,Mozzarella 500g (food service),O00133,Wholesaler,Nairobi,18.71,42.7,1,0,0,89.7,0.235,10–25%
L01440,Drinking yoghurt mango 250ml,O01355,Duka,Nairobi,100.86,63.6,1,0,0,103.5,0.235,10–25%
L05855,Fresh cream 250ml,O02033,Wholesaler,Nairobi,36.86,40.8,0,0,1,97.0,0.234,10–25%
L05636,Natural set yoghurt 1kg,O01609,HoReCa,Nairobi,41.29,22.6,0,1,0,103.9,0.234,10–25%
L05358,Natural set yoghurt 1kg,O00856,Supermarket,Rift Valley,44.86,36.2,0,1,0,97.2,0.234,10–25%
L06438,Fruit ice lolly 6-pack,O01999,Supermarket,Coast,28.0,39.7,1,1,0,96.7,0.233,10–25%
L06906,Mozzarella 500g (food service),O00219,HoReCa,Nairobi,11.71,42.2,0,0,0,101.5,0.233,10–25%
L06424,Fruit ice lolly 6-pack,O01209,Supermarket,Nyanza,28.14,34.6,0,1,0,102.9,0.233,10–25%
L05233,Natural set yoghurt 1kg,O01358,Supermarket,Central,45.71,35.6,1,1,0,99.0,0.232,10–25%
L05145,Feta 200g,O00967,Duka,Rift Valley,48.14,39.5,1,1,0,105.2,0.232,10–25%
L06808,Mozzarella 500g (food service),O01315,HoReCa,Nyanza,16.86,62.0,1,0,0,98.3,0.232,10–25%
L03077,Salted butter 250g,O01799,Duka,Central,80.43,25.3,0,1,0,107.4,0.232,10–25%
L05524,Natural set yoghurt 1kg,O01116,Petrol station,Nairobi,43.29,27.7,0,1,1,99.5,0.231,10–25%
L02268,Beef breakfast sausages 500g,O01618,Duka,Nairobi,92.86,30.2,0,0,0,94.7,0.228,10–25%
L06499,Fruit ice lolly 6-pack,O00136,Petrol station,Nyanza,26.29,41.9,0,1,0,97.3,0.228,10–25%
L06448,Fruit ice lolly 6-pack,O00877,Supermarket,Coast,27.71,48.7,1,1,0,106.9,0.228,10–25%
L06804,Mozzarella 500g (food service),O02551,Petrol station,Western,17.0,71.5,1,0,0,97.1,0.227,10–25%
L05617,Natural set yoghurt 1kg,O00529,Duka,Coast,41.57,62.9,0,0,0,93.2,0.227,10–25%
L06757,Mozzarella 500g (food service),O01950,Supermarket,Western,18.0,47.5,0,1,1,108.2,0.227,10–25%
L06460,Fruit ice lolly 6-pack,O01517,Duka,Rift Valley,27.43,54.6,0,0,0,101.7,0.227,10–25%
L05251,Natural set yoghurt 1kg,O00881,Supermarket,Nyanza,45.57,50.0,1,1,0,102.6,0.226,10–25%
L05738,Fresh cream 250ml,O01088,Supermarket,Central,37.71,38.9,1,1,1,105.1,0.223,10–25%
L05973,Fresh cream 250ml,O00771,Wholesaler,Nairobi,35.43,31.3,0,1,1,101.9,0.222,10–25%
L05931,Fresh cream 250ml,O01879,Wholesaler,Nairobi,36.0,40.7,0,0,1,93.2,0.222,10–25%
L04295,Choc-chip ice cream 500ml,O00784,Duka,Nairobi,62.71,20.9,0,0,0,101.2,0.222,10–25%
L06862,Mozzarella 500g (food service),O00895,HoReCa,Western,15.14,56.3,1,0,0,100.0,0.221,10–25%
L06277,Fresh cream 250ml,O02507,Duka,Nyanza,29.71,86.1,1,0,0,102.0,0.219,10–25%
L06633,Mozzarella 500g (food service),O01949,Duka,Nairobi,19.29,62.3,0,0,0,104.3,0.219,10–25%
L06732,Mozzarella 500g (food service),O00070,Wholesaler,Nairobi,18.14,37.2,1,0,1,93.9,0.218,10–25%
L01707,Drinking yoghurt mango 250ml,O00911,Duka,Western,99.29,46.2,0,1,0,94.5,0.217,10–25%
L03643,Strawberry milk 500ml,O01242,Supermarket,Coast,72.29,43.9,1,1,1,93.3,0.216,10–25%
L06338,Fruit ice lolly 6-pack,O02350,Wholesaler,Nairobi,29.14,30.7,1,0,0,92.2,0.215,10–25%
L01585,Drinking yoghurt mango 250ml,O02543,Supermarket,Nairobi,100.14,22.1,0,1,1,109.1,0.215,10–25%
L06736,Mozzarella 500g (food service),O01008,Supermarket,Nyanza,18.14,43.8,1,1,1,100.5,0.215,10–25%
L04485,Smoked chicken slices 150g,O00855,Wholesaler,Nairobi,59.0,43.1,1,0,1,108.0,0.212,10–25%
L05812,Fresh cream 250ml,O02035,Duka,Nairobi,37.29,65.7,0,0,0,104.2,0.212,10–25%
L06799,Mozzarella 500g (food service),O00397,Petrol station,Rift Valley,17.0,60.0,0,0,0,102.8,0.212,10–25%
L06610,Mozzarella 500g (food service),O00014,HoReCa,Nairobi,19.43,41.2,0,0,0,98.2,0.212,10–25%
L01289,Vanilla bean ice cream 1L,O01886,Petrol station,Nairobi,104.86,29.6,1,1,0,108.6,0.211,10–25%
L05557,Natural set yoghurt 1kg,O00583,Supermarket,Coast,42.71,53.5,1,1,1,105.9,0.211,10–25%
L05225,Natural set yoghurt 1kg,O00634,Petrol station,Western,45.71,64.3,0,0,0,95.6,0.21,10–25%
L04953,Feta 200g,O01709,Duka,Nairobi,51.57,29.1,1,0,1,105.0,0.21,10–25%
L03683,Salted butter 250g,O02199,HoReCa,Central,71.86,21.6,1,0,0,112.9,0.21,10–25%
L06413,Fruit ice lolly 6-pack,O02299,Duka,Coast,28.29,55.3,0,0,1,100.5,0.21,10–25%
L01356,Vanilla bean ice cream 1L,O01585,Duka,Rift Valley,103.29,25.6,0,0,0,110.1,0.209,10–25%
L05485,Natural set yoghurt 1kg,O00908,Supermarket,Rift Valley,43.71,48.1,1,1,0,106.1,0.208,10–25%
L06598,Mozzarella 500g (food service),O00499,HoReCa,Western,19.57,52.1,0,1,0,105.1,0.208,10–25%
L01592,Drinking yoghurt mango 250ml,O00777,Supermarket,Coast,100.0,61.7,1,1,0,96.2,0.208,10–25%
L05768,Fresh cream 250ml,O02066,Supermarket,Coast,37.57,48.9,1,1,1,96.3,0.207,10–25%
L02269,Beef breakfast sausages 500g,O01638,Supermarket,Central,92.86,31.9,0,0,1,102.7,0.206,10–25%
L01516,Drinking yoghurt mango 250ml,O00289,HoReCa,Central,100.43,24.0,0,0,1,96.3,0.206,10–25%
L02213,Beef breakfast sausages 500g,O01199,Supermarket,Central,93.43,26.6,1,1,1,109.2,0.206,10–25%
L06897,Mozzarella 500g (food service),O01554,Wholesaler,Rift Valley,12.43,62.4,0,0,0,103.1,0.206,10–25%
L04652,Smoked chicken slices 150g,O00238,Supermarket,Nairobi,57.14,44.6,1,1,1,120.9,0.206,10–25%
L06023,Fresh cream 250ml,O00191,Petrol station,Nairobi,34.71,64.7,1,0,0,92.9,0.205,10–25%
L04605,Smoked chicken slices 150g,O01027,Supermarket,Central,57.86,61.3,1,0,0,108.2,0.205,10–25%
L06684,Mozzarella 500g (food service),O00238,Supermarket,Nairobi,18.71,36.9,1,1,1,103.8,0.205,10–25%
L04456,Choc-chip ice cream 500ml,O01243,Duka,Rift Valley,59.14,44.2,0,0,0,109.0,0.205,10–25%
L02141,Beef breakfast sausages 500g,O01113,Supermarket,Nairobi,94.0,29.4,1,0,1,104.0,0.205,10–25%
L02759,Halloumi 250g,O02509,Duka,Nyanza,85.14,56.4,0,0,0,123.1,0.204,10–25%
L01602,Drinking yoghurt mango 250ml,O01947,Supermarket,Central,100.0,47.8,1,0,0,91.5,0.204,10–25%
L05527,Natural set yoghurt 1kg,O02135,Supermarket,Western,43.29,54.3,1,0,1,106.8,0.204,10–25%
L03014,Salted butter 250g,O01575,Petrol station,Nyanza,80.86,31.1,0,0,1,106.5,0.204,10–25%
L06768,Mozzarella 500g (food service),O01620,Supermarket,Coast,17.71,56.9,1,1,0,98.4,0.203,10–25%
L06815,Mozzarella 500g (food service),O01932,Supermarket,Central,16.71,38.0,1,1,1,101.7,0.203,10–25%
L06388,Fruit ice lolly 6-pack,O00859,Wholesaler,Central,28.43,44.0,1,0,0,101.6,0.203,10–25%
L04709,Smoked chicken slices 150g,O02242,HoReCa,Nyanza,56.0,57.3,1,0,0,104.9,0.202,10–25%
L06672,Mozzarella 500g (food service),O00278,HoReCa,Nairobi,18.86,36.3,0,0,0,91.5,0.202,10–25%
L06776,Mozzarella 500g (food service),O00433,Supermarket,Nairobi,17.43,40.2,1,1,1,102.5,0.202,10–25%
L04938,Feta 200g,O01219,Duka,Nyanza,51.71,59.0,1,0,0,113.3,0.202,10–25%
L04450,Smoked chicken slices 150g,O02178,Wholesaler,Nairobi,59.29,41.7,0,0,0,102.2,0.201,10–25%
L06395,Fruit ice lolly 6-pack,O01780,Wholesaler,Central,28.43,20.0,1,0,1,95.6,0.2,10–25%
L06266,Fruit ice lolly 6-pack,O02192,Wholesaler,Nairobi,29.86,31.1,0,0,0,96.3,0.2,10–25%
L06841,Mozzarella 500g (food service),O01392,Duka,Central,15.86,47.9,0,0,1,95.8,0.199,10–25%
L05176,Natural set yoghurt 1kg,O00963,HoReCa,Central,46.14,34.0,0,0,0,93.7,0.199,10–25%
L02049,Beef breakfast sausages 500g,O01620,Supermarket,Coast,94.57,55.2,1,0,0,91.6,0.198,10–25%
L06909,Mozzarella 500g (food service),O01333,HoReCa,Rift Valley,11.29,33.5,1,0,1,90.1,0.197,10–25%
L05163,Feta 200g,O00109,Duka,Rift Valley,47.14,52.0,0,1,0,117.9,0.197,10–25%
L05111,Feta 200g,O00449,Petrol station,Nairobi,49.29,35.4,1,0,1,106.3,0.196,10–25%
L05373,Natural set yoghurt 1kg,O00164,Petrol station,Nyanza,44.71,55.3,0,0,0,92.5,0.196,10–25%
L04507,Smoked chicken slices 150g,O02168,Duka,Nairobi,58.86,62.6,0,0,0,105.8,0.195,10–25%
L02173,Beef breakfast sausages 500g,O02003,Petrol station,Central,93.86,44.1,0,1,0,98.4,0.195,10–25%
L01812,Drinking yoghurt mango 250ml,O01286,Supermarket,Coast,98.43,64.7,1,1,0,99.2,0.195,10–25%
L06356,Fruit ice lolly 6-pack,O02579,Supermarket,Western,29.0,54.1,1,0,0,98.4,0.194,10–25%
L05068,Feta 200g,O02352,Wholesaler,Rift Valley,50.29,37.8,1,0,0,95.2,0.193,10–25%
L05842,Fresh cream 250ml,O01220,Duka,Nairobi,37.0,56.8,1,1,0,89.9,0.193,10–25%
L04702,Smoked chicken slices 150g,O02236,Duka,Rift Valley,56.14,52.9,1,1,1,106.7,0.193,10–25%
L05493,Natural set yoghurt 1kg,O01685,Wholesaler,Central,43.71,42.2,1,0,0,89.7,0.193,10–25%
L06674,Mozzarella 500g (food service),O00811,Supermarket,Rift Valley,18.86,37.4,1,1,1,95.9,0.192,10–25%
L06056,Fresh cream 250ml,O01752,Supermarket,Nairobi,34.0,39.1,1,1,1,98.7,0.192,10–25%
L05880,Fresh cream 250ml,O00420,Petrol station,Central,36.57,51.9,1,1,1,98.7,0.192,10–25%
L05393,Natural set yoghurt 1kg,O00110,HoReCa,Coast,44.57,57.9,0,0,0,100.4,0.192,10–25%
L05859,Natural set yoghurt 1kg,O00260,Petrol station,Coast,36.71,46.7,0,1,1,89.2,0.192,10–25%
L03666,Strawberry milk 500ml,O02525,Duka,Nairobi,72.14,66.4,0,0,0,99.8,0.191,10–25%
L04297,Choc-chip ice cream 500ml,O01437,Duka,Western,62.71,55.2,0,0,0,112.2,0.19,10–25%
L01786,Drinking yoghurt mango 250ml,O00263,Wholesaler,Rift Valley,98.57,55.8,1,0,0,95.2,0.19,10–25%
L06720,Mozzarella 500g (food service),O01784,Supermarket,Coast,18.43,46.3,0,1,1,92.5,0.189,10–25%
L06698,Mozzarella 500g (food service),O02325,HoReCa,Rift Valley,18.71,66.6,0,0,0,109.7,0.189,10–25%
L06293,Fruit ice lolly 6-pack,O01355,Duka,Nairobi,29.57,46.6,0,0,0,95.0,0.189,10–25%
L05835,Fresh cream 250ml,O01911,Wholesaler,Central,37.14,50.6,1,0,1,92.5,0.189,10–25%
L06652,Mozzarella 500g (food service),O00057,Supermarket,Nairobi,19.0,44.1,1,1,1,110.6,0.189,10–25%
L01838,Drinking yoghurt mango 250ml,O01071,Supermarket,Coast,98.14,59.0,1,1,0,90.6,0.188,10–25%
L06634,Mozzarella 500g (food service),O02019,Duka,Rift Valley,19.29,72.1,1,0,0,99.4,0.188,10–25%
L05399,Natural set yoghurt 1kg,O01026,Duka,Western,44.57,52.9,1,0,1,101.3,0.188,10–25%
L06609,Mozzarella 500g (food service),O02122,HoReCa,Nairobi,19.57,50.5,0,0,0,93.9,0.187,10–25%
L03534,Strawberry milk 500ml,O02422,Wholesaler,Coast,73.14,72.1,0,0,0,93.6,0.187,10–25%
L04144,Choc-chip ice cream 500ml,O02054,Duka,Central,65.29,30.3,0,0,0,109.8,0.186,10–25%
L05834,Fresh cream 250ml,O01837,Supermarket,Rift Valley,37.14,58.4,1,1,0,101.0,0.186,10–25%
L03360,Salted butter 250g,O01261,HoReCa,Coast,75.43,27.3,1,0,0,101.6,0.185,10–25%
L02824,Halloumi 250g,O02026,Duka,Nairobi,82.29,36.1,0,0,1,119.5,0.185,10–25%
L05024,Feta 200g,O01191,Petrol station,Nairobi,50.86,58.8,0,0,0,116.9,0.185,10–25%
L03773,Strawberry milk 500ml,O02120,HoReCa,Nairobi,71.0,40.8,0,0,1,94.3,0.184,10–25%
L01013,Vanilla bean ice cream 1L,O02214,Duka,Nairobi,107.57,46.4,1,1,0,108.0,0.184,10–25%
L06192,Fruit ice lolly 6-pack,O01198,Petrol station,Rift Valley,30.43,49.5,0,0,1,103.5,0.183,10–25%
L05544,Natural set yoghurt 1kg,O02479,Supermarket,Nyanza,43.0,48.5,1,1,0,90.6,0.183,10–25%
L06600,Mozzarella 500g (food service),O00752,Supermarket,Nairobi,19.57,41.7,0,1,1,109.9,0.183,10–25%
L06830,Mozzarella 500g (food service),O00910,Wholesaler,Nairobi,16.14,51.0,1,0,0,94.0,0.183,10–25%
L03279,Salted butter 250g,O01080,Duka,Nairobi,78.0,25.2,0,0,0,100.0,0.182,10–25%
L06530,Fruit ice lolly 6-pack,O00268,Duka,Western,25.14,58.9,0,0,1,101.2,0.182,10–25%
L05582,Natural set yoghurt 1kg,O01708,Supermarket,Coast,42.43,62.5,0,0,0,96.0,0.181,10–25%
L04376,Smoked chicken slices 150g,O01176,Duka,Coast,59.86,67.5,0,1,0,101.3,0.181,10–25%
L06298,Fruit ice lolly 6-pack,O02234,Supermarket,Coast,29.57,57.1,1,1,0,108.8,0.18,10–25%
L06135,Fruit ice lolly 6-pack,O00764,Wholesaler,Rift Valley,30.86,50.8,1,0,0,98.3,0.18,10–25%
L02719,Halloumi 250g,O01544,Supermarket,Nairobi,86.0,11.2,0,1,0,105.5,0.179,10–25%
L02290,Beef breakfast sausages 500g,O01520,HoReCa,Nyanza,92.57,57.8,0,0,0,110.4,0.179,10–25%
L04273,Choc-chip ice cream 500ml,O01962,Duka,Nyanza,63.43,55.7,0,0,0,113.5,0.179,10–25%
L02629,Halloumi 250g,O01520,HoReCa,Nyanza,87.29,43.3,0,0,0,114.8,0.179,10–25%
L06884,Mozzarella 500g (food service),O01044,Duka,Nairobi,13.29,73.9,1,0,0,106.8,0.179,10–25%
L06453,Fruit ice lolly 6-pack,O00583,Supermarket,Coast,27.57,53.6,1,0,1,104.8,0.179,10–25%
L05658,Natural set yoghurt 1kg,O02533,Duka,Central,40.43,54.9,0,0,0,96.5,0.179,10–25%
L06400,Fruit ice lolly 6-pack,O02475,Supermarket,Nairobi,28.43,40.6,1,0,0,97.0,0.179,10–25%
L05149,Feta 200g,O00897,Duka,Nairobi,48.0,46.2,1,0,0,104.9,0.179,10–25%
L04387,Smoked chicken slices 150g,O00163,Wholesaler,Central,59.71,57.0,1,0,0,96.4,0.179,10–25%
L06075,Fresh cream 250ml,O00680,HoReCa,Nairobi,33.29,33.9,0,1,1,96.7,0.178,10–25%
L01717,Drinking yoghurt mango 250ml,O01867,Duka,Nairobi,99.29,62.3,1,0,0,93.8,0.178,10–25%
L06418,Fruit ice lolly 6-pack,O00445,Duka,Central,28.14,40.8,0,0,0,92.4,0.178,10–25%
L05700,Fresh cream 250ml,O00263,Wholesaler,Rift Valley,38.0,43.6,0,1,0,84.0,0.178,10–25%
L05445,Natural set yoghurt 1kg,O00055,Supermarket,Western,44.14,60.8,1,1,0,112.2,0.178,10–25%
L06569,Mozzarella 500g (food service),O01115,Supermarket,Nyanza,20.14,40.7,1,1,1,91.6,0.177,10–25%
L02252,Beef breakfast sausages 500g,O00466,Duka,Central,93.0,53.0,1,0,0,94.0,0.177,10–25%
L06585,Mozzarella 500g (food service),O02391,Supermarket,Coast,19.86,62.0,1,1,1,101.4,0.177,10–25%
L06718,Mozzarella 500g (food service),O00739,Duka,Rift Valley,18.43,63.5,0,1,0,99.7,0.177,10–25%
L04403,Smoked chicken slices 150g,O00960,Supermarket,Coast,59.57,61.3,1,1,1,109.4,0.176,10–25%
L03765,Strawberry milk 500ml,O01199,Supermarket,Central,71.0,45.7,1,1,1,106.9,0.175,10–25%
L03147,Salted butter 250g,O00310,Petrol station,Coast,79.71,51.7,0,0,0,101.3,0.175,10–25%
L02663,Halloumi 250g,O01638,Supermarket,Central,86.86,25.0,0,1,1,120.7,0.174,10–25%
L04490,Smoked chicken slices 150g,O02084,HoReCa,Central,59.0,52.8,0,0,0,109.4,0.174,10–25%
L06690,Mozzarella 500g (food service),O00473,Supermarket,Nairobi,18.71,45.4,1,0,1,98.9,0.173,10–25%
L06901,Mozzarella 500g (food service),O01150,HoReCa,Central,12.14,57.2,1,0,0,99.9,0.173,10–25%
L06890,Mozzarella 500g (food service),O01807,Wholesaler,Nairobi,12.86,53.8,0,0,0,96.0,0.173,10–25%
L01323,Vanilla bean ice cream 1L,O02055,Supermarket,Rift Valley,104.0,35.8,1,0,1,111.6,0.172,10–25%
L05748,Fresh cream 250ml,O02521,Wholesaler,Nairobi,37.71,38.7,0,1,1,95.5,0.172,10–25%
L06603,Mozzarella 500g (food service),O01268,Supermarket,Coast,19.57,59.8,0,1,1,105.0,0.172,10–25%
L01455,Drinking yoghurt mango 250ml,O02572,Wholesaler,Central,100.86,46.8,1,1,1,96.5,0.172,10–25%
L06779,Mozzarella 500g (food service),O01436,HoReCa,Nairobi,17.43,59.0,1,0,0,98.2,0.172,10–25%
L03761,Strawberry milk 500ml,O00066,Wholesaler,Nairobi,71.0,40.7,0,1,1,101.3,0.171,10–25%
L06681,Mozzarella 500g (food service),O00092,HoReCa,Rift Valley,18.71,60.8,1,0,0,96.9,0.171,10–25%
L06614,Mozzarella 500g (food service),O00694,Supermarket,Central,19.43,44.8,0,1,1,109.7,0.171,10–25%
L06295,Fruit ice lolly 6-pack,O01638,Supermarket,Central,29.57,26.6,1,1,1,100.2,0.17,10–25%
L05782,Fresh cream 250ml,O01092,Supermarket,Nairobi,37.43,40.5,0,1,1,94.0,0.169,10–25%
L05141,Feta 200g,O00196,HoReCa,Nairobi,48.29,39.0,0,1,0,119.6,0.169,10–25%
L06383,Fruit ice lolly 6-pack,O02198,HoReCa,Western,28.57,55.1,0,0,0,105.9,0.168,10–25%
L05975,Fresh cream 250ml,O01099,Supermarket,Nyanza,35.43,60.3,1,1,1,100.5,0.168,10–25%
L06632,Mozzarella 500g (food service),O01893,Supermarket,Central,19.29,43.1,1,1,1,107.7,0.167,10–25%
L02531,Halloumi 250g,O00755,Petrol station,Nairobi,88.14,29.7,1,0,0,113.5,0.167,10–25%
L05571,Natural set yoghurt 1kg,O02101,Supermarket,Coast,42.57,58.1,0,1,0,94.8,0.167,10–25%
L06789,Mozzarella 500g (food service),O01808,Duka,Nairobi,17.29,65.0,1,0,0,97.3,0.167,10–25%
L01837,Drinking yoghurt mango 250ml,O00873,Petrol station,Nairobi,98.14,41.7,0,0,1,97.5,0.167,10–25%
L04969,Feta 200g,O01754,Petrol station,Rift Valley,51.43,48.2,0,0,0,96.2,0.166,10–25%
L03102,Salted butter 250g,O00192,Duka,Coast,80.14,65.8,0,0,0,115.8,0.165,10–25%
L06019,Fresh cream 250ml,O01181,Supermarket,Rift Valley,34.86,58.7,0,1,1,104.2,0.164,10–25%
L06696,Mozzarella 500g (food service),O02290,Supermarket,Western,18.71,49.2,0,1,1,100.9,0.164,10–25%
L06128,Fruit ice lolly 6-pack,O02289,Wholesaler,Rift Valley,31.0,35.5,0,1,1,107.3,0.164,10–25%
L05730,Fresh cream 250ml,O02479,Supermarket,Nyanza,37.86,67.3,1,1,0,95.5,0.164,10–25%
L06657,Mozzarella 500g (food service),O00491,HoReCa,Nairobi,19.0,55.7,0,0,0,106.5,0.163,10–25%
L03677,Strawberry milk 500ml,O01924,Petrol station,Central,72.0,52.5,0,1,0,91.3,0.162,10–25%
L06660,Mozzarella 500g (food service),O00800,Petrol station,Nairobi,19.0,55.1,1,0,1,97.6,0.162,10–25%
L02648,Halloumi 250g,O00801,HoReCa,Rift Valley,87.0,32.1,0,0,1,120.8,0.162,10–25%
L06811,Mozzarella 500g (food service),O01130,HoReCa,Western,16.71,71.9,1,0,0,95.3,0.162,10–25%
L04379,Smoked chicken slices 150g,O01755,Supermarket,Central,59.86,44.1,0,1,0,95.5,0.162,10–25%
L06717,Mozzarella 500g (food service),O00675,Petrol station,Coast,18.43,67.3,1,0,1,92.3,0.162,10–25%
L04975,Feta 200g,O00140,Supermarket,Nairobi,51.29,28.3,1,1,0,105.5,0.161,10–25%
L04893,Feta 200g,O00313,Petrol station,Rift Valley,52.0,31.9,0,0,1,94.6,0.161,10–25%
L05684,Natural set yoghurt 1kg,O01044,Duka,Nairobi,39.0,52.0,0,0,0,90.8,0.161,10–25%
L06644,Mozzarella 500g (food service),O01222,Supermarket,Nairobi,19.14,38.6,0,1,1,106.2,0.161,10–25%
L05888,Fresh cream 250ml,O02404,Wholesaler,Nyanza,36.57,61.3,0,0,1,87.1,0.161,10–25%
L06899,Mozzarella 500g (food service),O00243,Petrol station,Central,12.29,54.1,0,1,1,96.5,0.16,10–25%
L01625,Drinking yoghurt mango 250ml,O02025,Duka,Western,99.86,77.1,0,0,0,108.0,0.16,10–25%
L06556,Fruit ice lolly 6-pack,O01270,HoReCa,Rift Valley,23.14,45.2,0,0,0,92.4,0.159,10–25%
L06683,Mozzarella 500g (food service),O00194,Wholesaler,Nyanza,18.71,58.3,0,1,0,98.0,0.159,10–25%
L01932,Drinking yoghurt mango 250ml,O01198,Petrol station,Rift Valley,96.29,46.2,0,1,1,92.5,0.159,10–25%
L03916,Choc-chip ice cream 500ml,O01458,Duka,Rift Valley,67.0,57.3,0,0,0,115.2,0.158,10–25%
L03605,Strawberry milk 500ml,O01310,HoReCa,Nairobi,72.57,48.8,0,1,1,103.6,0.158,10–25%
L01851,Drinking yoghurt mango 250ml,O01809,Duka,Central,98.0,74.6,1,0,0,103.3,0.158,10–25%
L06477,Fruit ice lolly 6-pack,O01147,Duka,Nairobi,27.0,58.5,0,0,0,112.2,0.157,10–25%
L04937,Feta 200g,O01136,Supermarket,Western,51.71,56.3,1,0,0,111.0,0.157,10–25%
L06618,Mozzarella 500g (food service),O00979,Wholesaler,Nairobi,19.43,45.5,0,0,0,88.0,0.157,10–25%
L04635,Smoked chicken slices 150g,O01707,Supermarket,Coast,57.43,79.1,1,1,0,116.2,0.156,10–25%
L06744,Mozzarella 500g (food service),O02387,Supermarket,Rift Valley,18.14,46.3,1,1,1,108.4,0.156,10–25%
L01441,Drinking yoghurt mango 250ml,O01362,Duka,Coast,100.86,72.9,0,0,0,96.4,0.156,10–25%
L06372,Fruit ice lolly 6-pack,O00460,Petrol station,Nyanza,28.71,36.4,0,1,1,92.3,0.155,10–25%
L03533,Strawberry milk 500ml,O02350,Wholesaler,Nairobi,73.14,57.8,1,0,0,96.7,0.154,10–25%
L06461,Fruit ice lolly 6-pack,O02226,HoReCa,Central,27.43,39.7,0,1,0,101.2,0.154,10–25%
L05621,Natural set yoghurt 1kg,O02448,HoReCa,Rift Valley,41.57,49.4,0,0,0,92.7,0.154,10–25%
L01476,Drinking yoghurt mango 250ml,O01614,Supermarket,Coast,100.71,76.3,1,0,1,104.8,0.154,10–25%
L06787,Mozzarella 500g (food service),O01692,HoReCa,Nyanza,17.29,63.6,1,1,0,97.1,0.154,10–25%
L04484,Smoked chicken slices 150g,O00580,Supermarket,Rift Valley,59.0,48.0,1,1,1,104.6,0.154,10–25%
L06605,Mozzarella 500g (food service),O01460,HoReCa,Rift Valley,19.57,54.3,0,0,0,92.2,0.152,10–25%
L06923,Mozzarella 500g (food service),O00508,HoReCa,Nairobi,6.29,34.9,1,1,0,96.9,0.152,10–25%
L06617,Mozzarella 500g (food service),O00966,Supermarket,Nairobi,19.43,49.5,0,1,0,96.8,0.152,10–25%
L02828,Salted butter 250g,O00640,Supermarket,Coast,82.14,40.4,0,0,0,104.9,0.151,10–25%
L05919,Natural set yoghurt 1kg,O02473,HoReCa,Coast,36.14,81.9,1,0,0,103.7,0.15,10–25%
L02649,Halloumi 250g,O00839,Supermarket,Nairobi,87.0,26.9,0,0,0,111.1,0.148,10–25%
L03334,Salted butter 250g,O01185,Duka,Rift Valley,76.57,30.4,0,0,0,88.0,0.148,10–25%
L05310,Natural set yoghurt 1kg,O02082,Wholesaler,Nairobi,45.29,47.8,1,0,0,94.0,0.148,10–25%
L06678,Mozzarella 500g (food service),O01998,Petrol station,Central,18.86,56.3,0,0,1,92.7,0.148,10–25%
L06489,Fruit ice lolly 6-pack,O00738,Petrol station,Western,26.57,65.0,0,0,0,93.4,0.147,10–25%
L01670,Drinking yoghurt mango 250ml,O02065,Supermarket,Central,99.57,49.2,1,1,1,105.1,0.147,10–25%
L06900,Mozzarella 500g (food service),O01780,Wholesaler,Central,12.29,47.2,0,0,1,95.2,0.147,10–25%
L06616,Mozzarella 500g (food service),O00929,Wholesaler,Coast,19.43,83.3,1,0,0,100.7,0.147,10–25%
L02776,Halloumi 250g,O01922,HoReCa,Nairobi,84.57,14.2,0,0,1,107.5,0.147,10–25%
L06765,Mozzarella 500g (food service),O02516,Duka,Rift Valley,17.86,66.6,0,1,0,98.6,0.146,10–25%
L06087,Fresh cream 250ml,O01352,Wholesaler,Western,32.71,76.7,0,0,0,89.4,0.145,10–25%
L06668,Mozzarella 500g (food service),O02185,Supermarket,Coast,19.0,60.3,0,1,1,99.5,0.145,10–25%
L01062,Vanilla bean ice cream 1L,O02093,Supermarket,Coast,107.29,54.3,1,0,1,99.7,0.144,10–25%
L02033,Beef breakfast sausages 500g,O00094,Petrol station,Coast,94.57,67.3,0,0,0,95.9,0.144,10–25%
L02425,Drinking yoghurt mango 250ml,O01240,Duka,Nairobi,89.43,46.0,0,0,1,101.0,0.144,10–25%
L06137,Fruit ice lolly 6-pack,O00893,HoReCa,Coast,30.86,56.2,1,0,0,98.8,0.144,10–25%
L06622,Mozzarella 500g (food service),O01786,Supermarket,Central,19.43,53.9,0,1,1,107.8,0.144,10–25%
L06321,Fruit ice lolly 6-pack,O00626,Duka,Coast,29.29,62.8,0,0,1,100.6,0.144,10–25%
L01845,Drinking yoghurt mango 250ml,O00473,Supermarket,Nairobi,98.0,52.7,1,1,1,109.6,0.144,10–25%
L03987,Choc-chip ice cream 500ml,O01863,Duka,Nairobi,66.43,45.3,0,0,0,108.1,0.143,10–25%
L06132,Fruit ice lolly 6-pack,O00140,Supermarket,Nairobi,30.86,20.3,0,1,0,88.6,0.143,10–25%
L06486,Fruit ice lolly 6-pack,O00504,HoReCa,Central,26.71,39.8,0,0,1,108.3,0.143,10–25%
L02275,Beef breakfast sausages 500g,O00353,Duka,Central,92.71,52.7,0,0,0,95.2,0.143,10–25%
L06244,Fruit ice lolly 6-pack,O01136,Supermarket,Western,30.0,52.2,1,0,0,92.7,0.143,10–25%
L01661,Drinking yoghurt mango 250ml,O00856,Supermarket,Rift Valley,99.57,51.3,1,1,0,95.3,0.142,10–25%
L04343,Choc-chip ice cream 500ml,O01125,Duka,Western,60.57,52.5,0,0,0,104.6,0.142,10–25%
L00920,Mature cheddar 200g,O00188,Supermarket,Central,109.71,33.9,1,1,1,114.6,0.142,10–25%
L05447,Natural set yoghurt 1kg,O01033,Petrol station,Rift Valley,44.14,61.6,0,0,0,97.5,0.141,10–25%
L05695,Fresh cream 250ml,O00863,Supermarket,Nairobi,38.14,59.2,1,1,1,107.9,0.141,10–25%
L03758,Strawberry milk 500ml,O02244,Duka,Nairobi,71.14,66.0,1,0,1,100.2,0.141,10–25%
L05916,Fresh cream 250ml,O02343,Supermarket,Nyanza,36.29,72.8,1,1,1,110.7,0.141,10–25%
L06385,Fruit ice lolly 6-pack,O02511,Wholesaler,Rift Valley,28.57,40.2,1,0,0,84.6,0.141,10–25%
L02443,Halloumi 250g,O01756,Supermarket,Western,89.0,47.3,1,1,0,115.0,0.14,10–25%
L06333,Fruit ice lolly 6-pack,O01177,Supermarket,Nairobi,29.14,37.1,1,0,1,96.7,0.14,10–25%
L06858,Mozzarella 500g (food service),O01766,Wholesaler,Nairobi,15.29,49.5,1,0,1,96.7,0.139,10–25%
L01728,Drinking yoghurt mango 250ml,O01174,Duka,Rift Valley,99.14,51.5,0,0,1,97.9,0.139,10–25%
L04855,Feta 200g,O00289,HoReCa,Central,52.29,36.4,0,0,1,106.8,0.138,10–25%
L06913,Mozzarella 500g (food service),O01391,Petrol station,Central,10.86,71.0,1,1,0,105.1,0.138,10–25%
L03169,Salted butter 250g,O00739,Duka,Rift Valley,79.57,41.9,0,0,0,107.1,0.138,10–25%
L04505,Smoked chicken slices 150g,O01946,Wholesaler,Rift Valley,58.86,69.3,0,0,0,108.2,0.138,10–25%
L01588,Drinking yoghurt mango 250ml,O00346,Wholesaler,Rift Valley,100.0,61.8,0,0,0,97.6,0.138,10–25%
L05317,Natural set yoghurt 1kg,O00877,Supermarket,Coast,45.14,57.3,0,1,0,90.2,0.138,10–25%
L06140,Fruit ice lolly 6-pack,O01432,Supermarket,Nairobi,30.86,32.9,1,1,1,104.4,0.137,10–25%
L05920,Fresh cream 250ml,O00057,Supermarket,Nairobi,36.14,42.4,1,1,1,93.3,0.137,10–25%
L03394,Strawberry milk 500ml,O01352,Wholesaler,Western,74.0,71.3,0,0,0,88.5,0.137,10–25%
L04316,Choc-chip ice cream 500ml,O02231,Duka,Nairobi,61.86,41.1,0,0,0,102.7,0.137,10–25%
L04656,Choc-chip ice cream 500ml,O00348,Petrol station,Nairobi,57.0,38.2,0,1,0,106.1,0.137,10–25%
L05611,Natural set yoghurt 1kg,O01037,Wholesaler,Central,41.71,37.5,0,1,0,88.0,0.136,10–25%
L05379,Natural set yoghurt 1kg,O01175,Duka,Rift Valley,44.71,51.7,0,1,0,82.8,0.136,10–25%
L06270,Fruit ice lolly 6-pack,O02494,Duka,Rift Valley,29.86,68.3,1,0,0,100.2,0.136,10–25%
L04864,Feta 200g,O01940,Petrol station,Central,52.29,52.6,0,0,1,113.0,0.136,10–25%
L04745,Smoked chicken slices 150g,O02232,HoReCa,Rift Valley,54.71,62.6,0,0,0,104.1,0.136,10–25%
L06544,Fruit ice lolly 6-pack,O01331,Petrol station,Nairobi,24.29,48.4,0,0,1,100.9,0.136,10–25%
L05844,Fresh cream 250ml,O01483,Wholesaler,Nairobi,37.0,67.7,0,0,1,111.8,0.135,10–25%
L04909,Feta 200g,O02094,Duka,Western,52.0,77.3,0,0,0,108.7,0.135,10–25%
L02860,Salted butter 250g,O02254,Duka,Nyanza,81.86,43.7,0,0,0,94.7,0.134,10–25%
L06615,Mozzarella 500g (food service),O00852,Supermarket,Coast,19.43,77.6,1,1,0,99.5,0.134,10–25%
L06755,Mozzarella 500g (food service),O01529,Wholesaler,Coast,18.0,66.9,1,1,1,95.1,0.134,10–25%
L01471,Drinking yoghurt mango 250ml,O01302,Supermarket,Rift Valley,100.71,44.5,0,1,1,106.0,0.134,10–25%
L06896,Mozzarella 500g (food service),O01421,HoReCa,Nairobi,12.43,32.8,0,1,1,91.1,0.134,10–25%
L03294,Salted butter 250g,O00162,Duka,Nairobi,77.57,47.4,0,0,0,108.8,0.134,10–25%
L05653,Natural set yoghurt 1kg,O00306,Duka,Coast,40.57,54.7,0,1,1,93.0,0.133,10–25%
L04930,Feta 200g,O00185,Wholesaler,Coast,51.71,61.1,0,0,0,96.7,0.133,10–25%
L05369,Natural set yoghurt 1kg,O02301,Petrol station,Central,44.86,67.5,1,0,0,92.9,0.133,10–25%
L06331,Fruit ice lolly 6-pack,O00604,Supermarket,Western,29.14,52.9,1,1,0,100.2,0.133,10–25%
L06771,Mozzarella 500g (food service),O00394,Wholesaler,Central,17.57,61.8,0,0,0,98.5,0.133,10–25%
L06670,Mozzarella 500g (food service),O00075,HoReCa,Nyanza,18.86,51.7,1,1,1,93.8,0.133,10–25%
L02525,Halloumi 250g,O02387,Supermarket,Rift Valley,88.29,32.9,0,1,1,117.0,0.132,10–25%
L01850,Drinking yoghurt mango 250ml,O01144,HoReCa,Rift Valley,98.0,50.3,0,1,0,100.0,0.132,10–25%
L04835,Feta 200g,O00530,Wholesaler,Nairobi,52.43,39.7,1,0,0,98.7,0.132,10–25%
L05734,Fresh cream 250ml,O00869,Supermarket,Rift Valley,37.71,69.3,1,1,1,106.4,0.132,10–25%
L06528,Fruit ice lolly 6-pack,O00025,HoReCa,Nairobi,25.29,46.0,1,0,0,98.2,0.132,10–25%
L06689,Mozzarella 500g (food service),O00402,Petrol station,Coast,18.71,84.7,0,1,0,101.2,0.132,10–25%
L04895,Feta 200g,O00354,Duka,Nairobi,52.0,42.1,0,1,0,106.2,0.131,10–25%
L01507,Drinking yoghurt mango 250ml,O02148,Wholesaler,Nairobi,100.57,34.5,0,0,1,100.6,0.131,10–25%
L06309,Fruit ice lolly 6-pack,O01901,HoReCa,Nyanza,29.43,46.0,0,0,0,86.2,0.131,10–25%
L05385,Natural set yoghurt 1kg,O01848,Petrol station,Central,44.71,57.0,1,0,1,95.4,0.131,10–25%
L03808,Strawberry milk 500ml,O00328,Petrol station,Nairobi,70.29,37.1,0,1,1,81.8,0.131,10–25%
L06924,Mozzarella 500g (food service),O01592,HoReCa,Central,6.14,57.6,1,0,0,109.3,0.131,10–25%
L05954,Fresh cream 250ml,O01950,Supermarket,Western,35.71,72.5,0,1,1,106.9,0.13,10–25%
L06596,Mozzarella 500g (food service),O02364,Supermarket,Western,19.71,73.0,1,1,0,101.6,0.13,10–25%
L06630,Mozzarella 500g (food service),O01767,HoReCa,Rift Valley,19.29,60.4,1,0,1,103.3,0.13,10–25%
L03493,Strawberry milk 500ml,O00869,Supermarket,Rift Valley,73.29,53.6,0,1,1,95.1,0.13,10–25%
L03366,Salted butter 250g,O02200,Duka,Nairobi,75.14,27.9,0,0,1,101.6,0.13,10–25%
L03573,Strawberry milk 500ml,O01879,Wholesaler,Nairobi,72.86,46.0,0,1,1,89.6,0.129,10–25%
L05186,Natural set yoghurt 1kg,O01407,Wholesaler,Central,46.0,43.7,0,0,1,92.3,0.129,10–25%
L03819,Strawberry milk 500ml,O00950,Supermarket,Nairobi,70.14,68.1,1,0,0,94.3,0.129,10–25%
L06647,Mozzarella 500g (food service),O01519,Supermarket,Central,19.14,50.8,1,1,1,104.5,0.129,10–25%
L06853,Mozzarella 500g (food service),O01868,Supermarket,Nairobi,15.43,49.9,1,1,1,101.8,0.129,10–25%
L02519,Halloumi 250g,O01086,Supermarket,Nairobi,88.29,37.7,0,1,0,120.3,0.129,10–25%
L04502,Smoked chicken slices 150g,O01245,Supermarket,Nairobi,58.86,47.5,1,1,1,105.7,0.129,10–25%
L04114,Choc-chip ice cream 500ml,O01354,Duka,Coast,65.43,48.7,0,1,0,104.5,0.129,10–25%
L04734,Smoked chicken slices 150g,O02561,Petrol station,Nairobi,55.14,71.9,1,1,0,103.8,0.129,10–25%
L00965,Vanilla bean ice cream 1L,O01620,Supermarket,Coast,107.86,61.9,1,1,0,103.5,0.128,10–25%
L05663,Natural set yoghurt 1kg,O00385,HoReCa,Western,40.14,56.2,0,0,0,88.5,0.128,10–25%
L03411,Strawberry milk 500ml,O01456,Wholesaler,Nairobi,73.86,40.5,0,1,1,88.5,0.128,10–25%
L06761,Mozzarella 500g (food service),O01027,Supermarket,Central,17.86,61.1,1,1,0,101.9,0.128,10–25%
L02048,Beef breakfast sausages 500g,O01357,Supermarket,Central,94.57,39.3,1,1,1,96.4,0.128,10–25%
L06706,Mozzarella 500g (food service),O00930,HoReCa,Nairobi,18.57,56.2,1,0,0,94.3,0.128,10–25%
L05625,Natural set yoghurt 1kg,O01264,Supermarket,Nairobi,41.43,33.8,0,1,1,95.3,0.128,10–25%
L03370,Salted butter 250g,O02245,Petrol station,Coast,74.71,51.8,0,0,0,98.2,0.127,10–25%
L06381,Fruit ice lolly 6-pack,O01160,Petrol station,Nairobi,28.57,44.5,0,0,1,100.4,0.127,10–25%
L06488,Fruit ice lolly 6-pack,O01669,HoReCa,Rift Valley,26.71,41.6,0,0,1,94.1,0.127,10–25%
L03541,Strawberry milk 500ml,O00658,Petrol station,Central,73.0,44.4,0,1,1,76.0,0.126,10–25%
L02240,Beef breakfast sausages 500g,O00928,Duka,Rift Valley,93.14,40.3,1,1,1,93.2,0.126,10–25%
L04411,Smoked chicken slices 150g,O02101,Supermarket,Coast,59.57,79.5,1,0,0,100.5,0.126,10–25%
L06586,Fruit ice lolly 6-pack,O00306,Duka,Coast,19.71,59.8,0,1,1,104.7,0.126,10–25%
L04980,Feta 200g,O00549,Duka,Nyanza,51.29,75.4,0,0,0,107.7,0.126,10–25%
L06907,Mozzarella 500g (food service),O00258,Petrol station,Nairobi,11.71,60.2,1,1,1,105.0,0.125,10–25%
L03742,Strawberry milk 500ml,O01992,Supermarket,Nairobi,71.29,47.4,1,1,1,101.5,0.125,10–25%
L06828,Mozzarella 500g (food service),O01838,Petrol station,Nairobi,16.29,74.2,1,0,0,100.0,0.124,10–25%
L06664,Mozzarella 500g (food service),O01512,Supermarket,Western,19.0,75.5,0,0,0,93.5,0.124,10–25%
L06786,Mozzarella 500g (food service),O01632,Supermarket,Coast,17.29,68.1,1,1,1,99.7,0.123,10–25%
L05449,Natural set yoghurt 1kg,O01310,HoReCa,Nairobi,44.14,43.0,1,0,1,95.9,0.123,10–25%
L03544,Strawberry milk 500ml,O00958,Supermarket,Rift Valley,73.0,45.6,1,1,1,91.5,0.123,10–25%
L06240,Fruit ice lolly 6-pack,O00410,HoReCa,Central,30.0,46.8,1,1,0,107.3,0.123,10–25%
L04149,Choc-chip ice cream 500ml,O01203,Petrol station,Nairobi,65.14,39.0,1,1,1,114.6,0.123,10–25%
L06131,Fruit ice lolly 6-pack,O00033,Wholesaler,Central,30.86,56.1,0,0,0,100.3,0.123,10–25%
L05737,Fresh cream 250ml,O01066,Supermarket,Central,37.71,61.0,1,0,1,90.6,0.122,10–25%
L01658,Drinking yoghurt mango 250ml,O00460,Petrol station,Nyanza,99.57,56.3,0,1,1,100.8,0.122,10–25%
L02299,Beef breakfast sausages 500g,O00636,Petrol station,Nairobi,92.43,60.9,1,0,0,96.3,0.122,10–25%
L04309,Choc-chip ice cream 500ml,O02176,Duka,Central,62.29,49.0,0,0,0,112.4,0.122,10–25%
L01562,Drinking yoghurt mango 250ml,O02010,Supermarket,Rift Valley,100.29,66.2,1,1,1,111.5,0.122,10–25%
L03431,Strawberry milk 500ml,O01766,Wholesaler,Nairobi,73.71,41.1,1,1,1,93.9,0.121,10–25%
L04578,Smoked chicken slices 150g,O00188,Supermarket,Central,58.14,76.6,1,0,1,111.9,0.121,10–25%
L06176,Fruit ice lolly 6-pack,O01457,Wholesaler,Nyanza,30.57,51.5,0,0,0,83.9,0.121,10–25%
L03363,Salted butter 250g,O00768,Duka,Nairobi,75.29,34.1,1,0,0,101.2,0.121,10–25%
L01595,Drinking yoghurt mango 250ml,O01073,Wholesaler,Nyanza,100.0,61.0,0,0,0,94.2,0.121,10–25%
L05166,Feta 200g,O00242,HoReCa,Rift Valley,46.86,36.9,0,1,0,101.7,0.12,10–25%
L06390,Fruit ice lolly 6-pack,O01128,Supermarket,Nairobi,28.43,41.7,1,0,1,101.3,0.12,10–25%
L03964,Choc-chip ice cream 500ml,O02105,Supermarket,Coast,66.57,43.3,0,1,0,104.0,0.12,10–25%
L05976,Fresh cream 250ml,O01172,Supermarket,Western,35.43,73.8,1,1,0,94.1,0.12,10–25%
L04192,Choc-chip ice cream 500ml,O00792,Duka,Nairobi,64.71,36.9,0,0,1,107.6,0.12,10–25%
L06735,Mozzarella 500g (food service),O00951,Wholesaler,Rift Valley,18.14,73.3,0,0,0,100.0,0.12,10–25%
L04714,Smoked chicken slices 150g,O01776,HoReCa,Nairobi,55.86,75.4,1,0,0,114.5,0.12,10–25%
L06252,Fruit ice lolly 6-pack,O00735,Supermarket,Coast,29.86,64.1,1,1,0,102.5,0.119,10–25%
L05273,Natural set yoghurt 1kg,O00559,Supermarket,Nairobi,45.43,63.3,0,0,0,100.6,0.119,10–25%
L04332,Choc-chip ice cream 500ml,O01592,HoReCa,Central,61.14,41.2,0,0,0,103.7,0.119,10–25%
L05896,Fresh cream 250ml,O01779,Supermarket,Nyanza,36.43,84.1,1,0,0,92.4,0.119,10–25%
L03515,Strawberry milk 500ml,O00812,Wholesaler,Central,73.14,54.7,0,0,1,91.3,0.119,10–25%
L04396,Smoked chicken slices 150g,O00155,Wholesaler,Western,59.57,62.3,1,1,1,109.1,0.119,10–25%
L01723,Drinking yoghurt mango 250ml,O00295,HoReCa,Nairobi,99.14,58.1,0,0,0,103.4,0.119,10–25%
L06873,Mozzarella 500g (food service),O00755,Petrol station,Nairobi,14.29,71.9,0,1,0,102.4,0.119,10–25%
L05490,Natural set yoghurt 1kg,O01278,Duka,Central,43.71,75.5,1,0,0,97.6,0.119,10–25%
L05614,Feta 200g,O02405,Duka,Nairobi,41.57,42.9,0,1,1,104.5,0.119,10–25%
L03362,Salted butter 250g,O02390,Duka,Nairobi,75.43,40.2,0,0,1,115.4,0.119,10–25%
L06278,Fruit ice lolly 6-pack,O00455,Duka,Nairobi,29.71,51.0,1,0,1,104.6,0.118,10–25%
L06504,Fruit ice lolly 6-pack,O00327,Duka,Nyanza,26.14,66.1,0,0,0,94.3,0.118,10–25%
L05431,Natural set yoghurt 1kg,O00630,HoReCa,Central,44.29,41.6,0,0,1,98.4,0.118,10–25%
L01140,Vanilla bean ice cream 1L,O02237,Wholesaler,Nairobi,106.57,58.2,1,0,0,104.4,0.118,10–25%
L05049,Feta 200g,O00689,Duka,Central,50.43,56.1,0,0,0,96.6,0.118,10–25%
L05783,Fresh cream 250ml,O01127,Supermarket,Nairobi,37.43,50.8,0,1,1,98.1,0.118,10–25%
L04945,Feta 200g,O02348,Duka,Central,51.71,59.9,1,0,0,101.6,0.117,10–25%
L04418,Smoked chicken slices 150g,O00747,Supermarket,Rift Valley,59.43,56.7,0,1,1,119.0,0.117,10–25%
L04624,Smoked chicken slices 150g,O01160,Petrol station,Nairobi,57.57,68.7,1,0,1,103.2,0.117,10–25%
L03486,Strawberry milk 500ml,O02486,Supermarket,Coast,73.43,69.3,1,1,1,97.1,0.117,10–25%
L05314,Natural set yoghurt 1kg,O00069,Supermarket,Nairobi,45.14,63.8,1,0,0,100.6,0.117,10–25%
L02222,Beef breakfast sausages 500g,O02479,Supermarket,Nyanza,93.43,69.7,0,0,0,106.1,0.117,10–25%
L04351,Smoked chicken slices 150g,O01183,Wholesaler,Coast,60.14,92.2,1,0,0,103.0,0.117,10–25%
L05504,Natural set yoghurt 1kg,O01436,HoReCa,Nairobi,43.57,43.2,0,1,0,97.2,0.117,10–25%
L02569,Halloumi 250g,O01512,Supermarket,Western,87.86,59.9,0,0,0,116.3,0.116,10–25%
L01881,Drinking yoghurt mango 250ml,O01148,Supermarket,Nairobi,97.43,69.4,1,0,0,102.2,0.116,10–25%
L02051,Beef breakfast sausages 500g,O01758,Supermarket,Western,94.57,47.6,0,1,1,105.1,0.116,10–25%
L01634,Drinking yoghurt mango 250ml,O01064,Wholesaler,Nairobi,99.71,52.1,0,0,0,87.5,0.116,10–25%
L04118,Choc-chip ice cream 500ml,O01906,Supermarket,Nyanza,65.43,48.6,1,1,0,102.8,0.116,10–25%
L03938,Choc-chip ice cream 500ml,O00530,Wholesaler,Nairobi,66.71,48.0,1,0,0,108.9,0.115,10–25%
L04723,Smoked chicken slices 150g,O00261,HoReCa,Nairobi,55.43,73.0,1,0,0,103.6,0.115,10–25%
L06139,Fruit ice lolly 6-pack,O01388,Supermarket,Rift Valley,30.86,40.0,1,1,1,104.8,0.115,10–25%
L05564,Natural set yoghurt 1kg,O00622,Supermarket,Rift Valley,42.57,46.7,0,1,1,92.4,0.114,10–25%
L04254,Choc-chip ice cream 500ml,O02462,Petrol station,Nairobi,63.86,44.1,1,0,1,106.8,0.114,10–25%
L06161,Fruit ice lolly 6-pack,O01883,Duka,Coast,30.71,82.7,1,0,0,98.0,0.114,10–25%
L05509,Natural set yoghurt 1kg,O00185,Wholesaler,Coast,43.43,71.6,0,0,0,92.7,0.114,10–25%
L04606,Smoked chicken slices 150g,O01042,Wholesaler,Nairobi,57.86,71.5,1,0,0,104.5,0.114,10–25%
L06249,Fruit ice lolly 6-pack,O01858,Duka,Nairobi,30.0,55.4,0,0,0,92.6,0.114,10–25%
L04984,Feta 200g,O01597,HoReCa,Western,51.29,62.7,0,0,0,111.5,0.114,10–25%
L04898,Feta 200g,O00559,Supermarket,Nairobi,52.0,40.8,0,1,0,111.2,0.113,10–25%
L05513,Natural set yoghurt 1kg,O01186,Supermarket,Nyanza,43.43,63.2,0,1,0,97.1,0.113,10–25%
L06207,Fruit ice lolly 6-pack,O00671,Duka,Nairobi,30.29,52.1,0,0,0,89.3,0.113,10–25%
L04654,Smoked chicken slices 150g,O00980,Supermarket,Rift Valley,57.14,58.4,1,1,1,102.9,0.113,10–25%
L06265,Fruit ice lolly 6-pack,O02163,Supermarket,Rift Valley,29.86,64.7,1,0,0,100.1,0.113,10–25%
L05336,Natural set yoghurt 1kg,O01265,Petrol station,Central,45.0,66.5,0,0,0,94.6,0.113,10–25%
L02470,Halloumi 250g,O01752,Supermarket,Nairobi,88.71,38.7,0,0,1,116.0,0.113,10–25%
L06537,Fruit ice lolly 6-pack,O00783,HoReCa,Nairobi,24.86,52.8,0,0,0,101.5,0.113,10–25%
L04210,Choc-chip ice cream 500ml,O01160,Petrol station,Nairobi,64.57,48.8,1,0,1,103.6,0.113,10–25%
L05101,Feta 200g,O01293,HoReCa,Nairobi,49.57,48.3,0,0,0,104.2,0.112,10–25%
L05982,Fresh cream 250ml,O02117,Wholesaler,Nairobi,35.43,71.0,1,0,1,97.5,0.112,10–25%
L06341,Fruit ice lolly 6-pack,O00039,Duka,Coast,29.0,70.9,0,1,0,100.5,0.112,10–25%
L01023,Vanilla bean ice cream 1L,O00082,Supermarket,Nyanza,107.43,63.1,1,1,0,104.5,0.112,10–25%
L01945,Drinking yoghurt mango 250ml,O00530,Wholesaler,Nairobi,95.71,59.3,0,0,0,97.7,0.112,10–25%
L06677,Mozzarella 500g (food service),O01472,Wholesaler,Western,18.86,70.1,1,0,1,94.7,0.111,10–25%
L05962,Fresh cream 250ml,O00175,Supermarket,Central,35.57,74.9,1,1,0,103.3,0.111,10–25%
L06094,Natural set yoghurt 1kg,O00603,Duka,Nairobi,32.14,67.2,0,0,0,87.8,0.11,10–25%
L03694,Strawberry milk 500ml,O00238,Supermarket,Nairobi,71.71,48.4,1,1,1,94.5,0.11,10–25%
L02424,Beef breakfast sausages 500g,O02328,Petrol station,Nairobi,89.57,60.2,0,0,0,102.5,0.11,10–25%
L01821,Drinking yoghurt mango 250ml,O00559,Supermarket,Nairobi,98.29,66.3,0,0,0,103.9,0.11,10–25%
L05339,Natural set yoghurt 1kg,O01578,HoReCa,Coast,45.0,74.8,0,0,0,96.2,0.11,10–25%
L03358,Salted butter 250g,O00010,Duka,Central,75.43,42.4,0,0,0,100.6,0.11,10–25%
L02566,Halloumi 250g,O00355,HoReCa,Nairobi,87.86,36.9,0,1,0,114.4,0.11,10–25%
L05988,Fresh cream 250ml,O00810,Wholesaler,Central,35.29,61.1,1,0,1,88.9,0.109,10–25%
L04942,Feta 200g,O01594,Duka,Coast,51.71,63.4,1,1,0,101.7,0.108,10–25%
L02487,Halloumi 250g,O00735,Supermarket,Coast,88.57,62.2,0,1,0,111.5,0.108,10–25%
L04907,Feta 200g,O01871,Wholesaler,Nairobi,52.0,47.0,0,0,0,102.4,0.108,10–25%
L00689,Mature cheddar 200g,O00250,Supermarket,Central,113.43,20.4,1,1,1,111.5,0.108,10–25%
L06742,Mozzarella 500g (food service),O02203,Wholesaler,Nairobi,18.14,43.1,0,1,1,88.8,0.108,10–25%
L06368,Fruit ice lolly 6-pack,O02306,Supermarket,Rift Valley,28.86,67.0,1,0,0,96.4,0.108,10–25%
L05262,Natural set yoghurt 1kg,O01877,Supermarket,Central,45.57,67.6,0,0,0,98.7,0.108,10–25%
L06705,Mozzarella 500g (food service),O00743,Supermarket,Nairobi,18.57,43.7,0,1,1,96.1,0.107,10–25%
L04196,Choc-chip ice cream 500ml,O01314,Petrol station,Nairobi,64.71,49.8,0,0,0,105.0,0.106,10–25%
L05205,Natural set yoghurt 1kg,O00750,Duka,Central,45.86,66.9,0,0,0,100.4,0.106,10–25%
L03511,Strawberry milk 500ml,O02365,Supermarket,Central,73.29,52.3,1,1,1,102.3,0.106,10–25%
L06508,Fruit ice lolly 6-pack,O01626,Petrol station,Central,26.0,54.3,0,0,1,96.1,0.106,10–25%
L01121,Vanilla bean ice cream 1L,O01570,Petrol station,Rift Valley,106.71,54.0,1,1,1,99.1,0.106,10–25%
L05598,Natural set yoghurt 1kg,O00814,Duka,Rift Valley,42.0,67.6,1,1,1,101.9,0.106,10–25%
L06120,Fruit ice lolly 6-pack,O01452,Supermarket,Central,31.0,48.2,1,1,1,108.6,0.106,10–25%
L06217,Fruit ice lolly 6-pack,O02063,HoReCa,Rift Valley,30.29,71.8,0,0,0,109.0,0.106,10–25%
L01249,Vanilla bean ice cream 1L,O00624,Supermarket,Nyanza,105.29,64.6,1,0,1,110.7,0.106,10–25%
L03660,Strawberry milk 500ml,O01782,Supermarket,Western,72.14,65.7,1,1,1,93.2,0.106,10–25%
L04172,Choc-chip ice cream 500ml,O02227,Petrol station,Nairobi,65.0,47.5,0,0,0,106.6,0.105,10–25%
L06846,Mozzarella 500g (food service),O01410,Supermarket,Nairobi,15.71,54.3,1,1,1,99.2,0.105,10–25%
L02052,Beef breakfast sausages 500g,O01816,Wholesaler,Rift Valley,94.57,39.5,0,1,1,106.7,0.105,10–25%
L02658,Halloumi 250g,O01251,Wholesaler,Nairobi,86.86,47.7,0,0,0,104.5,0.105,10–25%
L02412,Beef breakfast sausages 500g,O00821,Petrol station,Nyanza,90.0,74.0,0,0,0,89.5,0.105,10–25%
L05869,Fresh cream 250ml,O01245,Supermarket,Nairobi,36.71,55.4,1,1,1,91.3,0.105,10–25%
L04947,Feta 200g,O00593,Duka,Central,51.57,54.8,0,1,0,99.0,0.105,10–25%
L02071,Beef breakfast sausages 500g,O00563,Supermarket,Nyanza,94.43,65.0,1,1,0,92.1,0.105,10–25%
L01141,Vanilla bean ice cream 1L,O02290,Supermarket,Western,106.57,62.5,1,0,1,109.9,0.105,10–25%
L01426,Drinking yoghurt mango 250ml,O00091,Wholesaler,Rift Valley,100.86,54.2,0,1,0,97.7,0.105,10–25%
L05545,Feta 200g,O00020,Petrol station,Coast,42.86,76.8,1,0,1,103.8,0.105,10–25%
L05693,Fresh cream 250ml,O00434,Wholesaler,Central,38.14,60.3,1,1,1,100.7,0.105,10–25%
L00767,Mature cheddar 200g,O00393,Wholesaler,Central,112.71,31.5,1,1,1,110.5,0.105,10–25%
L06867,Mozzarella 500g (food service),O02435,Duka,Nyanza,15.0,93.3,1,0,0,99.8,0.105,10–25%
L06843,Mozzarella 500g (food service),O02573,HoReCa,Central,15.86,60.3,0,0,0,92.4,0.104,10–25%
L05229,Natural set yoghurt 1kg,O01129,Supermarket,Coast,45.71,72.2,0,1,0,101.6,0.104,10–25%
L05283,Natural set yoghurt 1kg,O01411,Duka,Nairobi,45.43,56.4,0,0,1,95.0,0.104,10–25%
L06420,Fruit ice lolly 6-pack,O00658,Petrol station,Central,28.14,61.9,1,0,1,106.0,0.104,10–25%
L05523,Natural set yoghurt 1kg,O00844,Wholesaler,Rift Valley,43.29,46.5,0,0,1,92.4,0.104,10–25%
L06123,Fruit ice lolly 6-pack,O01752,Supermarket,Nairobi,31.0,29.5,0,1,1,104.7,0.104,10–25%
L02552,Halloumi 250g,O01213,Wholesaler,Nairobi,88.0,39.3,1,0,0,104.1,0.104,10–25%
L05252,Natural set yoghurt 1kg,O00903,Wholesaler,Nairobi,45.57,50.5,0,0,0,78.5,0.104,10–25%
L05836,Fresh cream 250ml,O02062,Supermarket,Nyanza,37.14,64.4,0,1,1,92.9,0.104,10–25%
L06264,Fruit ice lolly 6-pack,O02125,Supermarket,Nairobi,29.86,38.7,0,1,1,106.9,0.104,10–25%
L05543,Natural set yoghurt 1kg,O02336,Petrol station,Nairobi,43.0,74.2,0,0,0,95.7,0.104,10–25%
L02380,Beef breakfast sausages 500g,O00640,Supermarket,Coast,91.0,78.4,1,1,0,101.0,0.104,10–25%
L06791,Fruit ice lolly 6-pack,O00117,HoReCa,Nairobi,17.14,64.6,1,0,0,105.1,0.104,10–25%
L02190,Drinking yoghurt mango 250ml,O01398,Duka,Nairobi,93.57,65.5,0,0,0,94.3,0.103,10–25%
L06490,Fruit ice lolly 6-pack,O01871,Wholesaler,Nairobi,26.57,57.7,1,0,0,97.8,0.103,10–25%
L03327,Salted butter 250g,O02116,HoReCa,Central,76.86,41.9,0,0,0,99.8,0.103,10–25%
L03528,Strawberry milk 500ml,O01816,Wholesaler,Rift Valley,73.14,65.1,1,0,1,90.8,0.103,10–25%
L02927,Salted butter 250g,O00327,Duka,Nyanza,81.29,65.6,0,0,0,110.4,0.102,10–25%
L05697,Fresh cream 250ml,O01264,Supermarket,Nairobi,38.14,69.0,1,1,1,111.1,0.102,10–25%
L06613,Mozzarella 500g (food service),O00543,Supermarket,Nyanza,19.43,63.1,1,1,0,88.2,0.102,10–25%
L04034,Choc-chip ice cream 500ml,O00216,Duka,Nyanza,66.0,58.7,0,0,0,101.5,0.102,10–25%
L05559,Natural set yoghurt 1kg,O02247,Wholesaler,Nairobi,42.71,53.2,0,0,0,87.2,0.102,10–25%
L05679,Feta 200g,O02339,Duka,Nairobi,39.14,66.9,1,0,0,103.3,0.102,10–25%
L04885,Feta 200g,O01708,Supermarket,Coast,52.14,74.7,1,0,0,109.9,0.102,10–25%
L06730,Mozzarella 500g (food service),O02373,HoReCa,Nairobi,18.29,61.6,1,0,0,91.8,0.102,10–25%
L04134,Choc-chip ice cream 500ml,O01050,Duka,Nairobi,65.29,53.2,0,0,0,108.4,0.102,10–25%
L05616,Natural set yoghurt 1kg,O00251,Duka,Nairobi,41.57,78.2,0,0,0,103.3,0.102,10–25%
L06468,Fruit ice lolly 6-pack,O01930,HoReCa,Coast,27.29,57.7,1,0,1,102.4,0.102,10–25%
L05873,Fresh cream 250ml,O01591,Wholesaler,Nairobi,36.71,55.7,0,1,1,94.0,0.102,10–25%
L01424,Vanilla bean ice cream 1L,O02440,Petrol station,Rift Valley,100.86,64.0,1,0,1,103.6,0.102,10–25%
L04991,Feta 200g,O00224,Duka,Nairobi,51.14,59.5,0,0,0,97.7,0.101,10–25%
L01997,Beef breakfast sausages 500g,O01999,Supermarket,Coast,94.86,75.0,1,1,0,97.7,0.101,10–25%
L06342,Fruit ice lolly 6-pack,O00166,Petrol station,Nairobi,29.0,42.2,0,1,1,94.5,0.101,10–25%
L06648,Mozzarella 500g (food service),O01933,Duka,Nairobi,19.14,74.5,0,1,0,98.7,0.101,10–25%
L03378,Strawberry milk 500ml,O00701,Supermarket,Nairobi,74.14,47.9,1,1,1,94.5,0.101,10–25%
L03443,Strawberry milk 500ml,O00583,Supermarket,Coast,73.57,77.6,0,0,1,91.1,0.1,10–25%
L03568,Strawberry milk 500ml,O01009,Wholesaler,Nairobi,72.86,75.2,0,0,0,97.1,0.1,10–25%
L02074,Beef breakfast sausages 500g,O01029,Wholesaler,Central,94.43,67.6,1,0,0,99.1,0.1,10–25%
L06133,Fruit ice lolly 6-pack,O00198,Petrol station,Central,30.86,56.4,0,0,0,89.5,0.1,10–25%
L01624,Drinking yoghurt mango 250ml,O01989,Petrol station,Coast,99.86,72.4,0,1,0,93.0,0.1,<10%
L04696,Smoked chicken slices 150g,O01350,Supermarket,Nairobi,56.29,59.7,1,1,1,111.4,0.1,<10%
L00809,Mature cheddar 200g,O00263,Wholesaler,Rift Valley,112.14,59.2,1,0,0,112.4,0.1,<10%
L06695,Mozzarella 500g (food service),O01533,Duka,Nairobi,18.71,82.6,1,0,0,97.0,0.1,<10%
L02395,Beef breakfast sausages 500g,O02026,Duka,Nairobi,90.86,52.1,0,0,1,98.4,0.1,<10%
L01891,Drinking yoghurt mango 250ml,O01214,Wholesaler,Central,97.29,72.6,1,0,0,92.1,0.1,<10%
L02320,Beef breakfast sausages 500g,O01227,HoReCa,Nairobi,92.14,55.8,0,0,0,97.9,0.099,<10%
L06423,Fruit ice lolly 6-pack,O01118,HoReCa,Nairobi,28.14,57.1,0,0,0,108.0,0.099,<10%
L06216,Fruit ice lolly 6-pack,O01877,Supermarket,Central,30.29,50.1,0,0,0,88.0,0.099,<10%
L05860,Fresh cream 250ml,O00007,Supermarket,Rift Valley,36.71,58.9,0,1,1,91.5,0.099,<10%
L06584,Mozzarella 500g (food service),O02336,Petrol station,Nairobi,19.86,84.7,1,0,0,99.4,0.099,<10%
L05107,Feta 200g,O02357,Duka,Nairobi,49.57,64.2,1,0,0,113.0,0.099,<10%
L01167,Vanilla bean ice cream 1L,O01186,Supermarket,Nyanza,106.29,31.4,0,1,0,109.2,0.099,<10%
L04775,Feta 200g,O01780,Wholesaler,Central,53.0,42.9,0,0,1,106.3,0.099,<10%
L05947,Fresh cream 250ml,O00357,Wholesaler,Rift Valley,35.71,81.3,1,0,1,97.5,0.099,<10%
L06373,Fruit ice lolly 6-pack,O00464,Supermarket,Coast,28.71,62.4,1,1,1,102.6,0.099,<10%
L01977,Beef breakfast sausages 500g,O00423,Wholesaler,Rift Valley,95.0,69.3,1,0,0,86.0,0.098,<10%
L06570,Mozzarella 500g (food service),O00175,Supermarket,Central,20.0,73.7,1,1,0,105.3,0.098,<10%
L00946,Vanilla bean ice cream 1L,O00428,Wholesaler,Coast,108.0,78.6,1,0,0,106.6,0.098,<10%
L01742,Drinking yoghurt mango 250ml,O00378,Duka,Nairobi,99.0,59.1,0,1,1,105.5,0.098,<10%
L05792,Fresh cream 250ml,O01765,Supermarket,Nyanza,37.43,74.4,0,1,0,89.4,0.098,<10%
L06762,Mozzarella 500g (food service),O01141,Wholesaler,Nairobi,17.86,61.5,0,1,1,105.2,0.097,<10%
L02343,Beef breakfast sausages 500g,O00904,Wholesaler,Rift Valley,91.71,35.3,0,1,1,88.7,0.097,<10%
L05718,Fresh cream 250ml,O00712,Wholesaler,Nairobi,37.86,60.6,1,0,1,91.2,0.097,<10%
L03672,Strawberry milk 500ml,O01135,Wholesaler,Nairobi,72.0,57.8,0,0,1,95.0,0.097,<10%
L04892,Feta 200g,O00273,Supermarket,Western,52.0,53.4,1,1,1,108.3,0.097,<10%
L06263,Fruit ice lolly 6-pack,O01627,Supermarket,Coast,29.86,81.8,1,0,0,100.3,0.097,<10%
L05138,Feta 200g,O02370,Duka,Central,48.43,70.1,0,0,0,104.3,0.097,<10%
L02325,Beef breakfast sausages 500g,O00157,Wholesaler,Nairobi,92.0,68.3,1,0,0,105.2,0.097,<10%
L04970,Feta 200g,O02095,Supermarket,Western,51.43,69.4,0,0,0,104.8,0.096,<10%
L01952,Drinking yoghurt mango 250ml,O01097,HoReCa,Nairobi,95.43,41.8,0,0,1,91.5,0.096,<10%
L04724,Smoked chicken slices 150g,O00908,Supermarket,Rift Valley,55.43,80.1,1,1,0,113.6,0.096,<10%
L04437,Smoked chicken slices 150g,O00434,Wholesaler,Central,59.29,62.4,0,0,1,107.1,0.096,<10%
L04249,Choc-chip ice cream 500ml,O02188,Duka,Rift Valley,64.0,61.5,0,0,0,108.7,0.096,<10%
L06623,Mozzarella 500g (food service),O01811,HoReCa,Coast,19.43,83.7,1,0,1,105.2,0.096,<10%
L03115,Salted butter 250g,O02220,Duka,Coast,80.14,55.5,0,1,0,92.6,0.096,<10%
L04820,Feta 200g,O00571,Supermarket,Coast,52.57,56.4,0,1,1,110.8,0.096,<10%
L04224,Choc-chip ice cream 500ml,O02479,Supermarket,Nyanza,64.43,59.2,0,0,0,110.7,0.096,<10%
L06212,Fruit ice lolly 6-pack,O01286,Supermarket,Coast,30.29,75.2,1,1,0,105.4,0.096,<10%
L04432,Choc-chip ice cream 500ml,O01278,Duka,Central,59.29,46.9,0,1,0,98.4,0.095,<10%
L01655,Drinking yoghurt mango 250ml,O00211,Wholesaler,Nairobi,99.57,38.1,0,0,1,87.1,0.095,<10%
L03412,Strawberry milk 500ml,O01751,Supermarket,Central,73.86,49.5,1,1,1,94.4,0.095,<10%
L01163,Vanilla bean ice cream 1L,O00909,Duka,Central,106.29,37.8,0,0,0,104.7,0.095,<10%
L01490,Drinking yoghurt mango 250ml,O00571,Supermarket,Coast,100.57,66.5,0,1,1,101.9,0.095,<10%
L05814,Fresh cream 250ml,O02248,Supermarket,Nairobi,37.29,58.4,0,1,1,102.2,0.094,<10%
L05255,Natural set yoghurt 1kg,O01136,Supermarket,Western,45.57,67.3,1,1,0,94.7,0.094,<10%
L05418,Natural set yoghurt 1kg,O00468,Supermarket,Coast,44.43,78.3,0,1,0,96.8,0.094,<10%
L04296,Choc-chip ice cream 500ml,O01337,Duka,Nairobi,62.71,61.9,1,0,0,104.4,0.094,<10%
L02420,Beef breakfast sausages 500g,O00048,Duka,Rift Valley,89.71,83.7,0,1,0,113.2,0.094,<10%
L04777,Feta 200g,O02082,Wholesaler,Nairobi,53.0,52.8,0,0,0,97.9,0.094,<10%
L05207,Natural set yoghurt 1kg,O00777,Supermarket,Coast,45.86,68.0,1,1,0,89.1,0.094,<10%
L01883,Drinking yoghurt mango 250ml,O01369,Wholesaler,Nairobi,97.43,68.0,1,0,0,89.7,0.094,<10%
L05841,Fresh cream 250ml,O01199,Supermarket,Central,37.0,56.7,0,1,1,90.6,0.093,<10%
L06724,Mozzarella 500g (food service),O00387,HoReCa,Central,18.29,65.9,1,1,0,100.5,0.093,<10%
L04121,Choc-chip ice cream 500ml,O02335,Wholesaler,Rift Valley,65.43,62.3,0,0,0,112.6,0.093,<10%
L02449,Beef breakfast sausages 500g,O01228,Duka,Central,88.86,68.9,0,0,0,106.6,0.093,<10%
L04183,Choc-chip ice cream 500ml,O01970,Petrol station,Rift Valley,64.86,59.2,0,0,0,107.1,0.093,<10%
L04508,Smoked chicken slices 150g,O02187,Supermarket,Nairobi,58.86,64.7,1,1,1,114.3,0.093,<10%
L01642,Drinking yoghurt mango 250ml,O01433,Supermarket,Nairobi,99.71,55.6,1,1,1,101.9,0.092,<10%
L02456,Halloumi 250g,O01090,Supermarket,Rift Valley,88.86,57.2,0,1,0,120.5,0.092,<10%
L02515,Halloumi 250g,O00285,Wholesaler,Central,88.29,39.0,0,1,0,104.9,0.092,<10%
L04799,Feta 200g,O00261,HoReCa,Nairobi,52.71,43.2,1,1,0,101.0,0.092,<10%
L01443,Drinking yoghurt mango 250ml,O01412,Supermarket,Western,100.86,91.6,1,1,0,101.0,0.092,<10%
L01868,Drinking yoghurt mango 250ml,O02248,Supermarket,Nairobi,97.71,48.5,0,1,1,103.2,0.092,<10%
L02442,Halloumi 250g,O01751,Supermarket,Central,89.0,41.1,1,0,1,110.8,0.092,<10%
L01400,Vanilla bean ice cream 1L,O00602,Duka,Nairobi,101.14,79.7,1,0,0,109.5,0.092,<10%
L06491,Fruit ice lolly 6-pack,O01915,Supermarket,Western,26.57,80.0,0,0,0,102.4,0.092,<10%
L03833,Strawberry milk 500ml,O00223,HoReCa,Nairobi,69.71,51.1,0,1,1,100.3,0.092,<10%
L01628,Drinking yoghurt mango 250ml,O02511,Wholesaler,Rift Valley,99.86,73.6,0,0,0,100.2,0.092,<10%
L00891,Mature cheddar 200g,O00912,HoReCa,Nairobi,110.57,39.9,1,0,1,113.2,0.092,<10%
L01616,Drinking yoghurt mango 250ml,O00889,HoReCa,Nairobi,99.86,64.5,1,0,0,91.4,0.091,<10%
L01577,Drinking yoghurt mango 250ml,O01678,Supermarket,Nairobi,100.14,45.4,1,1,1,85.6,0.091,<10%
L02313,Beef breakfast sausages 500g,O02190,Petrol station,Western,92.29,62.9,0,1,0,91.5,0.091,<10%
L05093,Feta 200g,O00577,Petrol station,Coast,49.71,77.3,1,1,1,110.1,0.091,<10%
L05191,Natural set yoghurt 1kg,O02130,Supermarket,Nyanza,46.0,77.8,1,1,0,100.3,0.091,<10%
L01543,Drinking yoghurt mango 250ml,O02404,Wholesaler,Nyanza,100.43,76.2,1,0,1,92.7,0.091,<10%
L06350,Fruit ice lolly 6-pack,O02003,Petrol station,Central,29.0,74.4,0,0,0,105.5,0.09,<10%
L02476,Drinking yoghurt mango 250ml,O01204,Duka,Rift Valley,88.57,73.6,0,0,1,102.8,0.09,<10%
L02327,Beef breakfast sausages 500g,O01694,HoReCa,Nairobi,92.0,54.4,0,0,0,99.9,0.09,<10%
L04360,Smoked chicken slices 150g,O00555,Supermarket,Nyanza,60.0,72.1,1,1,1,102.5,0.09,<10%
L02026,Beef breakfast sausages 500g,O01958,Wholesaler,Nairobi,94.71,57.4,0,0,0,102.3,0.09,<10%
L04422,Smoked chicken slices 150g,O01545,Wholesaler,Nairobi,59.43,85.3,1,0,0,110.6,0.09,<10%
L04553,Smoked chicken slices 150g,O01916,Wholesaler,Nairobi,58.43,73.2,1,0,0,94.8,0.09,<10%
L04530,Smoked chicken slices 150g,O00207,Supermarket,Nairobi,58.57,70.8,1,1,0,111.4,0.09,<10%
L03352,Salted butter 250g,O00976,Duka,Central,75.71,36.7,0,0,1,106.5,0.09,<10%
L05271,Natural set yoghurt 1kg,O00263,Wholesaler,Rift Valley,45.43,69.1,0,0,0,90.9,0.089,<10%
L06687,Mozzarella 500g (food service),O00275,HoReCa,Nairobi,18.71,61.7,0,0,1,105.3,0.089,<10%
L05099,Feta 200g,O00434,Wholesaler,Central,49.57,45.9,0,0,1,99.8,0.089,<10%
L02134,Beef breakfast sausages 500g,O00482,Supermarket,Rift Valley,94.0,41.1,1,1,1,92.1,0.089,<10%
L01983,Vanilla bean ice cream 1L,O00305,Petrol station,Western,94.86,77.1,1,0,0,104.7,0.089,<10%
L06639,Mozzarella 500g (food service),O00163,Wholesaler,Central,19.14,70.8,0,0,0,91.9,0.089,<10%
L04339,Choc-chip ice cream 500ml,O01912,Duka,Rift Valley,60.71,72.1,0,0,0,107.3,0.089,<10%
L02149,Beef breakfast sausages 500g,O02158,Petrol station,Rift Valley,94.0,55.2,0,1,0,93.3,0.089,<10%
L01906,Drinking yoghurt mango 250ml,O00833,HoReCa,Nairobi,96.86,53.3,0,0,1,94.2,0.089,<10%
L05281,Natural set yoghurt 1kg,O01090,Supermarket,Rift Valley,45.43,65.4,1,1,0,94.6,0.088,<10%
L04788,Feta 200g,O00428,Wholesaler,Coast,52.86,83.6,1,0,0,108.2,0.088,<10%
L05118,Feta 200g,O02571,Duka,Nairobi,49.14,54.1,1,0,1,107.1,0.088,<10%
L04402,Smoked chicken slices 150g,O00621,HoReCa,Central,59.57,72.7,1,0,1,106.1,0.088,<10%
L05889,Fresh cream 250ml,O02502,Wholesaler,Central,36.57,70.8,0,0,0,84.6,0.088,<10%
L06671,Mozzarella 500g (food service),O00144,Supermarket,Coast,18.86,80.7,0,1,0,99.0,0.088,<10%
L00994,Vanilla bean ice cream 1L,O00881,Supermarket,Nyanza,107.57,74.4,1,0,0,98.4,0.088,<10%
L06818,Mozzarella 500g (food service),O01224,Supermarket,Nyanza,16.57,64.6,0,1,1,95.0,0.088,<10%
L04404,Smoked chicken slices 150g,O01128,Supermarket,Nairobi,59.57,64.5,1,1,1,109.3,0.088,<10%
L02370,Beef breakfast sausages 500g,O01334,Petrol station,Central,91.29,57.2,0,1,1,111.1,0.088,<10%
L03505,Strawberry milk 500ml,O01972,Supermarket,Western,73.29,67.3,1,1,1,92.0,0.087,<10%
L06136,Fruit ice lolly 6-pack,O00856,Supermarket,Rift Valley,30.86,59.7,1,0,0,91.0,0.087,<10%
L06127,Fruit ice lolly 6-pack,O02187,Supermarket,Nairobi,31.0,51.7,0,0,1,100.9,0.087,<10%
L03956,Choc-chip ice cream 500ml,O01383,HoReCa,Nairobi,66.57,47.0,0,0,0,113.3,0.087,<10%
L02718,Halloumi 250g,O01366,HoReCa,Rift Valley,86.0,54.6,0,0,0,102.7,0.087,<10%
L05192,Natural set yoghurt 1kg,O02187,Supermarket,Nairobi,46.0,48.8,0,1,1,101.9,0.087,<10%
L02494,Halloumi 250g,O01345,Supermarket,Nairobi,88.57,23.4,0,1,1,103.5,0.087,<10%
L01930,Drinking yoghurt mango 250ml,O00066,Wholesaler,Nairobi,96.29,64.3,0,0,1,101.1,0.087,<10%
L06332,Fruit ice lolly 6-pack,O00969,Supermarket,Central,29.14,54.0,1,1,1,104.7,0.087,<10%
L02128,Beef breakfast sausages 500g,O02425,Wholesaler,Central,94.14,61.0,1,0,0,90.5,0.087,<10%
L00746,Mature cheddar 200g,O02163,Supermarket,Rift Valley,113.0,58.0,1,0,0,109.4,0.087,<10%
L02160,Beef breakfast sausages 500g,O00521,Wholesaler,Nairobi,93.86,62.5,1,0,0,94.6,0.086,<10%
L05356,Natural set yoghurt 1kg,O00775,Duka,Nairobi,44.86,71.8,0,0,0,95.3,0.086,<10%
L03722,Salted butter 250g,O00092,HoReCa,Rift Valley,71.43,35.0,0,0,0,91.0,0.086,<10%
L04067,Choc-chip ice cream 500ml,O00171,HoReCa,Western,65.71,50.8,0,0,1,108.8,0.086,<10%
L06436,Fruit ice lolly 6-pack,O01438,HoReCa,Western,28.0,74.5,0,0,0,98.7,0.086,<10%
L03943,Choc-chip ice cream 500ml,O00979,Wholesaler,Nairobi,66.71,47.6,0,0,0,101.3,0.085,<10%
L05948,Fresh cream 250ml,O00371,Supermarket,Nairobi,35.71,68.1,1,1,1,94.6,0.085,<10%
L06666,Mozzarella 500g (food service),O01934,HoReCa,Rift Valley,19.0,72.2,0,1,0,97.2,0.085,<10%
L00459,Greek-style yoghurt 450g,O00126,Duka,Rift Valley,115.57,72.4,1,0,0,95.0,0.085,<10%
L06493,Fruit ice lolly 6-pack,O02317,Petrol station,Nairobi,26.57,59.1,0,1,0,99.0,0.085,<10%
L03680,Strawberry milk 500ml,O02449,Petrol station,Nairobi,72.0,78.0,0,1,1,101.6,0.085,<10%
L06594,Mozzarella 500g (food service),O01675,Wholesaler,Nairobi,19.71,68.3,1,0,1,94.5,0.085,<10%
L01294,Vanilla bean ice cream 1L,O01553,Duka,Central,104.71,36.6,0,1,0,107.0,0.085,<10%
L03357,Salted butter 250g,O02233,Duka,Rift Valley,75.57,58.9,0,0,0,104.1,0.085,<10%
L05287,Natural set yoghurt 1kg,O02121,Petrol station,Rift Valley,45.43,78.4,0,1,0,97.0,0.085,<10%
L01864,Drinking yoghurt mango 250ml,O01122,Supermarket,Rift Valley,97.71,72.1,1,1,1,100.0,0.084,<10%
L06812,Mozzarella 500g (food service),O01151,Supermarket,Western,16.71,78.9,1,1,0,93.7,0.084,<10%
L01526,Drinking yoghurt mango 250ml,O01129,Supermarket,Coast,100.43,71.4,0,1,0,94.3,0.084,<10%
L02775,Halloumi 250g,O01499,Duka,Coast,84.57,86.2,1,0,0,123.1,0.084,<10%
L06637,Mozzarella 500g (food service),O00012,Wholesaler,Nairobi,19.14,73.3,1,0,1,95.0,0.084,<10%
L05562,Natural set yoghurt 1kg,O02400,Duka,Central,42.71,74.5,0,0,0,97.3,0.084,<10%
L04383,Smoked chicken slices 150g,O01911,Wholesaler,Central,59.86,63.1,0,0,1,97.3,0.084,<10%
L05033,Feta 200g,O00299,Petrol station,Nyanza,50.71,65.8,0,1,1,103.8,0.084,<10%
L01006,Vanilla bean ice cream 1L,O01857,Duka,Nairobi,107.57,13.6,0,1,1,105.7,0.084,<10%
L03786,Strawberry milk 500ml,O00717,Wholesaler,Nairobi,70.71,52.5,1,1,1,91.5,0.084,<10%
L05819,Fresh cream 250ml,O02511,Wholesaler,Rift Valley,37.29,82.2,1,1,0,99.0,0.084,<10%
L03498,Strawberry milk 500ml,O01393,Supermarket,Nairobi,73.29,54.3,1,1,1,92.4,0.084,<10%
L05422,Natural set yoghurt 1kg,O01467,Duka,Nyanza,44.43,64.7,0,1,1,89.9,0.084,<10%
L01912,Drinking yoghurt mango 250ml,O02338,Petrol station,Nairobi,96.86,73.2,0,1,0,92.8,0.083,<10%
L04442,Smoked chicken slices 150g,O01168,Supermarket,Nairobi,59.29,55.4,1,1,1,104.0,0.083,<10%
L06607,Mozzarella 500g (food service),O01978,HoReCa,Nairobi,19.57,73.5,1,0,0,91.4,0.083,<10%
L02436,Beef breakfast sausages 500g,O00843,Supermarket,Coast,89.0,86.6,1,0,0,108.4,0.083,<10%
L05487,Natural set yoghurt 1kg,O00979,Wholesaler,Nairobi,43.71,72.2,1,0,0,96.7,0.083,<10%
L01629,Vanilla bean ice cream 1L,O01928,Duka,Nyanza,99.71,69.0,0,0,0,100.0,0.083,<10%
L06204,Fruit ice lolly 6-pack,O00457,Wholesaler,Central,30.29,62.7,0,0,0,98.2,0.083,<10%
L06870,Mozzarella 500g (food service),O00765,HoReCa,Nairobi,14.57,74.2,1,1,0,101.1,0.083,<10%
L04558,Smoked chicken slices 150g,O00097,Petrol station,Nairobi,58.29,90.1,1,0,0,106.2,0.082,<10%
L02296,Beef breakfast sausages 500g,O00215,HoReCa,Nairobi,92.43,67.1,0,0,0,107.6,0.082,<10%
L05476,Natural set yoghurt 1kg,O01094,Petrol station,Western,43.86,90.5,1,0,0,89.2,0.082,<10%
L04110,Choc-chip ice cream 500ml,O01207,Duka,Coast,65.43,70.1,0,1,0,107.8,0.082,<10%
L04101,Strawberry milk 500ml,O01731,Duka,Nyanza,65.43,88.2,0,1,0,94.5,0.082,<10%
L05408,Natural set yoghurt 1kg,O01942,Supermarket,Western,44.57,62.2,1,1,1,87.7,0.082,<10%
L06430,Fruit ice lolly 6-pack,O00141,Wholesaler,Nairobi,28.0,62.9,1,0,0,94.1,0.082,<10%
L05199,Natural set yoghurt 1kg,O00165,Wholesaler,Central,45.86,72.5,0,0,0,102.2,0.082,<10%
L01703,Drinking yoghurt mango 250ml,O00341,Supermarket,Rift Valley,99.29,77.8,1,0,1,100.1,0.082,<10%
L06519,Fruit ice lolly 6-pack,O00328,Petrol station,Nairobi,25.57,53.2,0,1,1,99.8,0.082,<10%
L05577,Natural set yoghurt 1kg,O00458,Wholesaler,Coast,42.43,68.7,0,1,1,96.5,0.082,<10%
L06124,Fruit ice lolly 6-pack,O01761,Supermarket,Rift Valley,31.0,70.0,1,0,0,98.2,0.081,<10%
L06577,Mozzarella 500g (food service),O02029,Wholesaler,Nairobi,20.0,69.2,1,0,0,88.3,0.081,<10%
L04272,Choc-chip ice cream 500ml,O01822,Duka,Central,63.43,62.0,0,1,0,117.3,0.081,<10%
L06516,Fruit ice lolly 6-pack,O00724,Duka,Western,25.71,81.2,1,0,0,96.5,0.081,<10%
L04435,Smoked chicken slices 150g,O00341,Supermarket,Rift Valley,59.29,64.6,0,1,1,111.6,0.081,<10%
L04611,Smoked chicken slices 150g,O02290,Supermarket,Western,57.86,82.5,1,1,1,113.2,0.081,<10%
L05497,Natural set yoghurt 1kg,O00169,Petrol station,Nyanza,43.57,81.0,1,1,1,92.8,0.081,<10%
L06601,Mozzarella 500g (food service),O01071,Supermarket,Coast,19.57,92.4,1,1,0,96.0,0.081,<10%
L03350,Salted butter 250g,O00215,HoReCa,Nairobi,75.71,43.2,0,0,0,106.3,0.081,<10%
L02993,Salted butter 250g,O01584,Supermarket,Rift Valley,81.0,45.6,1,0,0,104.9,0.081,<10%
L05086,Feta 200g,O02491,Wholesaler,Rift Valley,50.0,80.6,1,0,0,112.2,0.081,<10%
L06155,Fruit ice lolly 6-pack,O01377,HoReCa,Nairobi,30.71,43.3,0,0,1,102.3,0.08,<10%
L05027,Feta 200g,O01698,Wholesaler,Central,50.86,63.4,1,0,0,103.1,0.08,<10%
L02454,Halloumi 250g,O00996,Supermarket,Central,88.86,36.6,0,1,1,116.4,0.08,<10%
L05075,Feta 200g,O01769,Duka,Nairobi,50.14,57.9,0,1,0,97.3,0.08,<10%
L06169,Fruit ice lolly 6-pack,O00369,Wholesaler,Central,30.57,49.5,0,0,0,87.4,0.08,<10%
L00656,Mature cheddar 200g,O01281,Supermarket,Nairobi,113.86,26.8,1,1,1,112.7,0.08,<10%
L02153,Drinking yoghurt mango 250ml,O00551,Supermarket,Rift Valley,93.86,73.3,1,0,0,92.9,0.08,<10%
L06184,Fruit ice lolly 6-pack,O00035,Petrol station,Nairobi,30.43,72.7,1,0,0,95.0,0.08,<10%
L04881,Feta 200g,O00831,Duka,Coast,52.14,80.9,0,0,0,97.4,0.08,<10%
L01692,Drinking yoghurt mango 250ml,O01584,Supermarket,Rift Valley,99.43,88.5,1,0,0,101.3,0.08,<10%
L06548,Fruit ice lolly 6-pack,O00907,Supermarket,Western,24.0,65.0,1,0,1,96.3,0.08,<10%
L06353,Fruit ice lolly 6-pack,O02101,Supermarket,Coast,29.0,72.7,0,0,0,91.8,0.08,<10%
L02536,Halloumi 250g,O01614,Supermarket,Coast,88.14,65.0,0,0,1,114.1,0.08,<10%
L06820,Mozzarella 500g (food service),O01997,Petrol station,Coast,16.57,87.9,1,1,1,94.4,0.08,<10%
L01947,Vanilla bean ice cream 1L,O00794,Duka,Nairobi,95.57,64.3,0,0,0,107.0,0.08,<10%
L04682,Smoked chicken slices 150g,O02478,Petrol station,Nairobi,56.71,76.2,1,0,1,102.3,0.079,<10%
L06675,Mozzarella 500g (food service),O01153,Wholesaler,Rift Valley,18.86,78.2,1,0,1,95.7,0.079,<10%
L06702,Mozzarella 500g (food service),O00237,Duka,Nairobi,18.57,64.9,0,1,1,100.2,0.079,<10%
L06432,Fruit ice lolly 6-pack,O00985,Duka,Central,28.0,78.6,0,0,0,102.8,0.079,<10%
L02730,Halloumi 250g,O00273,Supermarket,Western,85.71,58.7,0,0,1,112.5,0.079,<10%
L06766,Mozzarella 500g (food service),O01135,Wholesaler,Nairobi,17.71,59.5,0,1,1,98.4,0.079,<10%
L05542,Natural set yoghurt 1kg,O02237,Wholesaler,Nairobi,43.0,66.3,1,0,0,90.4,0.079,<10%
L01609,Drinking yoghurt mango 250ml,O00067,Supermarket,Coast,99.86,90.0,1,1,0,99.0,0.079,<10%
L01898,Drinking yoghurt mango 250ml,O01974,Petrol station,Nairobi,97.14,69.5,1,1,1,104.8,0.079,<10%
L01994,Beef breakfast sausages 500g,O01629,Wholesaler,Central,94.86,78.8,1,0,0,98.2,0.079,<10%
L03972,Choc-chip ice cream 500ml,O00403,Duka,Nairobi,66.43,55.6,0,0,0,101.8,0.078,<10%
L05849,Natural set yoghurt 1kg,O00214,HoReCa,Western,36.86,85.4,0,0,0,100.2,0.078,<10%
L04655,Smoked chicken slices 150g,O01135,Wholesaler,Nairobi,57.14,64.9,1,0,1,93.7,0.078,<10%
L00413,Greek-style yoghurt 450g,O01993,Supermarket,Nairobi,117.0,41.4,1,1,1,97.7,0.078,<10%
L01870,Drinking yoghurt mango 250ml,O01156,Supermarket,Central,97.57,55.1,0,1,1,102.3,0.078,<10%
L06713,Mozzarella 500g (food service),O02182,HoReCa,Nairobi,18.57,52.0,0,1,1,97.6,0.078,<10%
L04008,Choc-chip ice cream 500ml,O02392,Wholesaler,Western,66.29,59.9,0,0,0,100.3,0.078,<10%
L06871,Mozzarella 500g (food service),O01615,HoReCa,Central,14.57,67.3,0,0,1,99.9,0.078,<10%
L06571,Mozzarella 500g (food service),O00188,Supermarket,Central,20.0,69.7,0,1,1,103.5,0.078,<10%
L05771,Natural set yoghurt 1kg,O01490,Duka,Nairobi,37.43,80.2,1,1,0,102.5,0.078,<10%
L05320,Natural set yoghurt 1kg,O01023,Duka,Nairobi,45.14,73.4,0,0,0,95.4,0.078,<10%
L02292,Beef breakfast sausages 500g,O02521,Wholesaler,Nairobi,92.57,40.1,0,1,1,98.5,0.078,<10%
L02082,Beef breakfast sausages 500g,O01859,Supermarket,Nyanza,94.43,71.4,0,0,0,100.6,0.078,<10%
L06152,Fruit ice lolly 6-pack,O00999,Supermarket,Nairobi,30.71,42.0,0,1,1,105.3,0.077,<10%
L00695,Mature cheddar 200g,O00955,Supermarket,Nairobi,113.43,26.7,1,1,1,107.1,0.077,<10%
L03118,Salted butter 250g,O02544,Petrol station,Nairobi,80.14,28.5,1,0,1,101.4,0.077,<10%
L04386,Choc-chip ice cream 500ml,O02559,Petrol station,Central,59.71,77.8,1,0,0,112.3,0.077,<10%
L03746,Strawberry milk 500ml,O00737,Supermarket,Western,71.14,88.7,1,1,0,94.8,0.077,<10%
L02012,Beef breakfast sausages 500g,O01071,Supermarket,Coast,94.71,72.6,1,0,0,87.5,0.077,<10%
L04940,Feta 200g,O01268,Supermarket,Coast,51.71,61.7,0,1,1,106.7,0.077,<10%
L04589,Smoked chicken slices 150g,O01751,Supermarket,Central,58.14,65.8,1,1,1,103.2,0.077,<10%
L05481,Natural set yoghurt 1kg,O00020,Petrol station,Coast,43.71,74.5,0,1,1,96.8,0.077,<10%
L04070,Choc-chip ice cream 500ml,O00605,Duka,Coast,65.71,76.5,0,1,0,110.9,0.077,<10%
L06399,Fruit ice lolly 6-pack,O02428,Petrol station,Nyanza,28.43,73.6,1,1,1,108.2,0.077,<10%
L02178,Beef breakfast sausages 500g,O00560,Supermarket,Rift Valley,93.71,67.2,1,1,1,110.5,0.077,<10%
L05753,Fresh cream 250ml,O00715,Supermarket,Nairobi,37.57,76.2,1,1,1,105.1,0.077,<10%
L04707,Smoked chicken slices 150g,O00589,Wholesaler,Nyanza,56.0,84.7,1,0,1,103.4,0.077,<10%
L05100,Feta 200g,O00543,Supermarket,Nyanza,49.57,80.2,1,0,0,111.4,0.077,<10%
L06868,Mozzarella 500g (food service),O01981,HoReCa,Western,14.86,88.5,1,0,0,94.6,0.077,<10%
L06764,Mozzarella 500g (food service),O02198,HoReCa,Western,17.86,87.6,1,1,0,98.5,0.077,<10%
L03992,Choc-chip ice cream 500ml,O02406,Wholesaler,Central,66.43,51.9,1,1,0,105.4,0.077,<10%
L04245,Choc-chip ice cream 500ml,O00921,Duka,Central,64.0,33.6,0,1,1,95.7,0.077,<10%
L06185,Fruit ice lolly 6-pack,O00091,Wholesaler,Rift Valley,30.43,64.3,0,0,0,90.1,0.077,<10%
L06588,Mozzarella 500g (food service),O00127,Supermarket,Nairobi,19.71,65.1,1,0,1,90.9,0.077,<10%
L06236,Fruit ice lolly 6-pack,O02534,Supermarket,Nyanza,30.14,76.1,1,0,0,94.7,0.076,<10%
L05633,Natural set yoghurt 1kg,O00122,Supermarket,Nairobi,41.29,55.6,1,1,1,97.0,0.076,<10%
L04703,Smoked chicken slices 150g,O00003,Supermarket,Rift Valley,56.0,75.8,0,1,1,115.2,0.076,<10%
L05083,Feta 200g,O01472,Wholesaler,Western,50.0,66.7,1,0,1,99.9,0.076,<10%
L04757,Smoked chicken slices 150g,O02210,Wholesaler,Coast,54.14,85.4,1,1,1,105.0,0.076,<10%
L06506,Fruit ice lolly 6-pack,O00439,HoReCa,Rift Valley,26.0,78.9,1,0,0,104.8,0.076,<10%
L05515,Natural set yoghurt 1kg,O01492,HoReCa,Nairobi,43.43,62.0,0,0,0,86.1,0.076,<10%
L05526,Natural set yoghurt 1kg,O01537,Petrol station,Nairobi,43.29,72.7,1,1,1,101.3,0.076,<10%
L05151,Feta 200g,O01919,Petrol station,Nyanza,48.0,75.5,1,1,0,97.6,0.076,<10%
L06206,Fruit ice lolly 6-pack,O00655,Supermarket,Coast,30.29,55.8,0,1,1,99.2,0.076,<10%
L05454,Natural set yoghurt 1kg,O02163,Supermarket,Rift Valley,44.14,77.7,0,0,0,92.7,0.076,<10%
L02599,Halloumi 250g,O01685,Wholesaler,Central,87.57,44.0,1,1,0,107.6,0.076,<10%
L05933,Fresh cream 250ml,O00012,Wholesaler,Nairobi,35.86,60.3,1,1,1,88.0,0.075,<10%
L06273,Fresh cream 250ml,O00186,Petrol station,Nairobi,29.71,74.3,1,1,1,91.3,0.075,<10%
L01594,Drinking yoghurt mango 250ml,O00891,Supermarket,Nairobi,100.0,60.5,1,1,1,98.8,0.075,<10%
L06555,Fruit ice lolly 6-pack,O00805,Duka,Nairobi,23.14,84.9,1,0,0,104.7,0.075,<10%
L01429,Drinking yoghurt mango 250ml,O00447,Wholesaler,Nyanza,100.86,79.6,1,1,1,97.2,0.075,<10%
L03490,Strawberry milk 500ml,O00624,Supermarket,Nyanza,73.29,65.6,0,1,1,92.7,0.075,<10%
L06783,Mozzarella 500g (food service),O00207,Supermarket,Nairobi,17.29,79.4,1,1,0,98.5,0.075,<10%
L02407,Beef breakfast sausages 500g,O01662,Duka,Rift Valley,90.43,83.1,1,0,0,98.6,0.075,<10%
L06604,Mozzarella 500g (food service),O01273,Supermarket,Nairobi,19.57,58.4,0,1,1,103.8,0.075,<10%
L02895,Salted butter 250g,O01616,HoReCa,Central,81.57,39.9,0,0,0,98.3,0.074,<10%
L06441,Fruit ice lolly 6-pack,O00288,Wholesaler,Western,27.86,81.0,0,1,0,102.5,0.074,<10%
L04920,Feta 200g,O01224,Supermarket,Nyanza,51.86,67.8,1,0,1,107.9,0.074,<10%
L06576,Mozzarella 500g (food service),O01899,HoReCa,Central,20.0,65.8,0,1,0,95.9,0.074,<10%
L03638,Strawberry milk 500ml,O00747,Supermarket,Rift Valley,72.29,60.1,0,1,1,93.3,0.074,<10%
L04374,Smoked chicken slices 150g,O00633,Supermarket,Central,59.86,65.2,0,1,1,107.1,0.074,<10%
L04853,Smoked chicken slices 150g,O00029,Supermarket,Nairobi,52.29,61.5,1,1,1,109.1,0.074,<10%
L04551,Smoked chicken slices 150g,O01720,Supermarket,Nairobi,58.43,71.1,1,1,1,113.7,0.074,<10%
L02184,Beef breakfast sausages 500g,O01285,Wholesaler,Nairobi,93.71,67.1,1,0,0,93.4,0.074,<10%
L05499,Natural set yoghurt 1kg,O00477,HoReCa,Coast,43.57,90.6,0,0,0,98.7,0.073,<10%
L01811,Drinking yoghurt mango 250ml,O01042,Wholesaler,Nairobi,98.43,67.7,0,0,0,90.5,0.073,<10%
L04451,Smoked chicken slices 150g,O02197,Petrol station,Central,59.29,72.0,0,0,1,104.6,0.073,<10%
L04243,Choc-chip ice cream 500ml,O00384,Duka,Nairobi,64.0,45.5,0,0,1,102.8,0.073,<10%
L01862,Drinking yoghurt mango 250ml,O00413,Supermarket,Rift Valley,97.71,57.3,0,1,1,104.5,0.073,<10%
L06536,Fruit ice lolly 6-pack,O01498,Duka,Rift Valley,25.0,83.9,0,1,0,104.6,0.073,<10%
L04856,Feta 200g,O00318,Petrol station,Coast,52.29,72.6,0,0,1,103.5,0.073,<10%
L04563,Smoked chicken slices 150g,O00722,Wholesaler,Coast,58.29,90.0,1,1,1,104.2,0.073,<10%
L06597,Mozzarella 500g (food service),O00069,Supermarket,Nairobi,19.57,73.6,0,1,0,105.8,0.073,<10%
L01587,Drinking yoghurt mango 250ml,O00269,HoReCa,Rift Valley,100.0,63.0,0,1,0,96.2,0.073,<10%
L02970,Salted butter 250g,O01270,HoReCa,Rift Valley,81.14,52.3,0,0,0,101.3,0.073,<10%
L02261,Beef breakfast sausages 500g,O02276,Wholesaler,Central,93.0,72.1,1,0,0,94.0,0.073,<10%
L02344,Beef breakfast sausages 500g,O00934,HoReCa,Nairobi,91.71,56.3,0,0,0,93.0,0.073,<10%
L04607,Smoked chicken slices 150g,O01156,Supermarket,Central,57.86,71.8,1,1,1,113.7,0.073,<10%
L02027,Beef breakfast sausages 500g,O02011,HoReCa,Coast,94.71,68.9,0,0,0,88.5,0.073,<10%
L01360,Vanilla bean ice cream 1L,O00667,Petrol station,Western,103.14,57.1,0,1,0,102.2,0.072,<10%
L02583,Halloumi 250g,O01172,Supermarket,Western,87.71,57.5,0,1,0,109.8,0.072,<10%
L00894,Mature cheddar 200g,O01806,Petrol station,Central,110.57,59.7,1,1,0,103.1,0.072,<10%
L04242,Choc-chip ice cream 500ml,O00138,HoReCa,Nairobi,64.0,45.6,0,0,0,104.7,0.072,<10%
L01428,Drinking yoghurt mango 250ml,O00249,Wholesaler,Central,100.86,71.6,1,0,1,89.3,0.072,<10%
L06574,Mozzarella 500g (food service),O01316,Supermarket,Rift Valley,20.0,67.1,1,1,1,92.4,0.072,<10%
L04926,Smoked chicken slices 150g,O00697,Petrol station,Nairobi,51.71,80.8,0,0,1,105.1,0.072,<10%
L04232,Choc-chip ice cream 500ml,O02179,Supermarket,Central,64.29,40.5,1,1,1,102.7,0.072,<10%
L02856,Salted butter 250g,O01295,Wholesaler,Coast,81.86,62.4,0,0,0,94.5,0.072,<10%
L01931,Drinking yoghurt mango 250ml,O00410,HoReCa,Central,96.29,79.4,0,0,0,94.0,0.072,<10%
L03095,Salted butter 250g,O01691,Petrol station,Rift Valley,80.29,56.3,0,0,1,101.3,0.072,<10%
L02972,Salted butter 250g,O01546,Petrol station,Nairobi,81.14,38.1,0,1,1,107.4,0.071,<10%
L03543,Strawberry milk 500ml,O00891,Supermarket,Nairobi,73.0,55.1,1,1,1,92.7,0.071,<10%
L06250,Fruit ice lolly 6-pack,O02310,Wholesaler,Western,30.0,51.2,1,1,1,89.4,0.071,<10%
L06479,Fruit ice lolly 6-pack,O02223,Wholesaler,Coast,27.0,80.0,0,0,0,86.3,0.071,<10%
L06168,Fruit ice lolly 6-pack,O00320,Wholesaler,Nairobi,30.57,56.3,1,1,0,95.2,0.071,<10%
L01239,Vanilla bean ice cream 1L,O01064,Wholesaler,Nairobi,105.43,62.8,1,0,0,93.3,0.071,<10%
L03275,Salted butter 250g,O01371,Duka,Nairobi,78.14,60.5,0,0,0,103.8,0.071,<10%
L00933,Mature cheddar 200g,O02549,Supermarket,Rift Valley,108.86,63.4,1,1,1,119.8,0.071,<10%
L05072,Feta 200g,O00673,Duka,Nairobi,50.14,86.4,1,0,0,119.7,0.071,<10%
L01842,Drinking yoghurt mango 250ml,O00328,Petrol station,Nairobi,98.0,58.7,0,1,1,94.2,0.071,<10%
L03096,Salted butter 250g,O01985,Duka,Nairobi,80.29,53.8,0,0,0,106.0,0.071,<10%
L04564,Smoked chicken slices 150g,O00825,Supermarket,Coast,58.29,83.7,1,1,1,101.2,0.071,<10%
L06179,Fruit ice lolly 6-pack,O01849,Duka,Nairobi,30.57,84.7,1,0,0,107.0,0.071,<10%
L03529,Strawberry milk 500ml,O01840,Wholesaler,Central,73.14,71.8,1,0,1,87.6,0.071,<10%
L06440,Fruit ice lolly 6-pack,O00264,Wholesaler,Coast,27.86,68.2,0,0,1,91.7,0.071,<10%
L05664,Natural set yoghurt 1kg,O00402,Petrol station,Coast,40.14,93.2,1,1,0,91.6,0.071,<10%
L01791,Drinking yoghurt mango 250ml,O00809,Supermarket,Central,98.57,57.7,0,1,1,102.6,0.071,<10%
L01793,Drinking yoghurt mango 250ml,O00839,Supermarket,Nairobi,98.57,63.2,0,1,0,97.7,0.071,<10%
L01421,Drinking yoghurt mango 250ml,O02278,Supermarket,Rift Valley,101.0,52.2,0,1,1,100.0,0.071,<10%
L05121,Feta 200g,O01019,HoReCa,Coast,49.0,72.6,0,1,0,104.8,0.071,<10%
L03276,Salted butter 250g,O01823,Petrol station,Rift Valley,78.14,54.4,0,0,0,86.0,0.071,<10%
L05520,Natural set yoghurt 1kg,O00181,Supermarket,Coast,43.29,75.4,0,1,1,102.9,0.071,<10%
L03184,Salted butter 250g,O00716,Duka,Western,79.43,45.8,0,0,1,92.9,0.07,<10%
L04983,Feta 200g,O01250,Duka,Coast,51.29,73.2,0,0,1,97.5,0.07,<10%
L02435,Halloumi 250g,O01214,Wholesaler,Central,89.14,62.6,0,0,0,109.6,0.07,<10%
L06357,Fruit ice lolly 6-pack,O00193,Wholesaler,Coast,28.86,91.0,1,0,0,95.4,0.07,<10%
L03578,Salted butter 250g,O01573,Petrol station,Rift Valley,72.71,49.5,0,0,1,95.8,0.07,<10%
L06170,Fruit ice lolly 6-pack,O00577,Petrol station,Coast,30.57,73.0,0,0,1,91.8,0.07,<10%
L06700,Mozzarella 500g (food service),O02543,Supermarket,Nairobi,18.71,65.3,1,0,1,91.3,0.07,<10%
L04213,Choc-chip ice cream 500ml,O02283,Supermarket,Nyanza,64.57,66.2,1,0,1,109.7,0.07,<10%
L05624,Natural set yoghurt 1kg,O00764,Wholesaler,Rift Valley,41.43,79.2,0,0,0,93.8,0.07,<10%
L06201,Fruit ice lolly 6-pack,O00263,Wholesaler,Rift Valley,30.29,67.9,1,0,0,91.9,0.069,<10%
L01449,Drinking yoghurt mango 250ml,O02125,Supermarket,Nairobi,100.86,78.3,1,0,1,98.8,0.069,<10%
L06893,Mozzarella 500g (food service),O02337,Supermarket,Nairobi,12.71,60.1,1,1,1,98.0,0.069,<10%
L03648,Strawberry milk 500ml,O02088,HoReCa,Nairobi,72.29,53.9,0,1,1,88.9,0.069,<10%
L01578,Drinking yoghurt mango 250ml,O01898,HoReCa,Nairobi,100.14,65.4,0,0,0,92.4,0.069,<10%
L05244,Natural set yoghurt 1kg,O02378,Petrol station,Nairobi,45.71,71.3,0,1,0,100.4,0.069,<10%
L05660,Natural set yoghurt 1kg,O00383,HoReCa,Western,40.29,88.8,1,0,0,93.5,0.069,<10%
L03372,Salted butter 250g,O02113,HoReCa,Central,74.57,40.8,0,0,0,98.2,0.069,<10%
L01437,Drinking yoghurt mango 250ml,O01242,Supermarket,Coast,100.86,78.5,0,0,1,91.7,0.069,<10%
L04791,Feta 200g,O01242,Supermarket,Coast,52.86,66.7,0,1,1,107.5,0.069,<10%
L05661,Natural set yoghurt 1kg,O00688,Duka,Central,40.29,90.8,1,0,0,94.1,0.069,<10%
L06462,Fruit ice lolly 6-pack,O02253,Petrol station,Nyanza,27.43,83.9,1,0,0,95.0,0.069,<10%
L02007,Beef breakfast sausages 500g,O00633,Supermarket,Central,94.71,62.3,1,0,1,91.9,0.068,<10%
L04294,Choc-chip ice cream 500ml,O02275,Duka,Nairobi,62.86,65.0,0,0,0,107.4,0.068,<10%
L04377,Smoked chicken slices 150g,O01705,Supermarket,Rift Valley,59.86,70.4,1,1,1,102.4,0.068,<10%
L06443,Fruit ice lolly 6-pack,O01614,Supermarket,Coast,27.86,71.0,1,1,1,104.9,0.068,<10%
L04591,Smoked chicken slices 150g,O02066,Supermarket,Coast,58.14,89.9,1,1,1,108.5,0.068,<10%
L01571,Drinking yoghurt mango 250ml,O00980,Supermarket,Rift Valley,100.14,68.2,1,1,1,93.6,0.068,<10%
L05456,Natural set yoghurt 1kg,O02376,Supermarket,Coast,44.14,82.7,0,1,0,97.8,0.068,<10%
L01452,Drinking yoghurt mango 250ml,O02382,Wholesaler,Nyanza,100.86,87.7,1,0,1,98.1,0.068,<10%
L04240,Choc-chip ice cream 500ml,O01820,Wholesaler,Central,64.14,68.4,1,0,0,102.2,0.068,<10%
L05203,Natural set yoghurt 1kg,O00551,Supermarket,Rift Valley,45.86,71.0,1,1,0,97.2,0.068,<10%
L01996,Beef breakfast sausages 500g,O01944,Wholesaler,Western,94.86,87.7,1,0,0,92.1,0.068,<10%
L01699,Drinking yoghurt mango 250ml,O02427,Wholesaler,Nairobi,99.43,52.6,0,1,1,96.6,0.068,<10%
L03361,Salted butter 250g,O01927,Duka,Nyanza,75.43,67.1,1,0,0,101.3,0.068,<10%
L06575,Mozzarella 500g (food service),O01521,HoReCa,Central,20.0,67.6,0,0,1,96.3,0.067,<10%
L05537,Natural set yoghurt 1kg,O01352,Wholesaler,Western,43.0,88.2,1,1,0,98.3,0.067,<10%
L05302,Natural set yoghurt 1kg,O01645,Petrol station,Nairobi,45.29,66.7,0,1,1,95.7,0.067,<10%
L05047,Feta 200g,O00403,Duka,Nairobi,50.43,72.4,0,0,0,102.5,0.067,<10%
L05174,Feta 200g,O02496,Duka,Nairobi,46.14,73.5,1,1,1,115.9,0.067,<10%
L02285,Drinking yoghurt mango 250ml,O02391,Supermarket,Coast,92.57,79.2,1,1,1,101.7,0.067,<10%
L05971,Fresh cream 250ml,O00006,Supermarket,Central,35.43,86.1,1,1,0,101.8,0.067,<10%
L05365,Natural set yoghurt 1kg,O02002,Supermarket,Nairobi,44.86,65.8,1,1,0,99.1,0.067,<10%
L00597,Mature cheddar 200g,O02343,Supermarket,Nyanza,114.29,43.7,1,1,1,115.2,0.067,<10%
L06814,Mozzarella 500g (food service),O01454,HoReCa,Nyanza,16.71,76.2,0,1,0,88.1,0.067,<10%
L05005,Feta 200g,O02533,Duka,Central,51.14,77.2,0,0,0,101.5,0.067,<10%
L04219,Choc-chip ice cream 500ml,O02023,Wholesaler,Nairobi,64.43,61.0,0,0,0,117.2,0.067,<10%
L06534,Fruit ice lolly 6-pack,O00484,Duka,Nairobi,25.0,56.1,1,1,1,96.6,0.067,<10%
L02637,Halloumi 250g,O00127,Supermarket,Nairobi,87.14,35.1,1,1,1,117.2,0.067,<10%
L01039,Vanilla bean ice cream 1L,O01410,Supermarket,Nairobi,107.43,49.5,1,1,1,108.3,0.067,<10%
L05125,Feta 200g,O02262,Supermarket,Central,48.86,56.1,0,0,1,107.2,0.067,<10%
L04646,Smoked chicken slices 150g,O01712,HoReCa,Nyanza,57.29,80.5,0,0,1,108.7,0.067,<10%
L01444,Drinking yoghurt mango 250ml,O01494,HoReCa,Central,100.86,76.6,1,0,1,99.4,0.067,<10%
L04471,Smoked chicken slices 150g,O01816,Wholesaler,Rift Valley,59.14,66.3,0,1,1,102.2,0.067,<10%
L01799,Drinking yoghurt mango 250ml,O01261,HoReCa,Coast,98.57,89.5,0,0,0,96.3,0.067,<10%
L01475,Drinking yoghurt mango 250ml,O01595,Supermarket,Coast,100.71,75.7,1,1,1,92.8,0.067,<10%
L04283,Choc-chip ice cream 500ml,O02347,Duka,Nairobi,63.14,67.1,0,0,0,110.2,0.067,<10%
L04882,Feta 200g,O01115,Supermarket,Nyanza,52.14,62.4,1,1,1,104.1,0.067,<10%
L06914,Mozzarella 500g (food service),O02228,HoReCa,Central,10.71,71.0,0,0,1,95.4,0.066,<10%
L05284,Natural set yoghurt 1kg,O01512,Supermarket,Western,45.43,80.5,1,1,0,90.8,0.066,<10%
L05179,Feta 200g,O00770,Petrol station,Nairobi,46.0,67.9,1,0,0,94.0,0.066,<10%
L03456,Salted butter 250g,O00886,HoReCa,Coast,73.43,65.9,0,0,0,106.2,0.066,<10%
L02701,Halloumi 250g,O01632,Supermarket,Coast,86.29,60.3,0,1,1,115.4,0.066,<10%
L02650,Halloumi 250g,O01268,Supermarket,Coast,87.0,65.3,0,1,1,115.8,0.066,<10%
L05105,Feta 200g,O02308,Duka,Nairobi,49.57,88.6,1,0,0,118.2,0.066,<10%
L05770,Natural set yoghurt 1kg,O01318,Duka,Central,37.43,71.7,0,0,1,93.8,0.066,<10%
L00589,Mature cheddar 200g,O00551,Supermarket,Rift Valley,114.29,56.0,1,1,0,117.8,0.066,<10%
L06865,Mozzarella 500g (food service),O00003,Supermarket,Rift Valley,15.0,86.8,1,0,1,106.5,0.066,<10%
L05501,Natural set yoghurt 1kg,O01171,Wholesaler,Coast,43.57,77.0,0,1,1,98.4,0.066,<10%
L06209,Fruit ice lolly 6-pack,O00781,Duka,Nairobi,30.29,88.6,0,0,0,108.9,0.066,<10%
L05388,Natural set yoghurt 1kg,O02095,Supermarket,Western,44.71,81.0,1,1,0,100.6,0.066,<10%
L06886,Mozzarella 500g (food service),O01288,HoReCa,Nairobi,13.14,76.5,0,1,0,103.0,0.066,<10%
L05345,Natural set yoghurt 1kg,O02289,Wholesaler,Rift Valley,45.0,73.9,1,0,1,88.0,0.065,<10%
L01650,Drinking yoghurt mango 250ml,O02579,Supermarket,Western,99.71,89.3,1,1,0,101.2,0.065,<10%
L02491,Halloumi 250g,O01066,Supermarket,Central,88.57,48.5,0,1,1,110.4,0.065,<10%
L04068,Choc-chip ice cream 500ml,O00174,Duka,Coast,65.71,86.9,0,0,0,107.1,0.065,<10%
L04489,Smoked chicken slices 150g,O01855,HoReCa,Western,59.0,82.0,1,1,0,95.0,0.065,<10%
L01189,Vanilla bean ice cream 1L,O02160,HoReCa,Nairobi,106.14,29.0,0,0,0,102.9,0.065,<10%
L04066,Choc-chip ice cream 500ml,O02366,Wholesaler,Nairobi,65.86,69.2,1,0,0,116.1,0.065,<10%
L04364,Smoked chicken slices 150g,O01761,Supermarket,Rift Valley,60.0,89.0,1,1,0,106.8,0.065,<10%
L01825,Drinking yoghurt mango 250ml,O01034,Duka,Rift Valley,98.29,78.4,0,0,1,97.5,0.065,<10%
L06208,Fruit ice lolly 6-pack,O00743,Supermarket,Nairobi,30.29,45.7,0,1,1,101.2,0.065,<10%
L04474,Smoked chicken slices 150g,O02018,Wholesaler,Central,59.14,68.3,1,1,1,102.6,0.065,<10%
L06301,Fruit ice lolly 6-pack,O00960,Supermarket,Coast,29.43,76.9,1,1,1,107.6,0.065,<10%
L06746,Mozzarella 500g (food service),O02479,Supermarket,Nyanza,18.14,88.1,1,1,0,94.1,0.065,<10%
L05606,Natural set yoghurt 1kg,O01588,Petrol station,Nairobi,41.86,77.5,0,0,0,95.9,0.065,<10%
L01752,Drinking yoghurt mango 250ml,O02287,Duka,Central,99.0,73.5,0,1,0,95.8,0.065,<10%
L06280,Fruit ice lolly 6-pack,O01264,Supermarket,Nairobi,29.71,51.1,1,1,1,104.2,0.065,<10%
L05469,Feta 200g,O01565,Duka,Nairobi,43.86,78.1,0,0,1,113.5,0.065,<10%
L06197,Fruit ice lolly 6-pack,O02239,HoReCa,Rift Valley,30.43,73.2,1,0,0,98.7,0.065,<10%
L06417,Fruit ice lolly 6-pack,O00202,Duka,Central,28.14,78.6,1,0,0,89.9,0.065,<10%
L05349,Natural set yoghurt 1kg,O00116,Supermarket,Coast,44.86,84.7,1,0,1,99.7,0.065,<10%
L05897,Fresh cream 250ml,O01982,Supermarket,Central,36.43,64.5,1,1,1,97.4,0.065,<10%
L04324,Choc-chip ice cream 500ml,O01338,HoReCa,Nairobi,61.43,57.4,0,0,0,109.4,0.064,<10%
L04054,Choc-chip ice cream 500ml,O00033,Wholesaler,Central,65.86,50.1,0,0,0,97.7,0.064,<10%
L04410,Smoked chicken slices 150g,O02059,Supermarket,Coast,59.57,83.3,0,1,1,103.0,0.064,<10%
L04977,Feta 200g,O00210,HoReCa,Central,51.29,58.7,0,1,1,111.4,0.064,<10%
L04861,Feta 200g,O01173,Supermarket,Central,52.29,51.2,1,1,1,106.3,0.064,<10%
L05569,Natural set yoghurt 1kg,O01295,Wholesaler,Coast,42.57,89.5,0,0,0,82.3,0.064,<10%
L04939,Feta 200g,O01221,HoReCa,Central,51.71,76.0,1,0,0,115.6,0.064,<10%
L02612,Halloumi 250g,O00916,Wholesaler,Nairobi,87.43,32.9,0,1,1,105.9,0.064,<10%
L04039,Choc-chip ice cream 500ml,O01378,HoReCa,Nairobi,66.0,58.0,0,0,0,109.1,0.064,<10%
L05097,Feta 200g,O02560,Duka,Nyanza,49.71,78.7,0,1,0,102.1,0.064,<10%
L03215,Salted butter 250g,O00910,Wholesaler,Nairobi,79.0,51.7,0,0,0,102.6,0.064,<10%
L05691,Natural set yoghurt 1kg,O02530,HoReCa,Central,38.43,75.9,1,0,0,88.9,0.064,<10%
L02680,Halloumi 250g,O02409,Wholesaler,Central,86.57,63.1,0,0,0,109.5,0.064,<10%
L06908,Mozzarella 500g (food service),O01117,Supermarket,Rift Valley,11.57,74.4,1,1,1,107.4,0.064,<10%
L02263,Drinking yoghurt mango 250ml,O00146,Duka,Western,92.86,77.0,0,1,0,87.8,0.064,<10%
L05538,Natural set yoghurt 1kg,O01388,Supermarket,Rift Valley,43.0,68.3,1,1,1,98.8,0.064,<10%
L06880,Mozzarella 500g (food service),O01994,HoReCa,Rift Valley,13.71,83.8,1,0,1,102.1,0.064,<10%
L06836,Mozzarella 500g (food service),O00245,HoReCa,Nairobi,16.0,55.4,1,1,1,93.5,0.063,<10%
L03467,Strawberry milk 500ml,O00855,Wholesaler,Nairobi,73.43,61.6,0,0,1,81.5,0.063,<10%
L04043,Choc-chip ice cream 500ml,O01627,Supermarket,Coast,66.0,81.1,1,1,0,112.0,0.063,<10%
L06322,Fruit ice lolly 6-pack,O00729,Supermarket,Coast,29.29,79.2,0,0,1,107.5,0.063,<10%
L05733,Fresh cream 250ml,O00742,Supermarket,Central,37.71,61.2,0,1,1,95.9,0.063,<10%
L04555,Smoked chicken slices 150g,O02498,HoReCa,Nyanza,58.43,83.5,0,1,0,103.7,0.063,<10%
L05144,Feta 200g,O02576,Duka,Nairobi,48.29,72.1,0,0,0,101.4,0.063,<10%
L01601,Drinking yoghurt mango 250ml,O01866,Duka,Nairobi,100.0,80.0,0,0,0,95.0,0.063,<10%
L05142,Feta 200g,O00450,Duka,Nyanza,48.29,78.5,0,1,0,106.9,0.063,<10%
L06568,Mozzarella 500g (food service),O00203,Supermarket,Nairobi,20.14,85.7,1,0,0,98.0,0.063,<10%
L06484,Fruit ice lolly 6-pack,O02000,Supermarket,Nyanza,26.86,87.6,1,1,0,108.7,0.063,<10%
L06629,Mozzarella 500g (food service),O01369,Wholesaler,Nairobi,19.29,82.0,1,0,0,92.0,0.063,<10%
L05171,Feta 200g,O00125,HoReCa,Nairobi,46.57,51.9,0,0,0,102.5,0.063,<10%
L06552,Fruit ice lolly 6-pack,O01397,Petrol station,Nairobi,23.29,70.0,0,1,1,106.4,0.063,<10%
L04517,Smoked chicken slices 150g,O01269,Duka,Rift Valley,58.71,91.7,0,0,1,101.8,0.063,<10%
L01887,Drinking yoghurt mango 250ml,O00107,Supermarket,Coast,97.29,75.0,0,1,1,98.3,0.063,<10%
L01188,Vanilla bean ice cream 1L,O02043,Wholesaler,Western,106.14,77.9,1,0,1,97.5,0.063,<10%
L04559,Smoked chicken slices 150g,O00428,Wholesaler,Coast,58.29,94.4,1,1,0,98.7,0.063,<10%
L01807,Drinking yoghurt mango 250ml,O00164,Petrol station,Nyanza,98.43,91.9,1,1,0,82.6,0.063,<10%
L04457,Choc-chip ice cream 500ml,O02249,HoReCa,Nairobi,59.14,61.1,0,0,0,105.2,0.063,<10%
L04361,Smoked chicken slices 150g,O00624,Supermarket,Nyanza,60.0,83.5,1,1,1,108.4,0.063,<10%
L02345,Beef breakfast sausages 500g,O00996,Supermarket,Central,91.71,54.3,0,1,1,102.7,0.062,<10%
L00478,Mature cheddar 200g,O00513,Supermarket,Central,115.0,41.4,1,0,1,110.2,0.062,<10%
L06251,Fruit ice lolly 6-pack,O00158,Duka,Rift Valley,29.86,77.9,0,1,0,94.8,0.062,<10%
L05867,Fresh cream 250ml,O01008,Supermarket,Nyanza,36.71,78.6,1,1,1,99.7,0.062,<10%
L05541,Natural set yoghurt 1kg,O02067,Supermarket,Nairobi,43.0,66.1,1,1,1,107.2,0.062,<10%
L04348,Choc-chip ice cream 500ml,O02161,Duka,Rift Valley,60.14,62.6,0,1,0,108.5,0.062,<10%
L05685,Natural set yoghurt 1kg,O01351,Petrol station,Nairobi,39.0,75.8,0,0,1,93.4,0.062,<10%
L04029,Choc-chip ice cream 500ml,O02461,HoReCa,Rift Valley,66.14,50.6,0,0,0,95.7,0.062,<10%
L03929,Choc-chip ice cream 500ml,O01841,Supermarket,Nairobi,66.86,38.7,0,1,1,110.4,0.062,<10%
L00389,Greek-style yoghurt 450g,O01023,Duka,Nairobi,117.43,70.9,1,1,0,100.7,0.062,<10%
L06465,Fruit ice lolly 6-pack,O00559,Supermarket,Nairobi,27.29,67.7,1,0,0,94.5,0.062,<10%
L04839,Feta 200g,O01038,HoReCa,Coast,52.43,78.2,1,0,0,99.4,0.062,<10%
L01059,Vanilla bean ice cream 1L,O01790,Wholesaler,Rift Valley,107.29,31.1,0,0,1,104.6,0.062,<10%
L05256,Natural set yoghurt 1kg,O01400,HoReCa,Nairobi,45.57,71.0,1,0,0,86.7,0.062,<10%
L04992,Feta 200g,O00310,Petrol station,Coast,51.14,91.4,1,1,0,107.9,0.061,<10%
L01596,Drinking yoghurt mango 250ml,O01183,Wholesaler,Coast,100.0,85.0,0,0,0,91.2,0.061,<10%
L03137,Salted butter 250g,O00748,Wholesaler,Western,79.86,64.7,0,0,0,96.5,0.061,<10%
L02665,Beef breakfast sausages 500g,O00486,Duka,Coast,86.71,91.0,0,1,0,96.3,0.061,<10%
L04902,Feta 200g,O00994,Duka,Coast,52.0,79.1,1,0,1,99.0,0.061,<10%
L06149,Fruit ice lolly 6-pack,O00829,Duka,Nairobi,30.71,78.3,1,0,0,97.3,0.061,<10%
L04139,Choc-chip ice cream 500ml,O01595,Supermarket,Coast,65.29,76.8,1,1,1,115.9,0.061,<10%
L04475,Smoked chicken slices 150g,O02104,Wholesaler,Central,59.14,72.3,0,0,1,99.2,0.061,<10%
L06226,Fruit ice lolly 6-pack,O00704,Supermarket,Nyanza,30.14,62.3,1,1,1,95.2,0.061,<10%
L04367,Smoked chicken slices 150g,O00033,Wholesaler,Central,59.86,72.6,0,1,0,97.4,0.061,<10%
L03230,Salted butter 250g,O00867,Duka,Rift Valley,78.86,61.2,0,1,0,103.9,0.061,<10%
L02944,Salted butter 250g,O02491,Wholesaler,Rift Valley,81.29,46.8,0,0,0,85.0,0.061,<10%
L03032,Salted butter 250g,O01058,Wholesaler,Coast,80.71,63.4,0,0,0,93.0,0.061,<10%
L00966,Vanilla bean ice cream 1L,O01800,Wholesaler,Rift Valley,107.86,59.6,1,1,1,105.6,0.061,<10%
L02905,Salted butter 250g,O02425,Wholesaler,Central,81.57,46.7,0,0,0,95.2,0.061,<10%
L06027,Fresh cream 250ml,O02125,Supermarket,Nairobi,34.71,69.6,0,1,1,100.9,0.061,<10%
L04248,Choc-chip ice cream 500ml,O01542,Wholesaler,Coast,64.0,69.1,0,0,0,100.0,0.061,<10%
L04588,Smoked chicken slices 150g,O01698,Wholesaler,Central,58.14,90.7,1,0,0,93.0,0.061,<10%
L00400,Greek-style yoghurt 450g,O02343,Supermarket,Nyanza,117.29,65.4,1,1,1,105.5,0.061,<10%
L01702,Drinking yoghurt mango 250ml,O00157,Wholesaler,Nairobi,99.29,72.0,1,0,0,83.6,0.061,<10%
L01058,Vanilla bean ice cream 1L,O01476,Wholesaler,Nairobi,107.29,60.4,1,0,1,97.7,0.061,<10%
L01332,Vanilla bean ice cream 1L,O00286,Duka,Western,103.71,66.0,0,0,0,103.8,0.061,<10%
L03060,Salted butter 250g,O01781,Duka,Nyanza,80.57,63.6,0,0,0,94.0,0.061,<10%
L02235,Beef breakfast sausages 500g,O02334,Supermarket,Rift Valley,93.29,71.0,0,0,1,111.6,0.061,<10%
L00924,Mature cheddar 200g,O02247,Wholesaler,Nairobi,109.57,64.3,1,0,0,96.7,0.061,<10%
L01664,Drinking yoghurt mango 250ml,O01062,Petrol station,Nairobi,99.57,88.7,1,1,0,96.6,0.06,<10%
L06891,Mozzarella 500g (food service),O00449,Petrol station,Nairobi,12.71,73.4,1,1,1,94.5,0.06,<10%
L01427,Drinking yoghurt mango 250ml,O00140,Supermarket,Nairobi,100.86,82.4,1,1,0,102.9,0.06,<10%
L03922,Choc-chip ice cream 500ml,O02486,Supermarket,Coast,67.0,67.6,0,1,1,118.1,0.06,<10%
L05401,Natural set yoghurt 1kg,O01173,Supermarket,Central,44.57,56.2,0,1,1,91.8,0.06,<10%
L02347,Beef breakfast sausages 500g,O01242,Supermarket,Coast,91.71,78.8,1,1,1,104.9,0.06,<10%
L05865,Fresh cream 250ml,O00855,Wholesaler,Nairobi,36.71,75.7,1,1,1,90.6,0.06,<10%
L01514,Vanilla bean ice cream 1L,O01984,Petrol station,Nairobi,100.43,61.0,1,0,1,99.4,0.06,<10%
L04891,Feta 200g,O00114,Duka,Central,52.0,85.2,0,0,0,107.0,0.06,<10%
L01885,Drinking yoghurt mango 250ml,O01942,Supermarket,Western,97.43,81.0,0,0,1,94.7,0.06,<10%
L05517,Natural set yoghurt 1kg,O01686,Duka,Central,43.43,66.4,0,1,1,92.6,0.06,<10%
L03094,Salted butter 250g,O01652,HoReCa,Nyanza,80.29,57.2,0,0,0,97.1,0.06,<10%
L01026,Vanilla bean ice cream 1L,O00288,Wholesaler,Western,107.43,43.4,0,0,0,100.5,0.06,<10%
L04415,Smoked chicken slices 150g,O02579,Supermarket,Western,59.57,86.5,1,1,0,95.0,0.06,<10%
L06599,Mozzarella 500g (food service),O00555,Supermarket,Nyanza,19.57,78.5,1,1,1,97.0,0.06,<10%
L05830,Fresh cream 250ml,O01497,Supermarket,Nairobi,37.14,75.7,1,1,1,101.3,0.06,<10%
L02417,Beef breakfast sausages 500g,O01827,Petrol station,Nairobi,89.86,70.8,0,0,1,94.5,0.06,<10%
L05644,Natural set yoghurt 1kg,O01333,HoReCa,Rift Valley,41.0,64.4,0,1,1,109.0,0.06,<10%
L05553,Natural set yoghurt 1kg,O02122,HoReCa,Nairobi,42.86,54.0,0,1,0,89.2,0.06,<10%
L05277,Natural set yoghurt 1kg,O00839,Supermarket,Nairobi,45.43,69.9,0,1,0,94.5,0.059,<10%
L06813,Mozzarella 500g (food service),O01403,Wholesaler,Nairobi,16.71,71.6,0,0,1,95.9,0.059,<10%
L05746,Fresh cream 250ml,O02364,Supermarket,Western,37.71,95.7,1,1,0,93.1,0.059,<10%
L03296,Salted butter 250g,O00290,Duka,Nairobi,77.57,52.4,1,0,0,103.6,0.059,<10%
L01987,Drinking yoghurt mango 250ml,O02395,HoReCa,Nairobi,94.86,71.4,0,0,0,99.6,0.059,<10%
L01766,Drinking yoghurt mango 250ml,O02192,Wholesaler,Nairobi,98.86,93.4,1,0,0,92.7,0.059,<10%
L05060,Feta 200g,O00982,HoReCa,Nairobi,50.29,57.0,0,0,0,99.7,0.059,<10%
L05279,Natural set yoghurt 1kg,O00875,Duka,Nairobi,45.43,75.5,0,1,0,90.9,0.059,<10%
L03422,Salted butter 250g,O01732,Supermarket,Western,73.71,53.8,0,0,1,98.5,0.059,<10%
L05241,Natural set yoghurt 1kg,O02093,Supermarket,Coast,45.71,87.6,1,1,1,95.8,0.059,<10%
L01170,Vanilla bean ice cream 1L,O01707,Supermarket,Coast,106.29,49.7,0,1,0,103.7,0.058,<10%
L03446,Strawberry milk 500ml,O01113,Supermarket,Nairobi,73.57,62.7,1,1,1,91.5,0.058,<10%
L05649,Natural set yoghurt 1kg,O00966,Supermarket,Nairobi,40.86,66.1,1,1,0,92.1,0.058,<10%
L02047,Beef breakfast sausages 500g,O01344,Supermarket,Nairobi,94.57,51.2,1,1,1,95.3,0.058,<10%
L06589,Mozzarella 500g (food service),O00715,Supermarket,Nairobi,19.71,68.4,1,1,1,94.0,0.058,<10%
L00524,Mature cheddar 200g,O02383,Supermarket,Nairobi,114.71,38.9,1,1,1,100.8,0.058,<10%
L02215,Beef breakfast sausages 500g,O01339,Supermarket,Nairobi,93.43,71.6,1,1,0,96.8,0.058,<10%
L05669,Natural set yoghurt 1kg,O00488,Petrol station,Central,39.86,86.7,0,0,0,95.1,0.058,<10%
L05164,Feta 200g,O01803,Duka,Rift Valley,47.0,77.5,0,0,0,93.6,0.058,<10%
L06608,Mozzarella 500g (food service),O02066,Supermarket,Coast,19.57,89.8,1,1,1,104.3,0.057,<10%
L01593,Drinking yoghurt mango 250ml,O00880,Supermarket,Coast,100.0,91.7,1,1,1,98.6,0.057,<10%
L05785,Fresh cream 250ml,O01208,Wholesaler,Nairobi,37.43,77.0,0,1,0,95.0,0.057,<10%
L05040,Feta 200g,O01183,Wholesaler,Coast,50.57,84.6,0,1,0,105.0,0.057,<10%
L06425,Fruit ice lolly 6-pack,O01293,HoReCa,Nairobi,28.14,62.5,0,0,0,96.9,0.057,<10%
L04233,Choc-chip ice cream 500ml,O02263,Duka,Rift Valley,64.29,70.2,0,0,0,106.6,0.057,<10%
L04497,Smoked chicken slices 150g,O00614,HoReCa,Nairobi,58.86,72.5,0,0,1,108.0,0.057,<10%
L06451,Fruit ice lolly 6-pack,O01919,Petrol station,Nyanza,27.71,79.8,0,1,0,91.1,0.057,<10%
L01990,Beef breakfast sausages 500g,O01165,Supermarket,Rift Valley,94.86,65.5,1,1,1,98.2,0.057,<10%
L01618,Drinking yoghurt mango 250ml,O01040,Petrol station,Rift Valley,99.86,71.5,0,1,1,96.6,0.057,<10%
L00991,Vanilla bean ice cream 1L,O00634,Petrol station,Western,107.57,45.6,0,1,0,93.2,0.057,<10%
L01264,Vanilla bean ice cream 1L,O00144,Supermarket,Coast,105.14,77.8,1,1,0,104.6,0.057,<10%
L06591,Mozzarella 500g (food service),O01165,Supermarket,Rift Valley,19.71,71.3,1,1,1,94.0,0.057,<10%
L06785,Mozzarella 500g (food service),O01234,HoReCa,Nairobi,17.29,68.4,0,1,1,102.7,0.057,<10%
L04161,Choc-chip ice cream 500ml,O00735,Supermarket,Coast,65.0,74.8,0,1,0,108.9,0.057,<10%
L04138,Choc-chip ice cream 500ml,O01504,Petrol station,Coast,65.29,90.6,1,0,0,99.6,0.057,<10%
L04629,Smoked chicken slices 150g,O00622,Supermarket,Rift Valley,57.43,94.3,1,1,1,109.1,0.057,<10%
L05037,Feta 200g,O01595,Supermarket,Coast,50.71,69.1,1,1,1,106.3,0.057,<10%
L06186,Fruit ice lolly 6-pack,O00695,Supermarket,Western,30.43,65.7,1,1,1,102.6,0.057,<10%
L05312,Natural set yoghurt 1kg,O02581,Duka,Rift Valley,45.29,96.6,1,0,0,96.5,0.057,<10%
L05364,Natural set yoghurt 1kg,O01859,Supermarket,Nyanza,44.86,82.0,0,1,0,97.9,0.057,<10%
L01372,Vanilla bean ice cream 1L,O02077,Petrol station,Nairobi,103.0,58.6,1,1,0,93.1,0.056,<10%
L02100,Beef breakfast sausages 500g,O02029,Wholesaler,Nairobi,94.29,73.0,1,0,0,86.1,0.056,<10%
L05305,Natural set yoghurt 1kg,O01758,Supermarket,Western,45.29,77.7,1,1,1,103.5,0.056,<10%
L02157,Beef breakfast sausages 500g,O00430,Wholesaler,Central,93.86,54.7,0,0,1,92.3,0.056,<10%
L06256,Fruit ice lolly 6-pack,O00996,Supermarket,Central,29.86,55.4,1,1,1,92.4,0.056,<10%
L01517,Drinking yoghurt mango 250ml,O00344,Wholesaler,Nairobi,100.43,67.1,0,0,1,101.7,0.056,<10%
L02815,Beef breakfast sausages 500g,O01768,HoReCa,Nairobi,83.0,55.1,0,0,1,99.5,0.056,<10%
L04870,Feta 200g,O02295,Supermarket,Rift Valley,52.29,52.9,1,1,1,105.8,0.056,<10%
L05353,Natural set yoghurt 1kg,O00443,Supermarket,Nairobi,44.86,75.6,1,0,1,101.0,0.056,<10%
L06166,Fruit ice lolly 6-pack,O00053,Wholesaler,Coast,30.57,91.9,1,0,0,92.7,0.056,<10%
L04465,Smoked chicken slices 150g,O01349,Supermarket,Nairobi,59.14,77.2,1,1,1,111.2,0.056,<10%
L01378,Vanilla bean ice cream 1L,O00280,Duka,Nairobi,102.43,44.8,0,1,1,109.5,0.056,<10%
L00973,Vanilla bean ice cream 1L,O00950,Supermarket,Nairobi,107.71,74.4,1,0,0,107.5,0.056,<10%
L02006,Beef breakfast sausages 500g,O00324,Supermarket,Rift Valley,94.71,71.6,1,0,1,93.9,0.056,<10%
L05613,Natural set yoghurt 1kg,O01899,HoReCa,Central,41.71,73.6,0,1,0,101.0,0.056,<10%
L04187,Choc-chip ice cream 500ml,O02416,Duka,Western,64.86,74.6,0,1,0,104.0,0.056,<10%
L01993,Beef breakfast sausages 500g,O01614,Supermarket,Coast,94.86,66.9,0,1,1,97.1,0.056,<10%
L03540,Strawberry milk 500ml,O00399,Wholesaler,Nairobi,73.0,70.5,0,1,1,92.7,0.055,<10%
L02219,Beef breakfast sausages 500g,O01632,Supermarket,Coast,93.43,82.8,1,1,1,104.3,0.055,<10%
L03698,Strawberry milk 500ml,O00881,Supermarket,Nyanza,71.71,91.9,1,1,0,90.4,0.055,<10%
L01298,Vanilla bean ice cream 1L,O00665,Duka,Nairobi,104.57,77.5,1,0,0,101.1,0.055,<10%
L06227,Fruit ice lolly 6-pack,O00844,Wholesaler,Rift Valley,30.14,66.6,1,0,1,90.1,0.055,<10%
L05651,Feta 200g,O00713,HoReCa,Nyanza,40.71,78.9,0,0,0,99.1,0.055,<10%
L01101,Vanilla bean ice cream 1L,O00175,Supermarket,Central,106.86,75.6,1,0,0,96.0,0.055,<10%
L05232,Natural set yoghurt 1kg,O01230,HoReCa,Rift Valley,45.71,81.0,0,0,0,95.2,0.055,<10%
L04884,Feta 200g,O01248,Petrol station,Nairobi,52.14,70.5,1,0,0,95.4,0.055,<10%
L04221,Choc-chip ice cream 500ml,O02169,Supermarket,Nairobi,64.43,42.1,0,1,1,108.3,0.054,<10%
L05535,Natural set yoghurt 1kg,O00568,Supermarket,Nairobi,43.0,67.4,0,0,1,94.3,0.054,<10%
L01411,Drinking yoghurt mango 250ml,O00843,Supermarket,Coast,101.0,82.4,0,1,0,98.9,0.054,<10%
L03018,Salted butter 250g,O02045,HoReCa,Rift Valley,80.86,56.1,0,0,0,95.5,0.054,<10%
L05390,Natural set yoghurt 1kg,O02117,Wholesaler,Nairobi,44.71,63.1,0,1,1,94.7,0.054,<10%
L05622,Natural set yoghurt 1kg,O02461,HoReCa,Rift Valley,41.57,67.2,0,1,0,90.1,0.054,<10%
L02914,Salted butter 250g,O01081,Duka,Nyanza,81.43,68.8,0,1,0,102.7,0.054,<10%
L03104,Salted butter 250g,O00493,Duka,Western,80.14,52.5,1,0,0,94.0,0.054,<10%
L01656,Drinking yoghurt mango 250ml,O00347,Supermarket,Nairobi,99.57,67.4,1,1,1,93.8,0.054,<10%
L01569,Drinking yoghurt mango 250ml,O00869,Supermarket,Rift Valley,100.14,69.2,0,1,1,94.0,0.054,<10%
L04195,Choc-chip ice cream 500ml,O01240,Duka,Nairobi,64.71,51.9,0,1,1,109.0,0.054,<10%
L06753,Mozzarella 500g (food service),O01171,Wholesaler,Coast,18.0,93.7,1,1,1,104.1,0.054,<10%
L06238,Fruit ice lolly 6-pack,O00396,HoReCa,Central,30.0,81.3,1,0,0,94.9,0.053,<10%
L01963,Drinking yoghurt mango 250ml,O00134,Supermarket,Nyanza,95.14,89.7,1,1,0,95.6,0.053,<10%
L01566,Drinking yoghurt mango 250ml,O00482,Supermarket,Rift Valley,100.14,75.3,1,1,1,94.8,0.053,<10%
L01779,Drinking yoghurt mango 250ml,O01739,Duka,Nairobi,98.71,81.6,0,0,0,91.0,0.053,<10%
L04051,Choc-chip ice cream 500ml,O02316,Wholesaler,Western,66.0,72.1,1,1,0,103.2,0.053,<10%
L06712,Mozzarella 500g (food service),O02164,Wholesaler,Nairobi,18.57,67.4,1,1,1,94.1,0.053,<10%
L01648,Drinking yoghurt mango 250ml,O02469,HoReCa,Coast,99.71,90.0,0,0,0,91.0,0.053,<10%
L05115,Feta 200g,O01856,Supermarket,Coast,49.29,89.3,1,1,0,103.7,0.053,<10%
L02220,Beef breakfast sausages 500g,O02229,Supermarket,Rift Valley,93.43,73.6,0,1,0,102.2,0.053,<10%
L05514,Natural set yoghurt 1kg,O01268,Supermarket,Coast,43.43,72.2,0,1,1,86.5,0.053,<10%
L05909,Fresh cream 250ml,O01784,Supermarket,Coast,36.29,91.7,1,1,1,96.8,0.053,<10%
L01633,Drinking yoghurt mango 250ml,O00969,Supermarket,Central,99.71,70.3,1,0,1,88.3,0.053,<10%
L01768,Drinking yoghurt mango 250ml,O02392,Wholesaler,Western,98.86,88.3,0,0,0,95.9,0.053,<10%
L01795,Drinking yoghurt mango 250ml,O00926,Duka,Nairobi,98.57,89.3,0,0,0,100.4,0.053,<10%
L04017,Choc-chip ice cream 500ml,O00483,Wholesaler,Coast,66.14,82.8,1,0,1,110.9,0.053,<10%
L06734,Mozzarella 500g (food service),O00571,Supermarket,Coast,18.14,91.3,1,1,1,94.1,0.052,<10%
L01081,Vanilla bean ice cream 1L,O02175,Supermarket,Nairobi,107.14,57.1,1,1,1,101.2,0.052,<10%
L06330,Fruit ice lolly 6-pack,O00499,HoReCa,Western,29.14,77.2,0,0,0,94.4,0.052,<10%
L05593,Natural set yoghurt 1kg,O01756,Supermarket,Western,42.14,73.9,0,1,0,84.1,0.052,<10%
L05173,Feta 200g,O02131,HoReCa,Nairobi,46.14,60.6,0,1,0,101.1,0.052,<10%
L04809,Feta 200g,O01993,Supermarket,Nairobi,52.71,66.6,0,0,1,107.9,0.052,<10%
L02250,Beef breakfast sausages 500g,O00144,Supermarket,Coast,93.0,87.6,1,1,0,93.4,0.052,<10%
L01413,Drinking yoghurt mango 250ml,O01102,Wholesaler,Central,101.0,59.1,0,1,1,89.3,0.052,<10%
L04184,Choc-chip ice cream 500ml,O02087,Duka,Central,64.86,76.8,0,0,0,113.0,0.052,<10%
L00983,Vanilla bean ice cream 1L,O02309,HoReCa,Nairobi,107.71,62.0,1,0,0,93.5,0.052,<10%
L04115,Choc-chip ice cream 500ml,O01374,Supermarket,Central,65.43,53.6,1,1,0,97.1,0.052,<10%
L05308,Natural set yoghurt 1kg,O01885,Supermarket,Nairobi,45.29,56.3,1,1,1,93.8,0.052,<10%
L04808,Feta 200g,O01909,Petrol station,Nairobi,52.71,66.3,1,0,1,99.4,0.052,<10%
L05189,Natural set yoghurt 1kg,O01860,Wholesaler,Nyanza,46.0,94.1,0,0,0,91.9,0.052,<10%
L01874,Drinking yoghurt mango 250ml,O01672,Supermarket,Rift Valley,97.57,81.3,1,1,1,97.4,0.052,<10%
L02239,Beef breakfast sausages 500g,O00747,Supermarket,Rift Valley,93.14,63.4,1,1,1,102.1,0.052,<10%
L04336,Choc-chip ice cream 500ml,O01146,Duka,Nairobi,60.86,75.5,0,0,0,102.7,0.052,<10%
L04177,Choc-chip ice cream 500ml,O00278,HoReCa,Nairobi,64.86,60.7,0,0,0,107.7,0.051,<10%
L04405,Smoked chicken slices 150g,O01177,Supermarket,Nairobi,59.57,78.3,0,0,1,106.2,0.051,<10%
L04818,Feta 200g,O00454,Duka,Nairobi,52.57,80.2,0,0,1,114.4,0.051,<10%
L03870,Strawberry milk 500ml,O01576,Supermarket,Central,68.71,60.8,0,1,1,85.2,0.051,<10%
L06756,Mozzarella 500g (food service),O01761,Supermarket,Rift Valley,18.0,88.0,1,1,0,91.8,0.051,<10%
L03509,Strawberry milk 500ml,O02341,Duka,Central,73.29,85.8,1,1,1,100.8,0.051,<10%
L03045,Salted butter 250g,O00143,Supermarket,Central,80.57,37.2,0,1,1,103.7,0.051,<10%
L05372,Natural set yoghurt 1kg,O02548,Wholesaler,Nairobi,44.86,73.4,0,0,0,85.3,0.051,<10%
L03961,Choc-chip ice cream 500ml,O02002,Supermarket,Nairobi,66.57,59.6,0,1,0,114.5,0.051,<10%
L03990,Choc-chip ice cream 500ml,O02302,Wholesaler,Western,66.43,66.9,1,0,0,92.1,0.051,<10%
L04644,Smoked chicken slices 150g,O01576,Supermarket,Central,57.29,76.8,1,1,1,101.9,0.051,<10%
L01767,Drinking yoghurt mango 250ml,O02304,Supermarket,Nairobi,98.86,68.1,0,0,1,95.2,0.051,<10%
L01919,Drinking yoghurt mango 250ml,O01223,Supermarket,Central,96.71,85.9,1,1,0,94.7,0.051,<10%
L05208,Natural set yoghurt 1kg,O01100,Supermarket,Nairobi,45.86,67.0,1,1,1,102.7,0.051,<10%
L04179,Choc-chip ice cream 500ml,O01255,Duka,Coast,64.86,93.6,0,0,0,114.9,0.051,<10%
L05645,Natural set yoghurt 1kg,O01339,Supermarket,Nairobi,41.0,73.7,0,1,0,96.7,0.051,<10%
L06334,Fruit ice lolly 6-pack,O01465,Petrol station,Coast,29.14,92.3,0,0,1,102.6,0.051,<10%
L03913,Choc-chip ice cream 500ml,O00620,HoReCa,Rift Valley,67.0,52.9,0,0,1,106.4,0.051,<10%
L05548,Natural set yoghurt 1kg,O01115,Supermarket,Nyanza,42.86,90.6,1,1,1,101.7,0.051,<10%
L05574,Natural set yoghurt 1kg,O00007,Supermarket,Rift Valley,42.43,94.6,1,0,1,104.1,0.051,<10%
L02533,Halloumi 250g,O01039,HoReCa,Rift Valley,88.14,55.9,1,0,1,108.1,0.051,<10%
L03085,Halloumi 250g,O02272,HoReCa,Central,80.29,71.1,0,0,1,122.3,0.051,<10%
L05079,Feta 200g,O00930,HoReCa,Nairobi,50.0,69.0,0,0,0,103.2,0.051,<10%
L05421,Natural set yoghurt 1kg,O00859,Wholesaler,Central,44.43,85.6,1,0,0,90.4,0.051,<10%
L02595,Halloumi 250g,O00399,Wholesaler,Nairobi,87.57,51.2,0,0,1,104.9,0.051,<10%
L02896,Salted butter 250g,O01861,Wholesaler,Central,81.57,51.5,0,0,0,95.9,0.051,<10%
L04526,Choc-chip ice cream 500ml,O01112,Duka,Nairobi,58.57,67.6,1,0,1,100.8,0.051,<10%
L05265,Natural set yoghurt 1kg,O02165,Petrol station,Rift Valley,45.57,86.0,1,0,1,97.3,0.051,<10%
L00859,Mature cheddar 200g,O01339,Supermarket,Nairobi,111.43,71.1,1,0,0,114.4,0.05,<10%
L05335,Natural set yoghurt 1kg,O00958,Supermarket,Rift Valley,45.0,65.7,0,1,1,92.6,0.05,<10%
L05188,Natural set yoghurt 1kg,O01837,Supermarket,Rift Valley,46.0,81.3,1,1,0,88.8,0.05,<10%
L03257,Salted butter 250g,O02389,HoReCa,Nairobi,78.43,38.9,0,1,0,94.6,0.05,<10%
L05512,Natural set yoghurt 1kg,O00955,Supermarket,Nairobi,43.43,58.0,0,1,1,88.6,0.05,<10%
L02067,Beef breakfast sausages 500g,O00126,Duka,Rift Valley,94.43,88.7,1,0,0,91.2,0.05,<10%
L01151,Vanilla bean ice cream 1L,O00726,Supermarket,Nyanza,106.43,77.9,1,1,1,101.5,0.05,<10%
L04033,Choc-chip ice cream 500ml,O00196,HoReCa,Nairobi,66.0,70.2,1,0,0,108.2,0.05,<10%
L02319,Beef breakfast sausages 500g,O01086,Supermarket,Nairobi,92.14,73.8,1,0,0,91.8,0.05,<10%
L01295,Vanilla bean ice cream 1L,O01632,Supermarket,Coast,104.71,81.6,1,1,1,111.8,0.05,<10%
L05551,Natural set yoghurt 1kg,O01847,Wholesaler,Coast,42.86,95.3,0,0,1,99.2,0.05,<10%
L05597,Natural set yoghurt 1kg,O00347,Supermarket,Nairobi,42.0,67.2,1,1,1,100.8,0.05,<10%
L06125,Fruit ice lolly 6-pack,O01765,Supermarket,Nyanza,31.0,75.7,1,1,0,98.2,0.05,<10%
L06253,Fruit ice lolly 6-pack,O00810,Wholesaler,Central,29.86,56.5,0,1,1,95.0,0.05,<10%
L02634,Halloumi 250g,O02304,Supermarket,Nairobi,87.29,52.1,1,1,1,115.9,0.05,<10%
L03243,Salted butter 250g,O02080,Duka,Western,78.71,62.4,0,1,1,106.1,0.05,<10%
L04997,Feta 200g,O01144,HoReCa,Rift Valley,51.14,78.0,0,0,0,102.7,0.05,<10%
L02318,Beef breakfast sausages 500g,O00946,Wholesaler,Coast,92.14,90.5,1,1,0,96.7,0.05,<10%
L05269,Feta 200g,O02209,Duka,Central,45.43,79.7,0,1,0,100.6,0.049,<10%
L06551,Fruit ice lolly 6-pack,O00186,Petrol station,Nairobi,23.29,66.9,0,0,1,91.2,0.049,<10%
L01967,Beef breakfast sausages 500g,O01812,Duka,Nairobi,95.14,78.1,0,0,1,102.9,0.049,<10%
L06303,Fruit ice lolly 6-pack,O01094,Petrol station,Western,29.43,79.3,0,1,0,91.2,0.049,<10%
L04687,Choc-chip ice cream 500ml,O01520,HoReCa,Nyanza,56.43,67.8,0,0,0,96.8,0.049,<10%
L01439,Drinking yoghurt mango 250ml,O01345,Supermarket,Nairobi,100.86,74.0,1,1,1,91.4,0.049,<10%
L00952,Vanilla bean ice cream 1L,O02316,Wholesaler,Western,108.0,41.9,0,0,0,91.0,0.049,<10%
L06743,Mozzarella 500g (food service),O02271,HoReCa,Nairobi,18.14,61.5,0,1,1,93.4,0.049,<10%
L04069,Choc-chip ice cream 500ml,O00230,HoReCa,Nairobi,65.71,53.7,0,0,0,97.3,0.049,<10%
L03527,Strawberry milk 500ml,O01748,Wholesaler,Nyanza,73.14,91.7,1,0,1,88.6,0.049,<10%
L02014,Beef breakfast sausages 500g,O01177,Supermarket,Nairobi,94.71,69.6,1,1,1,104.0,0.049,<10%
L06754,Mozzarella 500g (food service),O01388,Supermarket,Rift Valley,18.0,82.2,0,1,1,101.6,0.049,<10%
L02376,Beef breakfast sausages 500g,O02148,Wholesaler,Nairobi,91.14,53.0,0,1,1,97.8,0.049,<10%
L01515,Drinking yoghurt mango 250ml,O00170,Wholesaler,Central,100.43,80.6,0,0,0,95.7,0.049,<10%
L01735,Drinking yoghurt mango 250ml,O01805,Supermarket,Coast,99.14,93.2,1,1,1,98.8,0.049,<10%
L04986,Feta 200g,O02057,Duka,Nairobi,51.29,84.9,1,0,0,106.9,0.049,<10%
L05341,Natural set yoghurt 1kg,O01659,HoReCa,Central,45.0,76.4,0,0,1,100.0,0.049,<10%
L04794,Feta 200g,O01784,Supermarket,Coast,52.86,79.6,0,0,1,103.8,0.049,<10%
L06444,Fruit ice lolly 6-pack,O01958,Wholesaler,Nairobi,27.86,90.8,1,0,0,110.6,0.049,<10%
L05590,Natural set yoghurt 1kg,O00473,Supermarket,Nairobi,42.14,76.1,0,0,1,99.9,0.049,<10%
L04013,Choc-chip ice cream 500ml,O00320,Wholesaler,Nairobi,66.14,63.9,0,0,0,104.3,0.049,<10%
L04241,Choc-chip ice cream 500ml,O00051,Petrol station,Nairobi,64.0,60.9,0,1,1,114.6,0.048,<10%
L02131,Beef breakfast sausages 500g,O00106,HoReCa,Western,94.0,67.7,0,1,1,99.2,0.048,<10%
L02504,Halloumi 250g,O00825,Supermarket,Coast,88.43,68.5,0,1,1,106.5,0.048,<10%
L05197,Natural set yoghurt 1kg,O00133,Wholesaler,Nairobi,45.86,79.5,1,1,0,95.6,0.048,<10%
L05230,Natural set yoghurt 1kg,O01134,Wholesaler,Coast,45.71,77.9,0,1,1,90.7,0.048,<10%
L01512,Drinking yoghurt mango 250ml,O02549,Supermarket,Rift Valley,100.57,82.7,1,1,1,103.3,0.048,<10%
L02694,Halloumi 250g,O00448,Wholesaler,Rift Valley,86.29,61.0,1,0,1,103.4,0.048,<10%
L04897,Feta 200g,O00493,Duka,Western,52.0,90.6,0,1,0,111.4,0.048,<10%
L04002,Choc-chip ice cream 500ml,O01273,Supermarket,Nairobi,66.29,52.7,1,1,1,109.0,0.048,<10%
L06361,Fruit ice lolly 6-pack,O00879,Petrol station,Nairobi,28.86,79.6,0,0,0,91.4,0.048,<10%
L04096,Choc-chip ice cream 500ml,O01478,Duka,Central,65.57,82.1,1,1,0,107.7,0.048,<10%
L05154,Feta 200g,O02283,Supermarket,Nyanza,47.86,69.4,0,1,1,105.4,0.048,<10%
L03919,Choc-chip ice cream 500ml,O01942,Supermarket,Western,67.0,65.9,1,0,1,101.0,0.048,<10%
L03438,Salted butter 250g,O01699,Petrol station,Rift Valley,73.57,72.7,0,0,0,99.5,0.048,<10%
L06725,Mozzarella 500g (food service),O00503,HoReCa,Nairobi,18.29,76.2,0,0,1,100.6,0.048,<10%
L05095,Feta 200g,O02148,Wholesaler,Nairobi,49.71,65.0,1,0,1,96.3,0.048,<10%
L04922,Feta 200g,O01775,HoReCa,Nairobi,51.86,65.3,1,1,0,108.3,0.048,<10%
L06279,Fruit ice lolly 6-pack,O00482,Supermarket,Rift Valley,29.71,52.6,1,1,1,89.9,0.048,<10%
L06261,Fruit ice lolly 6-pack,O01267,Supermarket,Nairobi,29.86,62.0,1,1,1,97.3,0.048,<10%
L04826,Feta 200g,O01765,Supermarket,Nyanza,52.57,84.4,0,1,0,110.2,0.048,<10%
L05460,Natural set yoghurt 1kg,O00543,Supermarket,Nyanza,44.0,86.7,0,1,0,85.6,0.048,<10%
L03934,Choc-chip ice cream 500ml,O00120,Petrol station,Rift Valley,66.71,54.2,0,1,1,105.3,0.048,<10%
L05030,Feta 200g,O00131,Duka,Western,50.71,91.1,1,1,0,99.9,0.048,<10%
L01784,Drinking yoghurt mango 250ml,O00121,Duka,Rift Valley,98.57,89.0,1,1,1,98.2,0.048,<10%
L05204,Natural set yoghurt 1kg,O00613,Supermarket,Nairobi,45.86,75.4,0,0,1,101.2,0.048,<10%
L03098,Salted butter 250g,O02582,Duka,Rift Valley,80.29,71.6,0,0,0,96.5,0.048,<10%
L06310,Fruit ice lolly 6-pack,O01906,Supermarket,Nyanza,29.43,80.8,0,1,0,102.2,0.048,<10%
L01318,Vanilla bean ice cream 1L,O00067,Supermarket,Coast,104.0,91.9,1,1,0,109.6,0.048,<10%
L06806,Mozzarella 500g (food service),O00916,Wholesaler,Nairobi,16.86,86.9,1,0,1,93.7,0.048,<10%
L01364,Vanilla bean ice cream 1L,O01507,Petrol station,Central,103.14,52.9,0,1,0,102.7,0.048,<10%
L04133,Choc-chip ice cream 500ml,O01010,Wholesaler,Nyanza,65.29,61.1,0,1,1,107.2,0.048,<10%
L06288,Fruit ice lolly 6-pack,O00122,Supermarket,Nairobi,29.57,62.9,1,0,1,94.7,0.048,<10%
L05206,Natural set yoghurt 1kg,O00766,Supermarket,Nairobi,45.86,69.5,0,1,1,109.7,0.048,<10%
L01309,Vanilla bean ice cream 1L,O01995,Duka,Nyanza,104.43,66.2,0,1,0,107.2,0.047,<10%
L03124,Salted butter 250g,O01222,Supermarket,Nairobi,80.0,45.8,0,1,1,98.2,0.047,<10%
L01430,Drinking yoghurt mango 250ml,O00537,Supermarket,Nairobi,100.86,68.2,0,1,0,96.0,0.047,<10%
L04704,Smoked chicken slices 150g,O00025,HoReCa,Nairobi,56.0,86.1,0,0,0,107.6,0.047,<10%
L00957,Vanilla bean ice cream 1L,O00181,Supermarket,Coast,107.86,75.9,1,1,1,93.3,0.047,<10%
L01094,Vanilla bean ice cream 1L,O01651,Duka,Nairobi,107.0,38.8,0,0,1,99.8,0.047,<10%
L01917,Drinking yoghurt mango 250ml,O00905,Petrol station,Nairobi,96.71,80.2,0,0,0,75.9,0.047,<10%
L02297,Beef breakfast sausages 500g,O00357,Wholesaler,Rift Valley,92.43,67.5,1,0,1,85.9,0.047,<10%
L05045,Feta 200g,O02192,Wholesaler,Nairobi,50.57,66.0,1,0,0,91.6,0.047,<10%
L01873,Drinking yoghurt mango 250ml,O01555,Supermarket,Nairobi,97.57,59.4,0,1,1,93.6,0.047,<10%
L02152,Drinking yoghurt mango 250ml,O00153,Petrol station,Rift Valley,93.86,83.5,0,1,0,94.0,0.047,<10%
L03189,Salted butter 250g,O01707,Supermarket,Coast,79.43,83.0,0,0,0,112.6,0.047,<10%
L06363,Fruit ice lolly 6-pack,O01393,Supermarket,Nairobi,28.86,60.5,1,1,1,95.1,0.047,<10%
L05459,Natural set yoghurt 1kg,O00518,Wholesaler,Central,44.0,85.7,1,0,0,89.8,0.047,<10%
L04494,Smoked chicken slices 150g,O00204,Duka,Central,58.86,87.3,1,1,0,93.4,0.047,<10%
L01724,Drinking yoghurt mango 250ml,O00842,Supermarket,Central,99.14,71.1,1,1,1,92.7,0.047,<10%
L04846,Feta 200g,O01533,Duka,Nairobi,52.43,84.4,0,0,0,94.8,0.047,<10%
L02854,Salted butter 250g,O01041,Duka,Western,81.86,78.6,0,0,0,96.4,0.047,<10%
L03955,Choc-chip ice cream 500ml,O01136,Supermarket,Western,66.57,88.9,1,0,0,106.7,0.047,<10%
L06620,Mozzarella 500g (food service),O01679,HoReCa,Nairobi,19.43,74.1,0,1,0,92.7,0.047,<10%
L05558,Natural set yoghurt 1kg,O00722,Wholesaler,Coast,42.71,72.0,0,1,1,82.8,0.047,<10%
L05863,Fresh cream 250ml,O00448,Wholesaler,Rift Valley,36.71,96.2,1,0,1,89.1,0.047,<10%
L04817,Feta 200g,O00406,Supermarket,Nairobi,52.57,52.2,0,1,0,93.0,0.047,<10%
L01935,Drinking yoghurt mango 250ml,O01544,Supermarket,Nairobi,96.29,77.3,0,1,0,94.2,0.047,<10%
L05575,Natural set yoghurt 1kg,O00386,Wholesaler,Rift Valley,42.43,63.3,0,1,1,87.2,0.046,<10%
L03565,Strawberry milk 500ml,O00498,Supermarket,Central,72.86,68.3,1,1,1,91.5,0.046,<10%
L04444,Smoked chicken slices 150g,O01492,HoReCa,Nairobi,59.29,84.2,0,0,0,107.5,0.046,<10%
L02416,Beef breakfast sausages 500g,O01186,Supermarket,Nyanza,89.86,81.7,1,1,0,98.9,0.046,<10%
L03963,Choc-chip ice cream 500ml,O02101,Supermarket,Coast,66.57,88.3,1,0,0,104.3,0.046,<10%
L05018,Feta 200g,O00394,Wholesaler,Central,50.86,83.7,1,0,0,105.8,0.046,<10%
L01388,Vanilla bean ice cream 1L,O01818,Duka,Nairobi,102.14,58.2,0,0,0,97.2,0.046,<10%
L04915,Feta 200g,O00118,HoReCa,Nairobi,51.86,74.8,0,0,0,103.0,0.046,<10%
L02083,Beef breakfast sausages 500g,O02462,Petrol station,Nairobi,94.43,60.4,0,1,1,96.8,0.046,<10%
L05009,Feta 200g,O00810,Wholesaler,Central,51.0,68.0,1,0,1,102.2,0.046,<10%
L02398,Beef breakfast sausages 500g,O01627,Supermarket,Coast,90.71,97.5,1,1,0,97.8,0.046,<10%
L04807,Feta 200g,O01893,Supermarket,Central,52.71,64.5,1,0,1,107.9,0.046,<10%
L04459,Smoked chicken slices 150g,O00349,Supermarket,Nairobi,59.14,81.1,1,1,1,107.3,0.046,<10%
L04259,Choc-chip ice cream 500ml,O02136,Wholesaler,Nairobi,63.71,64.9,0,0,0,99.3,0.046,<10%
L03171,Salted butter 250g,O01297,Duka,Rift Valley,79.57,57.0,0,0,1,98.3,0.046,<10%
L05264,Natural set yoghurt 1kg,O02157,Wholesaler,Nairobi,45.57,78.4,0,0,1,98.5,0.046,<10%
L01801,Drinking yoghurt mango 250ml,O01676,HoReCa,Western,98.57,94.3,0,1,0,102.9,0.046,<10%
L00841,Mature cheddar 200g,O00568,Supermarket,Nairobi,111.71,61.4,1,1,1,115.0,0.046,<10%
L04668,Smoked chicken slices 150g,O01186,Supermarket,Nyanza,56.86,94.3,1,0,0,85.3,0.046,<10%
L06340,Fruit ice lolly 6-pack,O00013,Wholesaler,Rift Valley,29.0,69.0,0,1,0,84.9,0.046,<10%
L05116,Feta 200g,O00046,Petrol station,Nairobi,49.14,86.3,1,0,0,105.8,0.046,<10%
L06649,Mozzarella 500g (food service),O02175,Supermarket,Nairobi,19.14,72.8,0,1,1,102.9,0.046,<10%
L02507,Halloumi 250g,O01992,Supermarket,Nairobi,88.43,41.3,1,1,1,101.7,0.045,<10%
L02787,Halloumi 250g,O01805,Supermarket,Coast,84.14,57.0,1,1,1,112.1,0.045,<10%
L03537,Strawberry milk 500ml,O00008,Supermarket,Rift Valley,73.0,79.2,1,1,1,93.4,0.045,<10%
L00687,Mature cheddar 200g,O00069,Supermarket,Nairobi,113.43,58.9,1,1,0,110.0,0.045,<10%
L04152,Choc-chip ice cream 500ml,O01591,Wholesaler,Nairobi,65.14,52.0,0,0,1,106.3,0.045,<10%
L01285,Vanilla bean ice cream 1L,O02317,Petrol station,Nairobi,105.0,81.0,1,0,0,103.9,0.045,<10%
L01563,Drinking yoghurt mango 250ml,O02361,Wholesaler,Rift Valley,100.29,89.8,0,0,0,90.7,0.045,<10%
L04050,Choc-chip ice cream 500ml,O02269,Duka,Nyanza,66.0,88.1,0,0,0,94.8,0.045,<10%
L06835,Mozzarella 500g (food service),O00043,HoReCa,Central,16.0,88.0,0,0,0,90.3,0.045,<10%
L05378,Natural set yoghurt 1kg,O01153,Wholesaler,Rift Valley,44.71,68.0,1,1,1,88.4,0.045,<10%
L02056,Beef breakfast sausages 500g,O01972,Supermarket,Western,94.57,69.6,1,1,1,88.5,0.045,<10%
L02609,Halloumi 250g,O00613,Supermarket,Nairobi,87.43,56.0,0,1,1,117.7,0.045,<10%
L03116,Salted butter 250g,O02336,Petrol station,Nairobi,80.14,43.7,0,1,0,90.9,0.045,<10%
L03332,Salted butter 250g,O02485,Wholesaler,Central,76.71,43.9,0,1,1,102.0,0.045,<10%
L04824,Feta 200g,O01049,Wholesaler,Nairobi,52.57,81.9,1,0,0,106.6,0.045,<10%
L00849,Mature cheddar 200g,O00511,Supermarket,Nairobi,111.57,55.6,1,1,1,109.7,0.045,<10%
L02054,Beef breakfast sausages 500g,O01890,Petrol station,Rift Valley,94.57,72.4,0,1,1,103.1,0.045,<10%
L02432,Beef breakfast sausages 500g,O00245,HoReCa,Nairobi,89.14,67.5,0,0,1,105.7,0.045,<10%
L01726,Drinking yoghurt mango 250ml,O00979,Wholesaler,Nairobi,99.14,86.0,0,0,0,99.3,0.045,<10%
L06749,Mozzarella 500g (food service),O00704,Supermarket,Nyanza,18.0,91.7,1,1,1,94.9,0.045,<10%
L00339,Greek-style yoghurt 450g,O00856,Supermarket,Rift Valley,118.29,74.5,1,1,0,106.7,0.045,<10%
L01204,Vanilla bean ice cream 1L,O01953,Duka,Nyanza,105.86,63.6,0,0,0,100.3,0.045,<10%
L06305,Fruit ice lolly 6-pack,O01245,Supermarket,Nairobi,29.43,57.7,1,1,1,92.3,0.045,<10%
L06662,Mozzarella 500g (food service),O01039,HoReCa,Rift Valley,19.0,82.6,1,1,1,103.2,0.045,<10%
L02091,Beef breakfast sausages 500g,O00760,Supermarket,Nairobi,94.29,72.6,1,1,0,92.6,0.044,<10%
L02393,Beef breakfast sausages 500g,O01472,Wholesaler,Western,90.86,81.6,1,0,1,94.2,0.044,<10%
L01417,Drinking yoghurt mango 250ml,O01617,Supermarket,Nairobi,101.0,84.7,1,0,1,97.3,0.044,<10%
L01115,Vanilla bean ice cream 1L,O00494,Supermarket,Nairobi,106.71,72.5,1,0,1,103.1,0.044,<10%
L05293,Natural set yoghurt 1kg,O00170,Wholesaler,Central,45.29,84.1,1,0,0,87.6,0.044,<10%
L01604,Drinking yoghurt mango 250ml,O02335,Wholesaler,Rift Valley,100.0,87.2,0,0,0,85.9,0.044,<10%
L01613,Drinking yoghurt mango 250ml,O00313,Petrol station,Rift Valley,99.86,93.7,1,0,1,94.0,0.044,<10%
L05268,Feta 200g,O01022,Duka,Nairobi,45.43,76.8,0,0,1,103.9,0.044,<10%
L05374,Natural set yoghurt 1kg,O00438,Duka,Nairobi,44.71,76.8,0,0,1,93.1,0.044,<10%
L06809,Mozzarella 500g (food service),O00230,HoReCa,Nairobi,16.71,91.9,1,0,0,95.7,0.044,<10%
L04073,Choc-chip ice cream 500ml,O00951,Wholesaler,Rift Valley,65.71,80.0,1,0,0,95.5,0.044,<10%
L01555,Drinking yoghurt mango 250ml,O00975,Supermarket,Western,100.29,66.9,0,1,1,91.5,0.044,<10%
L05282,Natural set yoghurt 1kg,O01174,Duka,Rift Valley,45.43,80.3,0,1,1,94.8,0.044,<10%
L02189,Beef breakfast sausages 500g,O02406,Wholesaler,Central,93.71,77.5,1,1,0,99.1,0.044,<10%
L05248,Natural set yoghurt 1kg,O00416,Duka,Coast,45.57,86.9,0,1,1,90.6,0.044,<10%
L01193,Vanilla bean ice cream 1L,O00325,Duka,Central,106.0,83.7,1,0,1,103.0,0.044,<10%
L06366,Fruit ice lolly 6-pack,O02050,Supermarket,Central,28.86,70.3,1,1,1,101.3,0.044,<10%
L04642,Smoked chicken slices 150g,O01201,Supermarket,Nairobi,57.29,79.9,1,1,1,105.9,0.044,<10%
L06474,Fruit ice lolly 6-pack,O01778,Wholesaler,Nairobi,27.14,77.8,1,0,0,91.6,0.044,<10%
L05058,Feta 200g,O00691,Wholesaler,Western,50.29,82.1,1,0,0,93.6,0.044,<10%
L06469,Fruit ice lolly 6-pack,O02596,Supermarket,Western,27.29,72.8,1,1,1,91.6,0.044,<10%
L01552,Drinking yoghurt mango 250ml,O00622,Supermarket,Rift Valley,100.29,68.5,0,1,1,96.9,0.044,<10%
L06382,Fruit ice lolly 6-pack,O01547,Supermarket,Rift Valley,28.57,80.4,0,1,1,112.0,0.044,<10%
L03589,Strawberry milk 500ml,O01483,Wholesaler,Nairobi,72.71,73.2,0,1,1,91.5,0.044,<10%
L06719,Mozzarella 500g (food service),O01108,Wholesaler,Central,18.43,74.4,1,1,1,89.8,0.043,<10%
L04438,Smoked chicken slices 150g,O00498,Supermarket,Central,59.29,86.4,1,1,1,106.4,0.043,<10%
L04253,Choc-chip ice cream 500ml,O01345,Supermarket,Nairobi,63.86,42.6,0,1,1,101.0,0.043,<10%
L02361,Beef breakfast sausages 500g,O01708,Supermarket,Coast,91.43,93.9,1,0,0,90.5,0.043,<10%
L06141,Fruit ice lolly 6-pack,O01519,Supermarket,Central,30.86,63.4,1,1,1,107.4,0.043,<10%
L01169,Vanilla bean ice cream 1L,O01600,HoReCa,Central,106.29,74.2,1,0,1,97.4,0.043,<10%
L03951,Choc-chip ice cream 500ml,O00206,HoReCa,Coast,66.57,89.5,1,1,0,112.0,0.043,<10%
L03563,Strawberry milk 500ml,O00430,Wholesaler,Central,72.86,70.5,1,1,1,85.1,0.043,<10%
L05330,Natural set yoghurt 1kg,O00203,Supermarket,Nairobi,45.0,83.4,0,1,0,99.4,0.043,<10%
L04341,Choc-chip ice cream 500ml,O00280,Duka,Nairobi,60.57,69.4,0,1,1,110.4,0.043,<10%
L04151,Choc-chip ice cream 500ml,O01424,HoReCa,Coast,65.14,73.6,0,1,0,106.6,0.043,<10%
L03555,Strawberry milk 500ml,O02304,Supermarket,Nairobi,73.0,71.9,1,1,1,101.5,0.043,<10%
L05689,Natural set yoghurt 1kg,O01262,Wholesaler,Western,38.71,85.8,1,1,1,95.8,0.042,<10%
L04190,Choc-chip ice cream 500ml,O00067,Supermarket,Coast,64.71,89.1,1,1,0,105.2,0.042,<10%
L03110,Salted butter 250g,O01341,Supermarket,Nairobi,80.14,46.8,1,0,0,100.5,0.042,<10%
L01535,Drinking yoghurt mango 250ml,O01800,Wholesaler,Rift Valley,100.43,89.8,1,0,1,99.1,0.042,<10%
L01308,Vanilla bean ice cream 1L,O01712,HoReCa,Nyanza,104.43,60.3,0,0,1,121.1,0.042,<10%
L04866,Feta 200g,O02153,Wholesaler,Western,52.29,87.8,1,0,0,97.5,0.042,<10%
L03941,Choc-chip ice cream 500ml,O00957,HoReCa,Central,66.71,76.2,1,0,0,108.1,0.042,<10%
L06323,Fruit ice lolly 6-pack,O00989,Supermarket,Rift Valley,29.29,82.5,1,0,1,106.8,0.042,<10%
L02277,Beef breakfast sausages 500g,O00555,Supermarket,Nyanza,92.71,87.9,1,1,1,101.6,0.042,<10%
L04049,Choc-chip ice cream 500ml,O02145,Petrol station,Nairobi,66.0,62.7,1,0,1,100.8,0.042,<10%
L05216,Natural set yoghurt 1kg,O01992,Supermarket,Nairobi,45.86,64.9,1,1,1,90.4,0.042,<10%
L02283,Beef breakfast sausages 500g,O02467,Supermarket,Nyanza,92.71,77.7,1,1,1,101.6,0.042,<10%
L04257,Choc-chip ice cream 500ml,O01660,Supermarket,Nairobi,63.71,64.7,0,1,0,109.6,0.042,<10%
L05434,Natural set yoghurt 1kg,O00962,Supermarket,Nairobi,44.29,58.3,1,1,1,83.5,0.042,<10%
L02145,Beef breakfast sausages 500g,O01348,Supermarket,Nairobi,94.0,63.0,1,1,1,96.6,0.042,<10%
L06621,Mozzarella 500g (food service),O01772,Supermarket,Nairobi,19.43,86.0,1,0,1,97.2,0.042,<10%
L03436,Strawberry milk 500ml,O02543,Supermarket,Nairobi,73.71,73.5,1,1,1,91.8,0.042,<10%
L04103,Choc-chip ice cream 500ml,O00571,Supermarket,Coast,65.43,76.2,1,1,1,107.4,0.042,<10%
L03932,Choc-chip ice cream 500ml,O02424,Supermarket,Coast,66.86,78.1,0,1,0,104.2,0.042,<10%
L01489,Drinking yoghurt mango 250ml,O00521,Wholesaler,Nairobi,100.57,79.6,1,1,0,83.0,0.042,<10%
L05214,Natural set yoghurt 1kg,O01879,Wholesaler,Nairobi,45.86,62.1,0,1,1,90.6,0.042,<10%
L03976,Choc-chip ice cream 500ml,O00739,Duka,Rift Valley,66.43,75.8,0,1,0,110.5,0.042,<10%
L01347,Vanilla bean ice cream 1L,O00522,Petrol station,Central,103.43,65.0,0,0,0,99.7,0.042,<10%
L04385,Smoked chicken slices 150g,O02304,Supermarket,Nairobi,59.86,84.4,1,1,1,108.1,0.042,<10%
L05952,Fresh cream 250ml,O01617,Supermarket,Nairobi,35.71,84.0,1,1,1,98.6,0.042,<10%
L01854,Drinking yoghurt mango 250ml,O00783,HoReCa,Nairobi,97.86,90.9,1,0,0,89.5,0.041,<10%
L05361,Natural set yoghurt 1kg,O01201,Supermarket,Nairobi,44.86,77.6,1,0,1,90.6,0.041,<10%
L06580,Mozzarella 500g (food service),O00730,Supermarket,Nairobi,19.86,86.9,1,0,1,93.5,0.041,<10%
L02408,Beef breakfast sausages 500g,O02059,Supermarket,Coast,90.43,73.4,0,1,1,93.7,0.041,<10%
L06370,Fresh cream 250ml,O02157,Wholesaler,Nairobi,28.71,80.8,1,1,1,88.2,0.041,<10%
L04842,Feta 200g,O01251,Wholesaler,Nairobi,52.43,72.9,0,0,0,88.1,0.041,<10%
L03325,Salted butter 250g,O01162,HoReCa,Coast,76.86,77.2,1,0,0,103.6,0.041,<10%
L04567,Smoked chicken slices 150g,O00981,Supermarket,Nairobi,58.29,79.4,1,1,1,102.6,0.041,<10%
L01478,Drinking yoghurt mango 250ml,O01628,Supermarket,Western,100.71,97.0,1,1,1,102.7,0.041,<10%
L01995,Beef breakfast sausages 500g,O01667,Wholesaler,Rift Valley,94.86,80.8,0,1,0,91.5,0.041,<10%
L05478,Natural set yoghurt 1kg,O02283,Supermarket,Nyanza,43.86,90.0,0,0,1,90.1,0.041,<10%
L04434,Smoked chicken slices 150g,O00264,Wholesaler,Coast,59.29,97.8,1,0,1,92.2,0.041,<10%
L04540,Smoked chicken slices 150g,O02404,Wholesaler,Nyanza,58.57,98.0,1,0,1,87.4,0.041,<10%
L01384,Vanilla bean ice cream 1L,O01115,Supermarket,Nyanza,102.29,66.7,1,1,1,99.0,0.041,<10%
L01865,Drinking yoghurt mango 250ml,O01123,Duka,Nairobi,97.71,84.1,0,1,0,91.7,0.041,<10%
L01753,Drinking yoghurt mango 250ml,O02400,Duka,Central,99.0,86.2,0,1,0,95.0,0.041,<10%
L02851,Salted butter 250g,O00698,Petrol station,Coast,81.86,73.5,0,1,0,94.0,0.041,<10%
L02057,Beef breakfast sausages 500g,O02002,Supermarket,Nairobi,94.57,90.8,1,0,0,102.4,0.041,<10%
L05127,Feta 200g,O00264,Wholesaler,Coast,48.71,82.1,0,0,1,96.7,0.041,<10%
L04917,Feta 200g,O00811,Supermarket,Rift Valley,51.86,74.9,1,1,1,113.3,0.041,<10%
L05337,Natural set yoghurt 1kg,O01281,Supermarket,Nairobi,45.0,74.2,1,0,1,88.1,0.041,<10%
L05010,Feta 200g,O00843,Supermarket,Coast,51.0,91.1,1,0,0,100.5,0.04,<10%
L04001,Choc-chip ice cream 500ml,O01264,Supermarket,Nairobi,66.29,62.3,1,1,1,108.1,0.04,<10%
L06175,Fruit ice lolly 6-pack,O01133,Supermarket,Rift Valley,30.57,88.1,1,1,0,90.7,0.04,<10%
L01353,Vanilla bean ice cream 1L,O01581,Supermarket,Nairobi,103.43,60.7,1,0,1,100.8,0.04,<10%
L01844,Drinking yoghurt mango 250ml,O00430,Wholesaler,Central,98.0,76.0,0,1,1,102.3,0.04,<10%
L05318,Natural set yoghurt 1kg,O00910,Wholesaler,Nairobi,45.14,74.1,0,1,0,88.1,0.04,<10%
L06221,Fruit ice lolly 6-pack,O00341,Supermarket,Rift Valley,30.14,67.1,0,1,1,98.7,0.04,<10%
L06412,Fruit ice lolly 6-pack,O02248,Supermarket,Nairobi,28.29,53.3,0,1,1,92.1,0.04,<10%
L04005,Choc-chip ice cream 500ml,O01707,Supermarket,Coast,66.29,86.1,0,0,0,113.1,0.04,<10%
L04228,Choc-chip ice cream 500ml,O01634,Duka,Central,64.29,65.3,0,1,0,101.2,0.04,<10%
L04848,Feta 200g,O01707,Supermarket,Coast,52.43,89.2,1,1,0,107.2,0.04,<10%
L01184,Vanilla bean ice cream 1L,O01667,Wholesaler,Rift Valley,106.14,90.1,1,1,0,97.9,0.04,<10%
L03351,Salted butter 250g,O00636,Petrol station,Nairobi,75.71,64.0,0,1,0,97.0,0.04,<10%
L04566,Smoked chicken slices 150g,O00910,Wholesaler,Nairobi,58.29,95.0,1,0,0,95.3,0.04,<10%
L01744,Drinking yoghurt mango 250ml,O00589,Wholesaler,Nyanza,99.0,96.1,0,0,1,101.3,0.04,<10%
L02133,Beef breakfast sausages 500g,O00273,Supermarket,Western,94.0,81.5,0,1,1,106.0,0.04,<10%
L00786,Mature cheddar 200g,O00410,HoReCa,Central,112.43,66.6,1,0,0,100.7,0.04,<10%
L01920,Drinking yoghurt mango 250ml,O02260,Supermarket,Nairobi,96.71,67.2,0,1,1,96.7,0.04,<10%
L01869,Drinking yoghurt mango 250ml,O00371,Supermarket,Nairobi,97.57,78.9,1,1,1,100.1,0.04,<10%
L01722,Drinking yoghurt mango 250ml,O00273,Supermarket,Western,99.14,95.2,1,1,1,99.4,0.04,<10%
L05313,Natural set yoghurt 1kg,O00053,Wholesaler,Coast,45.14,96.1,0,1,0,85.1,0.04,<10%
L04040,Choc-chip ice cream 500ml,O01387,Supermarket,Rift Valley,66.0,75.4,1,1,0,105.9,0.04,<10%
L06895,Mozzarella 500g (food service),O00732,Petrol station,Nairobi,12.43,93.0,1,1,1,96.1,0.04,<10%
L03268,Salted butter 250g,O02591,HoReCa,Nairobi,78.29,56.2,1,0,0,104.7,0.04,<10%
L03344,Salted butter 250g,O01186,Supermarket,Nyanza,76.14,65.4,1,1,0,104.5,0.04,<10%
L01982,Beef breakfast sausages 500g,O02579,Supermarket,Western,95.0,89.9,0,1,0,105.1,0.04,<10%
L00962,Vanilla bean ice cream 1L,O00707,Wholesaler,Nairobi,107.86,78.0,1,0,0,92.5,0.04,<10%
L01446,Drinking yoghurt mango 250ml,O01664,Supermarket,Western,100.86,97.4,1,1,1,91.9,0.04,<10%
L06200,Fruit ice lolly 6-pack,O00225,Wholesaler,Central,30.29,63.7,0,1,1,104.9,0.04,<10%
L02607,Halloumi 250g,O00537,Supermarket,Nairobi,87.43,68.0,0,1,0,114.7,0.04,<10%
L05362,Natural set yoghurt 1kg,O01472,Wholesaler,Western,44.86,95.0,1,0,1,98.2,0.04,<10%
L02688,Halloumi 250g,O02178,Wholesaler,Nairobi,86.43,61.4,1,0,0,103.8,0.04,<10%
L03051,Salted butter 250g,O00982,HoReCa,Nairobi,80.57,71.5,0,0,0,110.1,0.039,<10%
L03952,Choc-chip ice cream 500ml,O00406,Supermarket,Nairobi,66.57,66.4,0,1,0,113.1,0.039,<10%
L05267,Natural set yoghurt 1kg,O02483,Supermarket,Western,45.57,89.8,0,0,0,84.3,0.039,<10%
L06429,Fruit ice lolly 6-pack,O00082,Supermarket,Nyanza,28.0,86.4,1,1,0,93.7,0.039,<10%
L06626,Mozzarella 500g (food service),O00580,Supermarket,Rift Valley,19.29,79.8,1,1,1,99.1,0.039,<10%
L00987,Vanilla bean ice cream 1L,O00399,Wholesaler,Nairobi,107.57,72.6,1,0,1,95.0,0.039,<10%
L02259,Beef breakfast sausages 500g,O01559,HoReCa,Rift Valley,93.0,79.4,1,1,1,101.6,0.039,<10%
L02154,Drinking yoghurt mango 250ml,O00717,Wholesaler,Nairobi,93.86,60.2,0,1,1,91.3,0.039,<10%
L04082,Choc-chip ice cream 500ml,O01847,Wholesaler,Coast,65.71,83.0,1,0,1,99.0,0.039,<10%
L06738,Mozzarella 500g (food service),O01387,Supermarket,Rift Valley,18.14,85.3,1,1,0,87.7,0.039,<10%
L05146,Feta 200g,O01525,Petrol station,Central,48.14,95.3,0,0,0,101.4,0.039,<10%
L05087,Feta 200g,O00350,Duka,Nairobi,49.86,89.0,1,0,0,101.2,0.039,<10%
L02426,Beef breakfast sausages 500g,O01223,Supermarket,Central,89.43,77.1,0,1,0,89.7,0.039,<10%
L04954,Feta 200g,O02043,Wholesaler,Western,51.57,90.7,0,0,1,108.7,0.039,<10%
L02099,Beef breakfast sausages 500g,O01917,Supermarket,Nairobi,94.29,85.4,1,1,0,107.0,0.039,<10%
L02126,Beef breakfast sausages 500g,O02290,Supermarket,Western,94.14,84.4,1,1,1,99.5,0.039,<10%
L02314,Drinking yoghurt mango 250ml,O00906,Duka,Nairobi,92.14,82.7,0,1,1,102.3,0.039,<10%
L04956,Feta 200g,O02376,Supermarket,Coast,51.57,82.5,1,1,0,98.8,0.039,<10%
L01183,Vanilla bean ice cream 1L,O01637,Petrol station,Central,106.14,74.2,1,1,1,92.7,0.039,<10%
L01660,Drinking yoghurt mango 250ml,O00712,Wholesaler,Nairobi,99.57,96.0,1,0,1,99.1,0.039,<10%
L05435,Natural set yoghurt 1kg,O01088,Supermarket,Central,44.29,84.5,1,1,1,102.5,0.039,<10%
L00515,Mature cheddar 200g,O00518,Wholesaler,Central,114.71,58.1,1,1,0,102.7,0.039,<10%
L01564,Drinking yoghurt mango 250ml,O02401,Supermarket,Coast,100.29,88.1,0,1,0,83.6,0.039,<10%
L03355,Salted butter 250g,O00197,Duka,Central,75.57,59.8,0,1,1,106.4,0.039,<10%
L01992,Beef breakfast sausages 500g,O01500,Supermarket,Nyanza,94.86,82.0,1,1,1,95.4,0.039,<10%
L04849,Feta 200g,O01713,HoReCa,Western,52.43,93.0,0,0,0,107.6,0.039,<10%
L03281,Salted butter 250g,O02190,Petrol station,Western,78.0,77.2,0,0,0,83.0,0.039,<10%
L04998,Feta 200g,O01179,Wholesaler,Western,51.14,91.6,1,1,0,100.9,0.039,<10%
L04798,Feta 200g,O00093,HoReCa,Nairobi,52.71,77.8,1,0,0,102.2,0.039,<10%
L02929,Salted butter 250g,O00625,Petrol station,Coast,81.29,82.2,0,0,1,98.1,0.039,<10%
L04933,Feta 200g,O00624,Supermarket,Nyanza,51.71,79.7,1,1,1,107.9,0.039,<10%
L04595,Smoked chicken slices 150g,O00645,Supermarket,Nairobi,58.0,78.2,1,1,1,99.8,0.039,<10%
L02018,Beef breakfast sausages 500g,O01306,Supermarket,Coast,94.71,79.7,1,1,1,93.6,0.039,<10%
L04845,Feta 200g,O01412,Supermarket,Western,52.43,80.6,0,1,0,93.7,0.039,<10%
L05309,Natural set yoghurt 1kg,O01938,Supermarket,Rift Valley,45.29,87.6,1,1,1,99.8,0.039,<10%
L01711,Drinking yoghurt mango 250ml,O01257,Duka,Nairobi,99.29,76.9,0,0,1,91.9,0.038,<10%
L03944,Choc-chip ice cream 500ml,O01497,Supermarket,Nairobi,66.71,47.3,0,1,1,99.2,0.038,<10%
L05124,Feta 200g,O01607,Supermarket,Nairobi,48.86,73.8,1,1,1,103.9,0.038,<10%
L03945,Choc-chip ice cream 500ml,O01950,Supermarket,Western,66.71,75.8,0,0,1,105.2,0.038,<10%
L02279,Beef breakfast sausages 500g,O01224,Supermarket,Nyanza,92.71,84.3,0,1,1,101.3,0.038,<10%
L00655,Mature cheddar 200g,O01226,Petrol station,Central,113.86,70.8,1,1,0,101.7,0.038,<10%
L05218,Natural set yoghurt 1kg,O02475,Supermarket,Nairobi,45.86,76.2,1,1,0,79.3,0.038,<10%
L01942,Drinking yoghurt mango 250ml,O02084,HoReCa,Central,96.14,93.2,0,1,0,108.8,0.038,<10%
L05380,Natural set yoghurt 1kg,O01187,HoReCa,Nairobi,44.71,86.5,0,0,0,94.3,0.038,<10%
L04514,Smoked chicken slices 150g,O00842,Supermarket,Central,58.71,88.0,1,1,1,107.7,0.038,<10%
L05436,Natural set yoghurt 1kg,O01151,Supermarket,Western,44.29,94.0,1,1,0,91.6,0.038,<10%
L05632,Natural set yoghurt 1kg,O00107,Supermarket,Coast,41.29,86.5,0,1,1,99.1,0.038,<10%
L04904,Feta 200g,O01422,Petrol station,Rift Valley,52.0,90.2,1,1,0,96.1,0.038,<10%
L05275,Natural set yoghurt 1kg,O00684,Wholesaler,Nairobi,45.43,89.8,1,0,0,88.1,0.038,<10%
L04872,Feta 200g,O02534,Supermarket,Nyanza,52.29,93.4,1,0,0,101.8,0.038,<10%
L04147,Choc-chip ice cream 500ml,O00125,HoReCa,Nairobi,65.14,68.9,1,0,0,98.4,0.038,<10%
L00749,Greek-style yoghurt 450g,O02075,Supermarket,Central,112.86,80.5,1,1,1,105.9,0.038,<10%
L05525,Natural set yoghurt 1kg,O01481,Wholesaler,Rift Valley,43.29,78.7,1,1,1,87.0,0.038,<10%
L01161,Vanilla bean ice cream 1L,O00220,Wholesaler,Rift Valley,106.29,84.8,1,1,0,91.5,0.038,<10%
L03200,Salted butter 250g,O01568,Duka,Central,79.29,64.0,0,1,1,104.2,0.038,<10%
L05227,Natural set yoghurt 1kg,O00916,Wholesaler,Nairobi,45.71,70.8,0,1,1,94.3,0.038,<10%
L01547,Vanilla bean ice cream 1L,O00001,Duka,Nairobi,100.29,68.7,0,0,0,98.0,0.038,<10%
L03264,Salted butter 250g,O01557,Duka,Coast,78.29,84.9,1,0,0,111.0,0.038,<10%
L04941,Feta 200g,O01529,Wholesaler,Coast,51.71,92.1,1,0,1,105.4,0.038,<10%
L01599,Drinking yoghurt mango 250ml,O01796,Supermarket,Nairobi,100.0,69.8,0,1,1,101.2,0.038,<10%
L06234,Fruit ice lolly 6-pack,O01941,Wholesaler,Rift Valley,30.14,86.5,0,0,0,82.0,0.038,<10%
L02852,Salted butter 250g,O00750,Duka,Central,81.86,68.7,0,0,0,94.2,0.038,<10%
L02760,Halloumi 250g,O00069,Supermarket,Nairobi,85.0,58.0,1,1,0,103.4,0.038,<10%
L01448,Drinking yoghurt mango 250ml,O02055,Supermarket,Rift Valley,100.86,93.7,1,1,1,97.8,0.038,<10%
L05003,Feta 200g,O02391,Supermarket,Coast,51.14,85.0,1,1,1,103.5,0.038,<10%
L06592,Mozzarella 500g (food service),O01217,Supermarket,Western,19.71,92.6,1,1,1,101.6,0.038,<10%
L02581,Halloumi 250g,O00989,Supermarket,Rift Valley,87.71,62.0,0,1,1,107.9,0.038,<10%
L04958,Feta 200g,O02587,Supermarket,Coast,51.57,90.8,1,1,0,94.3,0.037,<10%
L02050,Beef breakfast sausages 500g,O01732,Supermarket,Western,94.57,65.6,0,1,1,90.8,0.037,<10%
L06645,Mozzarella 500g (food service),O01377,HoReCa,Nairobi,19.14,88.0,0,0,1,99.6,0.037,<10%
L01705,Drinking yoghurt mango 250ml,O00645,Supermarket,Nairobi,99.29,80.9,1,1,1,103.0,0.037,<10%
L06547,Fruit ice lolly 6-pack,O00373,Petrol station,Central,24.14,73.3,0,1,1,94.0,0.037,<10%
L04900,Feta 200g,O00732,Petrol station,Nairobi,52.0,71.9,0,1,1,99.4,0.037,<10%
L01858,Drinking yoghurt mango 250ml,O01675,Wholesaler,Nairobi,97.86,72.2,1,1,1,91.1,0.037,<10%
L04165,Choc-chip ice cream 500ml,O01556,HoReCa,Nyanza,65.0,80.9,1,0,0,102.2,0.037,<10%
L02712,Halloumi 250g,O02356,Petrol station,Rift Valley,86.14,82.2,0,1,1,119.4,0.037,<10%
L04580,Smoked chicken slices 150g,O00285,Wholesaler,Central,58.14,91.2,1,1,0,102.4,0.037,<10%
L02008,Beef breakfast sausages 500g,O00764,Wholesaler,Rift Valley,94.71,87.2,0,0,0,91.6,0.037,<10%
L02281,Beef breakfast sausages 500g,O02283,Supermarket,Nyanza,92.71,88.0,1,1,1,104.0,0.037,<10%
L02115,Beef breakfast sausages 500g,O00320,Wholesaler,Nairobi,94.14,86.6,0,0,0,101.1,0.037,<10%
L06520,Fruit ice lolly 6-pack,O00447,Wholesaler,Nyanza,25.57,87.0,1,0,1,87.6,0.037,<10%
L05506,Natural set yoghurt 1kg,O01915,Supermarket,Western,43.57,94.2,1,1,0,90.1,0.037,<10%
L03214,Salted butter 250g,O00727,HoReCa,Coast,79.0,75.0,0,0,0,97.4,0.037,<10%
L04616,Smoked chicken slices 150g,O01445,Supermarket,Nairobi,57.71,72.4,0,1,1,99.8,0.037,<10%
L05554,Feta 200g,O00873,Petrol station,Nairobi,42.71,69.5,0,1,1,98.8,0.037,<10%
L01454,Drinking yoghurt mango 250ml,O02548,Wholesaler,Nairobi,100.86,70.2,0,1,0,91.2,0.037,<10%
L02975,Salted butter 250g,O01876,Duka,Nairobi,81.14,67.0,1,0,0,107.2,0.037,<10%
L03343,Salted butter 250g,O02307,Wholesaler,Central,76.29,52.2,0,0,1,96.0,0.037,<10%
L04464,Smoked chicken slices 150g,O00903,Wholesaler,Nairobi,59.14,92.7,1,0,0,90.9,0.037,<10%
L02835,Salted butter 250g,O00093,HoReCa,Nairobi,82.0,66.6,0,0,0,100.9,0.037,<10%
L05347,Natural set yoghurt 1kg,O02409,Wholesaler,Central,45.0,91.9,1,0,0,86.1,0.037,<10%
L01893,Drinking yoghurt mango 250ml,O01527,Supermarket,Rift Valley,97.29,88.2,1,0,1,93.5,0.037,<10%
L02227,Beef breakfast sausages 500g,O01173,Supermarket,Central,93.29,68.4,0,1,1,103.7,0.037,<10%
L02060,Beef breakfast sausages 500g,O02331,Wholesaler,Nairobi,94.57,84.1,1,1,0,104.1,0.037,<10%
L04289,Choc-chip ice cream 500ml,O00014,HoReCa,Nairobi,62.86,79.4,1,0,0,104.9,0.037,<10%
L01138,Vanilla bean ice cream 1L,O01706,HoReCa,Rift Valley,106.57,95.4,1,0,0,97.9,0.037,<10%
L05135,Feta 200g,O00377,Petrol station,Nairobi,48.43,77.6,1,1,1,105.8,0.036,<10%
L02485,Halloumi 250g,O00583,Supermarket,Coast,88.57,73.3,0,1,1,107.8,0.036,<10%
L05334,Natural set yoghurt 1kg,O00771,Wholesaler,Nairobi,45.0,74.4,1,1,1,97.1,0.036,<10%
L04876,Feta 200g,O00220,Wholesaler,Rift Valley,52.14,85.6,1,0,0,96.1,0.036,<10%
L02287,Beef breakfast sausages 500g,O00510,Duka,Central,92.57,97.1,1,0,0,96.3,0.036,<10%
L00613,Mature cheddar 200g,O01310,HoReCa,Nairobi,114.14,52.6,1,0,1,110.2,0.036,<10%
L01607,Vanilla bean ice cream 1L,O01454,HoReCa,Nyanza,99.86,77.9,1,0,0,90.4,0.036,<10%
L01733,Drinking yoghurt mango 250ml,O01539,HoReCa,Rift Valley,99.14,77.3,0,1,1,102.0,0.036,<10%
L04063,Choc-chip ice cream 500ml,O01420,Supermarket,Nyanza,65.86,87.8,1,1,0,105.9,0.036,<10%
L05534,Natural set yoghurt 1kg,O00175,Supermarket,Central,43.0,85.6,0,1,0,92.0,0.036,<10%
L01038,Vanilla bean ice cream 1L,O01294,Supermarket,Coast,107.43,85.4,1,1,1,103.9,0.036,<10%
L03520,Strawberry milk 500ml,O01124,Supermarket,Nairobi,73.14,75.8,1,1,1,91.1,0.036,<10%
L06147,Fruit ice lolly 6-pack,O00434,Wholesaler,Central,30.71,77.7,1,0,1,96.2,0.036,<10%
L01685,Drinking yoghurt mango 250ml,O00974,HoReCa,Western,99.43,80.4,1,1,1,91.9,0.036,<10%
L04262,Choc-chip ice cream 500ml,O01614,Supermarket,Coast,63.57,88.3,1,0,1,101.3,0.036,<10%
L04481,Smoked chicken slices 150g,O00371,Supermarket,Nairobi,59.0,71.5,0,1,1,106.7,0.036,<10%
L03317,Salted butter 250g,O01872,Petrol station,Nairobi,77.14,71.0,0,1,0,100.5,0.036,<10%
L03954,Choc-chip ice cream 500ml,O01041,Duka,Western,66.57,97.6,1,1,0,109.4,0.036,<10%
L05678,Natural set yoghurt 1kg,O01476,Wholesaler,Nairobi,39.29,89.1,1,0,1,90.0,0.036,<10%
L05222,Natural set yoghurt 1kg,O00335,Wholesaler,Rift Valley,45.71,88.1,1,0,1,88.0,0.036,<10%
L06315,Fruit ice lolly 6-pack,O02570,Wholesaler,Coast,29.43,81.3,1,1,1,85.6,0.036,<10%
L01057,Vanilla bean ice cream 1L,O01452,Supermarket,Central,107.29,81.9,1,1,1,113.2,0.036,<10%
L06409,Fruit ice lolly 6-pack,O01242,Supermarket,Coast,28.29,90.3,1,1,1,97.2,0.036,<10%
L05674,Natural set yoghurt 1kg,O02014,HoReCa,Nairobi,39.57,75.0,0,1,0,93.2,0.036,<10%
L04291,Choc-chip ice cream 500ml,O01209,Supermarket,Nyanza,62.86,87.9,1,0,0,95.8,0.036,<10%
L06587,Mozzarella 500g (food service),O00029,Supermarket,Nairobi,19.71,86.5,1,1,1,98.5,0.036,<10%
L03329,Salted butter 250g,O00945,Petrol station,Rift Valley,76.71,63.6,1,0,0,86.1,0.036,<10%
L03007,Salted butter 250g,O00418,HoReCa,Nairobi,80.86,56.9,0,1,0,104.1,0.036,<10%
L01909,Drinking yoghurt mango 250ml,O01647,HoReCa,Nairobi,96.86,80.3,1,0,1,97.2,0.036,<10%
L05739,Fresh cream 250ml,O01222,Supermarket,Nairobi,37.71,90.6,1,1,1,98.6,0.036,<10%
L03715,Strawberry milk 500ml,O01547,Supermarket,Rift Valley,71.57,87.0,1,1,1,91.2,0.036,<10%
L01497,Drinking yoghurt mango 250ml,O01153,Wholesaler,Rift Valley,100.57,91.8,1,1,1,101.7,0.036,<10%
L06627,Mozzarella 500g (food service),O00918,Supermarket,Nairobi,19.29,91.7,1,0,1,93.9,0.036,<10%
L01785,Drinking yoghurt mango 250ml,O00127,Supermarket,Nairobi,98.57,80.6,1,1,1,98.8,0.035,<10%
L03185,Salted butter 250g,O00723,Petrol station,Nairobi,79.43,39.6,1,1,0,90.1,0.035,<10%
L04277,Choc-chip ice cream 500ml,O01505,HoReCa,Western,63.29,77.9,0,1,0,109.9,0.035,<10%
L04797,Feta 200g,O02247,Wholesaler,Nairobi,52.86,84.4,1,0,0,107.1,0.035,<10%
L03330,Salted butter 250g,O01157,HoReCa,Western,76.71,63.8,0,0,1,92.3,0.035,<10%
L06872,Mozzarella 500g (food service),O01348,Supermarket,Nairobi,14.43,86.8,0,1,1,99.6,0.035,<10%
L06709,Mozzarella 500g (food service),O01576,Supermarket,Central,18.57,90.4,1,1,1,107.2,0.035,<10%
L01617,Drinking yoghurt mango 250ml,O00907,Supermarket,Western,99.86,86.0,0,1,1,97.6,0.035,<10%
L04264,Choc-chip ice cream 500ml,O02498,HoReCa,Nyanza,63.57,82.2,0,0,0,102.9,0.035,<10%
L00977,Vanilla bean ice cream 1L,O01179,Wholesaler,Western,107.71,94.1,1,1,0,101.0,0.035,<10%
L04168,Choc-chip ice cream 500ml,O01952,Duka,Nyanza,65.0,87.4,0,0,0,99.0,0.035,<10%
L04445,Smoked chicken slices 150g,O01841,Supermarket,Nairobi,59.29,94.3,1,1,1,112.8,0.035,<10%
L06359,Fruit ice lolly 6-pack,O00589,Wholesaler,Nyanza,28.86,81.4,0,0,1,88.4,0.035,<10%
L05927,Natural set yoghurt 1kg,O01282,Supermarket,Nyanza,36.0,96.0,1,0,1,88.6,0.035,<10%
L03301,Salted butter 250g,O02225,Duka,Western,77.57,79.6,0,1,0,94.4,0.035,<10%
L06566,Fruit ice lolly 6-pack,O00957,HoReCa,Central,21.14,88.3,1,0,0,91.7,0.035,<10%
L06113,Fruit ice lolly 6-pack,O00555,Supermarket,Nyanza,31.14,83.4,1,1,1,102.0,0.035,<10%
L04631,Smoked chicken slices 150g,O01200,Supermarket,Nairobi,57.43,82.9,1,1,1,102.9,0.035,<10%
L02899,Salted butter 250g,O01978,HoReCa,Nairobi,81.57,55.0,0,0,0,96.4,0.035,<10%
L05338,Natural set yoghurt 1kg,O01322,Supermarket,Rift Valley,45.0,89.7,0,1,1,106.8,0.035,<10%
L01488,Drinking yoghurt mango 250ml,O00335,Wholesaler,Rift Valley,100.57,90.3,1,1,1,93.4,0.035,<10%
L05443,Natural set yoghurt 1kg,O02481,HoReCa,Nyanza,44.29,77.8,0,1,1,97.4,0.035,<10%
L03801,Salted butter 250g,O02375,Petrol station,Nairobi,70.43,48.4,0,1,1,97.3,0.035,<10%
L01071,Vanilla bean ice cream 1L,O00381,Wholesaler,Coast,107.14,93.8,1,1,0,90.7,0.035,<10%
L00588,Mature cheddar 200g,O00225,Wholesaler,Central,114.29,59.6,1,0,1,100.9,0.035,<10%
L02129,Drinking yoghurt mango 250ml,O00758,Duka,Nairobi,94.0,87.2,0,1,0,100.6,0.035,<10%
L01098,Vanilla bean ice cream 1L,O02505,Petrol station,Coast,107.0,72.3,0,0,0,96.1,0.035,<10%
L02912,Salted butter 250g,O00887,Wholesaler,Coast,81.43,77.6,1,0,0,98.3,0.035,<10%
L05619,Natural set yoghurt 1kg,O01733,Supermarket,Nairobi,41.57,69.1,1,1,1,90.7,0.034,<10%
L01698,Drinking yoghurt mango 250ml,O02425,Wholesaler,Central,99.43,91.7,1,1,0,86.3,0.034,<10%
L04831,Feta 200g,O02432,Wholesaler,Nairobi,52.57,81.4,1,0,0,97.5,0.034,<10%
L04780,Feta 200g,O02562,HoReCa,Rift Valley,53.0,88.6,1,0,0,106.1,0.034,<10%
L01052,Vanilla bean ice cream 1L,O01144,HoReCa,Rift Valley,107.29,95.4,1,0,0,104.8,0.034,<10%
L06162,Fruit ice lolly 6-pack,O01911,Wholesaler,Central,30.71,72.7,0,1,1,101.9,0.034,<10%
L02093,Beef breakfast sausages 500g,O01016,Wholesaler,Central,94.29,89.5,0,0,0,94.1,0.034,<10%
L01316,Vanilla bean ice cream 1L,O00748,Wholesaler,Western,104.14,69.3,0,0,0,96.7,0.034,<10%
L01019,Vanilla bean ice cream 1L,O02580,Supermarket,Nyanza,107.57,93.6,1,1,0,102.1,0.034,<10%
L03174,Salted butter 250g,O01684,Petrol station,Western,79.57,69.7,1,0,0,89.7,0.034,<10%
L04951,Feta 200g,O01576,Supermarket,Central,51.57,75.1,1,0,1,104.8,0.034,<10%
L05297,Natural set yoghurt 1kg,O00763,Wholesaler,Nairobi,45.29,80.6,0,0,0,79.5,0.034,<10%
L03419,Salted butter 250g,O00201,HoReCa,Coast,73.71,83.8,1,0,0,108.3,0.034,<10%
L01959,Drinking yoghurt mango 250ml,O01408,HoReCa,Central,95.29,73.9,0,0,1,91.1,0.034,<10%
L02226,Beef breakfast sausages 500g,O00655,Supermarket,Coast,93.29,85.6,0,1,1,102.0,0.034,<10%
L06222,Fruit ice lolly 6-pack,O00518,Wholesaler,Central,30.14,74.7,1,0,0,84.2,0.034,<10%
L05103,Feta 200g,O01728,Wholesaler,Central,49.57,82.3,1,0,0,97.2,0.034,<10%
L03038,Salted butter 250g,O01523,Duka,Nyanza,80.71,92.0,0,0,0,101.2,0.034,<10%
L05491,Natural set yoghurt 1kg,O01420,Supermarket,Nyanza,43.71,89.0,0,1,0,95.9,0.034,<10%
L06376,Fruit ice lolly 6-pack,O01476,Wholesaler,Nairobi,28.71,76.3,1,0,1,98.6,0.034,<10%
L06457,Fruit ice lolly 6-pack,O00733,HoReCa,Central,27.43,70.3,0,0,1,94.8,0.034,<10%
L06866,Mozzarella 500g (food service),O01768,HoReCa,Nairobi,15.0,83.0,0,0,1,91.5,0.034,<10%
L04575,Smoked chicken slices 150g,O01993,Supermarket,Nairobi,58.29,85.2,1,1,1,104.2,0.034,<10%
L06345,Fruit ice lolly 6-pack,O01113,Supermarket,Nairobi,29.0,67.2,1,1,1,101.0,0.034,<10%
L06722,Mozzarella 500g (food service),O02383,Supermarket,Nairobi,18.43,76.0,1,1,1,91.5,0.034,<10%
L02732,Halloumi 250g,O01281,Supermarket,Nairobi,85.71,56.6,0,1,1,109.4,0.034,<10%
L04208,Choc-chip ice cream 500ml,O01117,Supermarket,Rift Valley,64.57,61.7,0,0,1,100.5,0.034,<10%
L01936,Drinking yoghurt mango 250ml,O02327,Petrol station,Nairobi,96.29,88.7,0,0,1,93.6,0.034,<10%
L00750,Mature cheddar 200g,O00012,Wholesaler,Nairobi,112.86,57.3,1,1,1,99.3,0.034,<10%
L04622,Smoked chicken slices 150g,O00393,Wholesaler,Central,57.57,84.9,0,1,1,104.8,0.034,<10%
L03229,Salted butter 250g,O00814,Duka,Rift Valley,78.86,66.6,0,1,1,105.7,0.034,<10%
L05472,Natural set yoghurt 1kg,O00427,Petrol station,Central,43.86,77.3,1,1,1,86.3,0.034,<10%
L01760,Drinking yoghurt mango 250ml,O01407,Wholesaler,Central,98.86,80.3,0,1,1,99.2,0.034,<10%
L04773,Feta 200g,O00796,HoReCa,Coast,53.0,87.4,0,0,0,88.2,0.034,<10%
L06374,Fruit ice lolly 6-pack,O00903,Wholesaler,Nairobi,28.71,84.9,1,0,0,93.8,0.034,<10%
L05042,Feta 200g,O01817,Supermarket,Rift Valley,50.57,92.5,1,1,0,109.0,0.034,<10%
L02127,Beef breakfast sausages 500g,O02352,Wholesaler,Rift Valley,94.14,78.7,0,0,0,89.9,0.034,<10%
L03122,Salted butter 250g,O00805,Duka,Nairobi,80.0,63.5,0,0,0,89.2,0.034,<10%
L01156,Vanilla bean ice cream 1L,O01387,Supermarket,Rift Valley,106.43,57.2,0,1,0,104.5,0.034,<10%
L04581,Smoked chicken slices 150g,O00443,Supermarket,Nairobi,58.14,75.0,0,1,1,98.6,0.033,<10%
L02639,Halloumi 250g,O01127,Supermarket,Nairobi,87.14,68.6,1,0,1,119.3,0.033,<10%
L01483,Drinking yoghurt mango 250ml,O02334,Supermarket,Rift Valley,100.71,95.9,1,1,1,90.6,0.033,<10%
L02063,Drinking yoghurt mango 250ml,O01780,Wholesaler,Central,94.43,75.2,0,1,1,95.8,0.033,<10%
L01762,Drinking yoghurt mango 250ml,O01727,Supermarket,Central,98.86,84.7,1,1,1,89.3,0.033,<10%
L01937,Vanilla bean ice cream 1L,O00114,Duka,Central,96.14,80.6,0,0,0,97.2,0.033,<10%
L04131,Choc-chip ice cream 500ml,O00859,Wholesaler,Central,65.29,75.1,0,0,0,103.3,0.033,<10%
L05014,Feta 200g,O01577,Petrol station,Western,51.0,86.5,1,1,1,102.7,0.033,<10%
L03216,Salted butter 250g,O01104,Petrol station,Rift Valley,79.0,74.7,0,1,0,98.6,0.033,<10%
L04306,Choc-chip ice cream 500ml,O00464,Supermarket,Coast,62.29,81.1,1,1,1,100.4,0.033,<10%
L02513,Halloumi 250g,O00007,Supermarket,Rift Valley,88.29,69.4,1,1,1,115.7,0.033,<10%
L06326,Fruit ice lolly 6-pack,O01555,Supermarket,Nairobi,29.29,67.5,1,1,1,95.9,0.033,<10%
L02138,Beef breakfast sausages 500g,O00832,Supermarket,Nyanza,94.0,84.4,1,1,1,97.8,0.033,<10%
L06134,Fruit ice lolly 6-pack,O00494,Supermarket,Nairobi,30.86,73.5,1,1,1,106.0,0.033,<10%
L04171,Choc-chip ice cream 500ml,O02224,Petrol station,Nairobi,65.0,88.2,1,0,1,109.6,0.033,<10%
L00532,Mature cheddar 200g,O00720,Supermarket,Rift Valley,114.57,67.7,1,0,1,107.2,0.033,<10%
L00620,Mature cheddar 200g,O01947,Supermarket,Central,114.14,67.1,1,1,0,110.9,0.033,<10%
L04964,Feta 200g,O01308,Duka,Nairobi,51.43,86.9,1,1,0,106.3,0.033,<10%
L04487,Smoked chicken slices 150g,O01581,Supermarket,Nairobi,59.0,83.3,1,1,1,106.2,0.033,<10%
L05004,Feta 200g,O02436,HoReCa,Rift Valley,51.14,76.1,1,0,1,105.2,0.033,<10%
L00586,Mature cheddar 200g,O00141,Wholesaler,Nairobi,114.29,76.0,1,0,0,109.4,0.033,<10%
L06452,Fruit ice lolly 6-pack,O01974,Petrol station,Nairobi,27.71,72.4,0,1,1,94.3,0.033,<10%
L02585,Halloumi 250g,O01456,Wholesaler,Nairobi,87.71,60.3,0,1,1,109.0,0.033,<10%
L04822,Feta 200g,O00684,Wholesaler,Nairobi,52.57,77.6,0,1,0,95.2,0.033,<10%
L06707,Mozzarella 500g (food service),O00981,Supermarket,Nairobi,18.57,91.7,1,0,1,96.6,0.033,<10%
L02584,Halloumi 250g,O01199,Supermarket,Central,87.71,75.4,0,1,1,119.0,0.033,<10%
L04126,Choc-chip ice cream 500ml,O00264,Wholesaler,Coast,65.29,67.4,0,1,1,101.0,0.033,<10%
L04952,Feta 200g,O01660,Supermarket,Nairobi,51.57,81.1,1,1,0,105.1,0.033,<10%
L05113,Feta 200g,O01494,HoReCa,Central,49.29,78.0,1,0,1,109.7,0.032,<10%
L05396,Natural set yoghurt 1kg,O00846,Supermarket,Central,44.57,69.6,1,1,1,94.4,0.032,<10%
L05444,Natural set yoghurt 1kg,O02488,Wholesaler,Nairobi,44.29,77.8,1,0,1,90.1,0.032,<10%
L04806,Feta 200g,O01755,Supermarket,Central,52.71,72.4,1,1,0,96.2,0.032,<10%
L03113,Salted butter 250g,O01756,Supermarket,Western,80.14,72.5,0,1,0,101.1,0.032,<10%
L05223,Natural set yoghurt 1kg,O00399,Wholesaler,Nairobi,45.71,78.7,0,1,1,98.3,0.032,<10%
L03283,Salted butter 250g,O01151,Supermarket,Western,77.86,57.2,1,1,0,94.9,0.032,<10%
L06881,Mozzarella 500g (food service),O00513,Supermarket,Central,13.57,88.3,1,1,1,102.1,0.032,<10%
L06313,Fruit ice lolly 6-pack,O02432,Wholesaler,Nairobi,29.43,87.6,1,0,0,87.4,0.032,<10%
L04024,Choc-chip ice cream 500ml,O02077,Petrol station,Nairobi,66.14,84.1,1,0,0,101.6,0.032,<10%
L04142,Choc-chip ice cream 500ml,O01838,Petrol station,Nairobi,65.29,76.9,0,0,0,94.0,0.032,<10%
L02529,Halloumi 250g,O00502,Petrol station,Nairobi,88.14,70.8,1,0,1,111.8,0.032,<10%
L05638,Natural set yoghurt 1kg,O00166,Petrol station,Nairobi,41.14,85.8,0,1,1,96.7,0.032,<10%
L05573,Feta 200g,O00425,Duka,Central,42.43,82.9,1,1,1,98.5,0.032,<10%
L01955,Drinking yoghurt mango 250ml,O02364,Supermarket,Western,95.43,94.5,0,1,0,88.1,0.032,<10%
L04007,Choc-chip ice cream 500ml,O02390,Duka,Nairobi,66.29,75.4,0,1,1,114.4,0.032,<10%
L06239,Fruit ice lolly 6-pack,O00406,Supermarket,Nairobi,30.0,73.3,0,1,0,92.1,0.032,<10%
L01109,Vanilla bean ice cream 1L,O02485,Wholesaler,Central,106.86,44.7,0,0,1,104.8,0.032,<10%
L06187,Fruit ice lolly 6-pack,O00759,Supermarket,Central,30.43,68.6,1,1,1,99.2,0.032,<10%
L01406,Drinking yoghurt mango 250ml,O00171,HoReCa,Western,101.0,74.4,0,1,1,87.4,0.032,<10%
L05397,Natural set yoghurt 1kg,O00880,Supermarket,Coast,44.57,93.1,1,1,1,86.3,0.032,<10%
L02300,Beef breakfast sausages 500g,O00664,Petrol station,Nyanza,92.43,89.3,1,1,1,92.1,0.032,<10%
L03369,Salted butter 250g,O00333,Duka,Nairobi,74.86,69.7,0,0,0,92.3,0.032,<10%
L01843,Drinking yoghurt mango 250ml,O00373,Petrol station,Central,98.0,83.4,0,1,1,88.0,0.032,<10%
L02888,Salted butter 250g,O00631,Duka,Coast,81.57,76.7,1,0,0,90.9,0.032,<10%
L03198,Salted butter 250g,O01134,Wholesaler,Coast,79.29,65.3,0,1,1,103.0,0.032,<10%
L03912,Choc-chip ice cream 500ml,O02599,Wholesaler,Central,67.14,80.0,0,0,0,100.1,0.032,<10%
L05565,Natural set yoghurt 1kg,O00624,Supermarket,Nyanza,42.57,96.2,1,1,1,97.2,0.032,<10%
L05387,Natural set yoghurt 1kg,O02066,Supermarket,Coast,44.71,94.2,1,1,1,86.9,0.032,<10%
L05028,Feta 200g,O02305,HoReCa,Nairobi,50.86,75.6,1,0,0,93.3,0.032,<10%
L02668,Halloumi 250g,O00157,Wholesaler,Nairobi,86.71,64.2,1,1,0,111.6,0.032,<10%
L04162,Choc-chip ice cream 500ml,O00759,Supermarket,Central,65.0,71.7,1,0,1,99.2,0.032,<10%
L05415,Natural set yoghurt 1kg,O00177,Supermarket,Rift Valley,44.43,82.7,0,1,1,102.7,0.032,<10%
L04468,Smoked chicken slices 150g,O01675,Wholesaler,Nairobi,59.14,90.8,1,1,1,108.1,0.032,<10%
L04382,Smoked chicken slices 150g,O01885,Supermarket,Nairobi,59.86,89.0,1,1,1,105.2,0.032,<10%
L04878,Feta 200g,O00498,Supermarket,Central,52.14,70.4,0,1,1,102.4,0.032,<10%
L06729,Mozzarella 500g (food service),O01579,Wholesaler,Central,18.29,95.4,1,1,1,100.2,0.031,<10%
L04098,Choc-chip ice cream 500ml,O02139,Wholesaler,Nairobi,65.57,84.2,1,0,0,103.1,0.031,<10%
L03579,Strawberry milk 500ml,O00292,Supermarket,Central,72.71,80.5,1,1,1,92.4,0.031,<10%
L05495,Feta 200g,O01762,Petrol station,Western,43.57,84.7,0,1,1,99.1,0.031,<10%
L01511,Drinking yoghurt mango 250ml,O02521,Wholesaler,Nairobi,100.57,70.2,0,1,1,95.6,0.031,<10%
L04059,Choc-chip ice cream 500ml,O00934,HoReCa,Nairobi,65.86,70.7,0,0,0,105.3,0.031,<10%
L05240,Natural set yoghurt 1kg,O02055,Supermarket,Rift Valley,45.71,91.9,1,0,1,91.7,0.031,<10%
L06144,Fruit ice lolly 6-pack,O01982,Supermarket,Central,30.86,69.9,0,1,1,100.3,0.031,<10%
L05391,Natural set yoghurt 1kg,O02431,HoReCa,Nairobi,44.71,88.9,1,0,0,90.7,0.031,<10%
L04860,Feta 200g,O01148,Supermarket,Nairobi,52.29,72.7,0,1,0,99.9,0.031,<10%
L04130,Choc-chip ice cream 500ml,O00704,Supermarket,Nyanza,65.29,63.3,0,1,1,100.9,0.031,<10%
L06180,Fruit ice lolly 6-pack,O01856,Supermarket,Coast,30.57,95.5,1,1,0,96.8,0.031,<10%
L02446,Drinking yoghurt mango 250ml,O00542,HoReCa,Central,88.86,68.3,0,1,1,96.8,0.031,<10%
L01460,Drinking yoghurt mango 250ml,O00252,Wholesaler,Nairobi,100.71,89.3,1,1,1,98.1,0.031,<10%
L05064,Feta 200g,O01946,Wholesaler,Rift Valley,50.29,85.2,1,1,0,98.1,0.031,<10%
L03047,Salted butter 250g,O00273,Supermarket,Western,80.57,68.3,0,1,1,99.6,0.031,<10%
L05452,Natural set yoghurt 1kg,O02018,Wholesaler,Central,44.14,85.6,0,0,1,84.2,0.031,<10%
L02116,Beef breakfast sausages 500g,O00393,Wholesaler,Central,94.14,80.5,1,0,1,89.9,0.031,<10%
L02159,Beef breakfast sausages 500g,O00498,Supermarket,Central,93.86,67.0,0,1,1,100.9,0.031,<10%
L06304,Fruit ice lolly 6-pack,O01224,Supermarket,Nyanza,29.43,77.9,1,1,1,91.3,0.031,<10%
L01800,Drinking yoghurt mango 250ml,O01374,Supermarket,Central,98.57,98.1,1,0,0,85.7,0.031,<10%
L05425,Natural set yoghurt 1kg,O02088,HoReCa,Nairobi,44.43,87.4,1,0,1,99.9,0.031,<10%
L05462,Natural set yoghurt 1kg,O01316,Supermarket,Rift Valley,44.0,81.5,0,1,1,98.9,0.031,<10%
L04154,Choc-chip ice cream 500ml,O01784,Supermarket,Coast,65.14,66.3,0,1,1,107.7,0.031,<10%
L00759,Mature cheddar 200g,O00752,Supermarket,Nairobi,112.86,67.3,1,1,1,117.0,0.031,<10%
L04887,Feta 200g,O01756,Supermarket,Western,52.14,95.1,1,1,0,110.6,0.031,<10%
L01171,Vanilla bean ice cream 1L,O01752,Supermarket,Nairobi,106.29,79.8,1,1,1,108.1,0.031,<10%
L04686,Smoked chicken slices 150g,O01888,Wholesaler,Central,56.57,84.0,1,1,1,99.3,0.031,<10%
L01836,Drinking yoghurt mango 250ml,O00677,Supermarket,Nairobi,98.14,76.4,0,0,1,84.1,0.031,<10%
L05505,Natural set yoghurt 1kg,O01529,Wholesaler,Coast,43.57,93.8,1,1,1,92.9,0.031,<10%
L02156,Beef breakfast sausages 500g,O00238,Supermarket,Nairobi,93.86,69.7,0,1,1,98.9,0.031,<10%
L01589,Drinking yoghurt mango 250ml,O00629,Wholesaler,Coast,100.0,95.8,1,1,1,84.5,0.03,<10%
L02369,Beef breakfast sausages 500g,O01322,Supermarket,Rift Valley,91.29,83.9,1,1,1,98.9,0.03,<10%
L02140,Beef breakfast sausages 500g,O01092,Supermarket,Nairobi,94.0,67.5,0,1,1,96.8,0.03,<10%
L06355,Fruit ice lolly 6-pack,O02548,Wholesaler,Nairobi,29.0,86.6,0,0,0,92.6,0.03,<10%
L04918,Feta 200g,O00963,HoReCa,Central,51.86,75.4,1,0,0,94.7,0.03,<10%
L06318,Fruit ice lolly 6-pack,O00069,Supermarket,Nairobi,29.29,78.6,1,1,0,95.8,0.03,<10%
L04516,Smoked chicken slices 150g,O00969,Supermarket,Central,58.71,91.6,1,1,1,100.9,0.03,<10%
L05968,Fresh cream 250ml,O02067,Supermarket,Nairobi,35.57,90.4,1,1,1,98.8,0.03,<10%
L06248,Fruit ice lolly 6-pack,O01800,Wholesaler,Rift Valley,30.0,87.2,1,0,1,99.1,0.03,<10%
L01751,Drinking yoghurt mango 250ml,O02179,Supermarket,Central,99.0,92.9,1,1,1,92.9,0.03,<10%
L04792,Feta 200g,O01521,HoReCa,Central,52.86,78.1,0,1,1,114.3,0.03,<10%
L01875,Drinking yoghurt mango 250ml,O00560,Supermarket,Rift Valley,97.43,94.7,1,1,1,96.9,0.03,<10%
L03022,Salted butter 250g,O02335,Wholesaler,Rift Valley,80.86,70.0,1,0,0,99.6,0.03,<10%
L05395,Natural set yoghurt 1kg,O00825,Supermarket,Coast,44.57,90.5,1,1,1,82.9,0.03,<10%
L01464,Drinking yoghurt mango 250ml,O00428,Wholesaler,Coast,100.71,98.1,0,1,0,86.4,0.03,<10%
L06643,Mozzarella 500g (food service),O01092,Supermarket,Nairobi,19.14,87.6,1,0,1,86.9,0.03,<10%
L05382,Natural set yoghurt 1kg,O01595,Supermarket,Coast,44.71,95.3,1,1,1,94.5,0.03,<10%
L01175,Vanilla bean ice cream 1L,O00464,Supermarket,Coast,106.14,55.2,0,1,1,106.9,0.03,<10%
L04226,Choc-chip ice cream 500ml,O00481,Duka,Nairobi,64.29,75.3,0,0,0,97.6,0.03,<10%
L01032,Vanilla bean ice cream 1L,O00975,Supermarket,Western,107.43,88.2,1,1,1,105.7,0.03,<10%
L06306,Fruit ice lolly 6-pack,O01387,Supermarket,Rift Valley,29.43,88.1,1,1,0,91.5,0.03,<10%
L06686,Mozzarella 500g (food service),O00252,Wholesaler,Nairobi,18.71,95.4,1,0,1,91.5,0.03,<10%
L01030,Vanilla bean ice cream 1L,O00551,Supermarket,Rift Valley,107.43,90.2,1,1,0,103.0,0.03,<10%
L01538,Drinking yoghurt mango 250ml,O02050,Supermarket,Central,100.43,91.0,1,1,1,96.1,0.03,<10%
L04215,Choc-chip ice cream 500ml,O02420,Supermarket,Rift Valley,64.57,87.5,1,0,0,108.3,0.03,<10%
L05065,Feta 200g,O01956,Duka,Coast,50.29,88.1,0,1,1,100.1,0.03,<10%
L05175,Natural set yoghurt 1kg,O00407,Supermarket,Nairobi,46.14,88.3,1,0,1,97.0,0.03,<10%
L05196,Feta 200g,O02186,HoReCa,Central,45.86,90.5,0,0,0,100.9,0.03,<10%
L02596,Halloumi 250g,O00772,Supermarket,Nairobi,87.57,54.5,0,1,1,107.6,0.03,<10%
L04157,Choc-chip ice cream 500ml,O02564,HoReCa,Central,65.14,71.0,0,0,0,100.4,0.03,<10%
L05325,Natural set yoghurt 1kg,O02307,Wholesaler,Central,45.14,81.1,1,1,1,92.6,0.03,<10%
L03618,Strawberry milk 500ml,O01010,Wholesaler,Nyanza,72.43,92.6,1,1,1,85.7,0.03,<10%
L02752,Halloumi 250g,O00566,Supermarket,Rift Valley,85.14,60.3,1,1,1,113.6,0.03,<10%
L00908,Mature cheddar 200g,O01341,Supermarket,Nairobi,110.14,79.6,1,1,0,109.5,0.03,<10%
L05332,Natural set yoghurt 1kg,O00371,Supermarket,Nairobi,45.0,83.9,0,0,1,86.4,0.03,<10%
L01341,Vanilla bean ice cream 1L,O01332,Petrol station,Nairobi,103.57,69.6,0,0,0,98.1,0.03,<10%
L06194,Fruit ice lolly 6-pack,O01592,HoReCa,Central,30.43,88.8,1,0,0,98.4,0.03,<10%
L01666,Drinking yoghurt mango 250ml,O01497,Supermarket,Nairobi,99.57,71.8,0,1,1,90.5,0.029,<10%
L05081,Feta 200g,O01086,Supermarket,Nairobi,50.0,78.0,0,1,0,104.8,0.029,<10%
L04145,Choc-chip ice cream 500ml,O02187,Supermarket,Nairobi,65.29,68.1,1,1,1,105.9,0.029,<10%
L00491,Mature cheddar 200g,O00181,Supermarket,Coast,114.86,70.3,1,1,1,106.2,0.029,<10%
L05555,Natural set yoghurt 1kg,O00324,Supermarket,Rift Valley,42.71,97.9,1,1,1,103.7,0.029,<10%
L04194,Choc-chip ice cream 500ml,O01102,Wholesaler,Central,64.71,61.7,0,1,1,106.1,0.029,<10%
L01671,Drinking yoghurt mango 250ml,O02100,Petrol station,Nyanza,99.57,95.5,0,0,1,81.3,0.029,<10%
L05069,Feta 200g,O00013,Wholesaler,Rift Valley,50.14,95.4,0,0,0,89.3,0.029,<10%
L01060,Vanilla bean ice cream 1L,O01820,Wholesaler,Central,107.29,88.2,1,0,0,86.5,0.029,<10%
L05194,Natural set yoghurt 1kg,O02334,Supermarket,Rift Valley,46.0,85.2,0,1,1,96.1,0.029,<10%
L02396,Beef breakfast sausages 500g,O00143,Supermarket,Central,90.71,83.3,1,1,1,99.7,0.029,<10%
L06578,Mozzarella 500g (food service),O02262,Supermarket,Central,20.0,95.3,1,1,1,100.8,0.029,<10%
L03036,Salted butter 250g,O01419,HoReCa,Nairobi,80.71,62.4,0,1,0,102.6,0.029,<10%
L01682,Drinking yoghurt mango 250ml,O00407,Supermarket,Nairobi,99.43,86.3,1,1,1,95.6,0.029,<10%
L04858,Feta 200g,O00981,Supermarket,Nairobi,52.29,67.1,1,1,1,105.9,0.029,<10%
L05666,Natural set yoghurt 1kg,O02091,Petrol station,Nairobi,40.14,72.3,0,1,1,82.2,0.029,<10%
L01559,Drinking yoghurt mango 250ml,O01519,Supermarket,Central,100.29,75.4,1,1,1,89.4,0.029,<10%
L04278,Choc-chip ice cream 500ml,O01593,HoReCa,Rift Valley,63.29,76.0,0,0,0,106.7,0.029,<10%
L06203,Fruit ice lolly 6-pack,O00367,Wholesaler,Nairobi,30.29,81.0,0,0,1,96.9,0.029,<10%
L06177,Fruit ice lolly 6-pack,O01595,Supermarket,Coast,30.57,93.5,1,1,1,104.3,0.029,<10%
L04077,Choc-chip ice cream 500ml,O01358,Supermarket,Central,65.71,83.2,1,1,0,98.9,0.029,<10%
L02103,Vanilla bean ice cream 1L,O01266,Duka,Nairobi,94.14,76.2,0,1,0,106.8,0.029,<10%
L04355,Smoked chicken slices 150g,O00012,Wholesaler,Nairobi,60.0,85.5,0,1,1,99.7,0.029,<10%
L06466,Fruit ice lolly 6-pack,O00962,Supermarket,Nairobi,27.29,78.4,0,1,1,104.9,0.029,<10%
L06232,Fruit ice lolly 6-pack,O01208,Wholesaler,Nairobi,30.14,87.8,1,0,0,87.9,0.029,<10%
L05468,Natural set yoghurt 1kg,O02445,Supermarket,Nairobi,44.0,78.0,1,1,1,91.0,0.029,<10%
L05073,Feta 200g,O00809,Supermarket,Central,50.14,81.9,1,0,1,104.6,0.029,<10%
L03087,Salted butter 250g,O00152,Duka,Nairobi,80.29,78.8,0,0,0,95.0,0.029,<10%
L01626,Drinking yoghurt mango 250ml,O02059,Supermarket,Coast,99.86,94.6,0,1,1,94.7,0.029,<10%
L04847,Feta 200g,O01614,Supermarket,Coast,52.43,92.3,1,1,1,105.9,0.029,<10%
L01329,Vanilla bean ice cream 1L,O00545,HoReCa,Rift Valley,103.86,90.3,1,0,0,101.8,0.029,<10%
L06325,Fruit ice lolly 6-pack,O01410,Supermarket,Nairobi,29.29,85.4,1,0,1,94.9,0.028,<10%
L05066,Feta 200g,O02337,Supermarket,Nairobi,50.29,78.6,1,1,1,110.8,0.028,<10%
L04060,Choc-chip ice cream 500ml,O01075,Petrol station,Nairobi,65.86,82.1,0,0,0,105.2,0.028,<10%
L05404,Natural set yoghurt 1kg,O01350,Supermarket,Nairobi,44.57,81.2,0,1,1,105.1,0.028,<10%
L02323,Beef breakfast sausages 500g,O01393,Supermarket,Nairobi,92.14,73.8,0,0,1,89.8,0.028,<10%
L01401,Drinking yoghurt mango 250ml,O00715,Supermarket,Nairobi,101.14,73.4,0,1,1,99.5,0.028,<10%
L06795,Mozzarella 500g (food service),O01840,Wholesaler,Central,17.14,86.7,1,1,1,90.1,0.028,<10%
L04042,Choc-chip ice cream 500ml,O01616,HoReCa,Central,66.0,74.1,0,0,0,100.3,0.028,<10%
L04271,Choc-chip ice cream 500ml,O01108,Wholesaler,Central,63.43,71.4,0,0,1,100.0,0.028,<10%
L03153,Salted butter 250g,O01352,Wholesaler,Western,79.71,73.8,0,1,0,98.6,0.028,<10%
L02163,Beef breakfast sausages 500g,O00715,Supermarket,Nairobi,93.86,58.1,0,1,1,87.9,0.028,<10%
L05132,Feta 200g,O01310,HoReCa,Nairobi,48.57,64.3,0,1,1,103.0,0.028,<10%
L04995,Feta 200g,O00677,Supermarket,Nairobi,51.14,74.8,0,1,1,102.1,0.028,<10%
L02678,Halloumi 250g,O02065,Supermarket,Central,86.57,68.9,1,1,1,117.9,0.028,<10%
L00693,Mature cheddar 200g,O00730,Supermarket,Nairobi,113.43,65.1,1,1,1,111.6,0.028,<10%
L01537,Drinking yoghurt mango 250ml,O02018,Wholesaler,Central,100.43,79.5,0,1,1,99.6,0.028,<10%
L05533,Natural set yoghurt 1kg,O00127,Supermarket,Nairobi,43.0,93.3,1,0,1,101.7,0.028,<10%
L03903,Strawberry milk 500ml,O01378,HoReCa,Nairobi,67.57,91.1,0,1,0,91.0,0.028,<10%
L00604,Mature cheddar 200g,O00458,Wholesaler,Coast,114.14,68.7,1,1,1,95.9,0.028,<10%
L04083,Choc-chip ice cream 500ml,O01868,Supermarket,Nairobi,65.71,75.9,1,1,1,109.8,0.028,<10%
L01042,Vanilla bean ice cream 1L,O01932,Supermarket,Central,107.43,83.7,1,1,1,110.3,0.028,<10%
L03950,Choc-chip ice cream 500ml,O00163,Wholesaler,Central,66.57,95.4,1,0,0,105.8,0.028,<10%
L06157,Fruit ice lolly 6-pack,O01544,Supermarket,Nairobi,30.71,93.1,1,1,0,106.6,0.028,<10%
L05212,Natural set yoghurt 1kg,O01675,Wholesaler,Nairobi,45.86,89.9,1,0,1,89.1,0.028,<10%
L04906,Feta 200g,O01778,Wholesaler,Nairobi,52.0,86.8,1,0,0,98.1,0.028,<10%
L04785,Feta 200g,O00181,Supermarket,Coast,52.86,92.4,1,1,1,106.4,0.028,<10%
L04189,Choc-chip ice cream 500ml,O00006,Supermarket,Central,64.71,68.0,0,1,0,103.7,0.028,<10%
L01091,Vanilla bean ice cream 1L,O01584,Supermarket,Rift Valley,107.0,96.2,1,0,0,92.4,0.028,<10%
L02421,Beef breakfast sausages 500g,O00514,Petrol station,Central,89.71,85.1,0,1,1,101.4,0.028,<10%
L03632,Salted butter 250g,O00396,HoReCa,Central,72.29,67.6,0,0,0,101.1,0.028,<10%
L05260,Natural set yoghurt 1kg,O01751,Supermarket,Central,45.57,87.9,1,1,1,97.8,0.028,<10%
L04911,Feta 200g,O02237,Wholesaler,Nairobi,52.0,81.8,0,0,0,88.5,0.028,<10%
L02577,Halloumi 250g,O00704,Supermarket,Nyanza,87.71,76.7,0,1,1,105.3,0.028,<10%
L02349,Beef breakfast sausages 500g,O01817,Supermarket,Rift Valley,91.71,96.0,1,1,0,101.4,0.027,<10%
L02270,Beef breakfast sausages 500g,O01751,Supermarket,Central,92.86,78.9,1,1,1,95.8,0.027,<10%
L05257,Natural set yoghurt 1kg,O01555,Supermarket,Nairobi,45.57,79.5,1,1,1,95.9,0.027,<10%
L04323,Choc-chip ice cream 500ml,O02361,Wholesaler,Rift Valley,61.57,92.7,1,0,0,96.6,0.027,<10%
L04981,Feta 200g,O00996,Supermarket,Central,51.29,70.3,0,1,1,102.8,0.027,<10%
L06553,Fruit ice lolly 6-pack,O01645,Petrol station,Nairobi,23.29,81.4,0,1,1,97.5,0.027,<10%
L01980,Beef breakfast sausages 500g,O01318,Duka,Central,95.0,85.2,0,1,1,104.6,0.027,<10%
L06312,Fruit ice lolly 6-pack,O02401,Supermarket,Coast,29.43,94.8,1,1,0,84.7,0.027,<10%
L01207,Vanilla bean ice cream 1L,O02483,Supermarket,Western,105.86,99.0,1,1,0,96.3,0.027,<10%
L05643,Natural set yoghurt 1kg,O01210,Supermarket,Nairobi,41.0,75.7,0,1,1,95.3,0.027,<10%
L06831,Mozzarella 500g (food service),O01560,HoReCa,Central,16.14,92.3,0,0,1,92.0,0.027,<10%
L06517,Fruit ice lolly 6-pack,O00934,HoReCa,Nairobi,25.71,72.4,0,1,0,95.3,0.027,<10%
L06138,Fruit ice lolly 6-pack,O01281,Supermarket,Nairobi,30.86,62.5,1,1,1,88.6,0.027,<10%
L06225,Fruit ice lolly 6-pack,O00645,Supermarket,Nairobi,30.14,78.3,0,1,1,102.1,0.027,<10%
L01302,Vanilla bean ice cream 1L,O02002,Supermarket,Nairobi,104.57,49.8,0,1,0,100.8,0.027,<10%
L02077,Beef breakfast sausages 500g,O01302,Supermarket,Rift Valley,94.43,94.3,1,1,1,96.1,0.027,<10%
L01340,Vanilla bean ice cream 1L,O01180,Petrol station,Central,103.57,52.9,0,1,1,99.7,0.027,<10%
L05594,Natural set yoghurt 1kg,O01786,Supermarket,Central,42.14,81.3,0,1,1,99.1,0.027,<10%
L02630,Halloumi 250g,O01539,HoReCa,Rift Valley,87.29,70.7,1,0,1,104.1,0.027,<10%
L03052,Salted butter 250g,O01108,Wholesaler,Central,80.57,67.4,0,0,1,98.7,0.027,<10%
L01070,Vanilla bean ice cream 1L,O00203,Supermarket,Nairobi,107.14,94.3,1,1,0,109.4,0.027,<10%
L02920,Salted butter 250g,O02310,Wholesaler,Western,81.43,69.0,1,0,1,104.3,0.027,<10%
L01627,Drinking yoghurt mango 250ml,O02136,Wholesaler,Nairobi,99.86,78.3,0,1,0,83.6,0.027,<10%
L01118,Vanilla bean ice cream 1L,O01000,HoReCa,Rift Valley,106.71,71.7,0,0,0,107.6,0.027,<10%
L04990,Feta 200g,O00193,Wholesaler,Coast,51.14,99.2,1,1,0,90.5,0.027,<10%
L04828,Feta 200g,O01885,Supermarket,Nairobi,52.57,67.0,1,1,1,101.7,0.027,<10%
L04483,Smoked chicken slices 150g,O00479,Supermarket,Central,59.0,94.4,1,1,1,103.1,0.027,<10%
L05383,Natural set yoghurt 1kg,O01773,HoReCa,Rift Valley,44.71,95.0,1,0,1,92.4,0.027,<10%
L06267,Fruit ice lolly 6-pack,O02284,Wholesaler,Nairobi,29.86,80.7,0,0,1,90.6,0.027,<10%
L05129,Feta 200g,O01837,Supermarket,Rift Valley,48.71,94.8,1,1,0,104.6,0.027,<10%
L03371,Salted butter 250g,O01769,Duka,Nairobi,74.57,67.5,0,1,0,96.2,0.027,<10%
L05333,Natural set yoghurt 1kg,O00372,Wholesaler,Rift Valley,45.0,78.8,0,1,1,81.8,0.027,<10%
L04150,Choc-chip ice cream 500ml,O01339,Supermarket,Nairobi,65.14,86.6,1,0,0,102.6,0.027,<10%
L06220,Fruit ice lolly 6-pack,O00059,Supermarket,Rift Valley,30.14,69.5,0,1,1,89.7,0.027,<10%
L04282,Choc-chip ice cream 500ml,O00962,Supermarket,Nairobi,63.14,75.7,1,1,1,109.5,0.027,<10%
L04132,Choc-chip ice cream 500ml,O00868,Wholesaler,Nairobi,65.29,65.8,0,0,0,89.1,0.027,<10%
L00976,Vanilla bean ice cream 1L,O01148,Supermarket,Nairobi,107.71,85.3,1,1,0,97.0,0.027,<10%
L00878,Mature cheddar 200g,O01841,Supermarket,Nairobi,111.0,82.3,1,0,1,110.3,0.027,<10%
L06257,Fruit ice lolly 6-pack,O01099,Supermarket,Nyanza,29.86,89.6,1,1,1,102.2,0.027,<10%
L04178,Choc-chip ice cream 500ml,O01251,Wholesaler,Nairobi,64.86,81.9,1,1,0,100.1,0.027,<10%
L02391,Beef breakfast sausages 500g,O00285,Wholesaler,Central,90.86,91.9,1,0,0,83.1,0.027,<10%
L01518,Drinking yoghurt mango 250ml,O00448,Wholesaler,Rift Valley,100.43,97.1,1,0,1,81.4,0.027,<10%
L00949,Vanilla bean ice cream 1L,O01210,Supermarket,Nairobi,108.0,88.0,1,0,1,108.1,0.026,<10%
L04111,Choc-chip ice cream 500ml,O01210,Supermarket,Nairobi,65.43,73.3,0,0,1,111.6,0.026,<10%
L02710,Halloumi 250g,O02067,Supermarket,Nairobi,86.14,68.2,1,1,1,113.5,0.026,<10%
L01486,Drinking yoghurt mango 250ml,O00057,Supermarket,Nairobi,100.57,84.5,0,1,1,103.3,0.026,<10%
L06509,Fruit ice lolly 6-pack,O02128,Supermarket,Central,26.0,88.9,1,1,1,104.3,0.026,<10%
L03280,Salted butter 250g,O01404,Duka,Rift Valley,78.0,64.3,0,1,1,101.1,0.026,<10%
L02289,Beef breakfast sausages 500g,O01452,Supermarket,Central,92.57,90.0,1,1,1,100.1,0.026,<10%
L02326,Beef breakfast sausages 500g,O00448,Wholesaler,Rift Valley,92.0,94.1,0,0,1,96.7,0.026,<10%
L04246,Choc-chip ice cream 500ml,O00989,Supermarket,Rift Valley,64.0,89.2,1,1,1,109.1,0.026,<10%
L03298,Salted butter 250g,O01026,Duka,Western,77.57,87.5,0,0,1,99.5,0.026,<10%
L01343,Vanilla bean ice cream 1L,O02054,Duka,Central,103.57,80.4,0,0,0,107.2,0.026,<10%
L04557,Smoked chicken slices 150g,O00057,Supermarket,Nairobi,58.29,94.5,1,1,1,98.5,0.026,<10%
L02624,Halloumi 250g,O00747,Supermarket,Rift Valley,87.29,75.6,1,1,1,122.2,0.026,<10%
L06269,Fruit ice lolly 6-pack,O02391,Supermarket,Coast,29.86,98.0,1,1,1,107.5,0.026,<10%
L02013,Beef breakfast sausages 500g,O01151,Supermarket,Western,94.71,93.9,0,1,0,99.6,0.026,<10%
L04293,Choc-chip ice cream 500ml,O01944,Wholesaler,Western,62.86,86.3,0,0,0,90.1,0.026,<10%
L00531,Mature cheddar 200g,O00715,Supermarket,Nairobi,114.57,56.6,1,1,1,107.0,0.026,<10%
L06235,Fruit ice lolly 6-pack,O01969,HoReCa,Nairobi,30.14,84.5,0,0,1,106.3,0.026,<10%
L05063,Feta 200g,O01816,Wholesaler,Rift Valley,50.29,86.0,1,1,1,105.7,0.026,<10%
L03974,Choc-chip ice cream 500ml,O00623,HoReCa,Coast,66.43,90.9,0,0,0,104.5,0.026,<10%
L05340,Natural set yoghurt 1kg,O01632,Supermarket,Coast,45.0,96.7,0,0,1,90.4,0.026,<10%
L05580,Natural set yoghurt 1kg,O00795,Petrol station,Nairobi,42.43,90.6,0,1,1,99.3,0.026,<10%
L03345,Salted butter 250g,O02197,Petrol station,Central,76.14,78.4,0,0,1,103.4,0.026,<10%
L03089,Salted butter 250g,O00563,Supermarket,Nyanza,80.29,67.1,1,1,0,107.4,0.026,<10%
L01130,Vanilla bean ice cream 1L,O02353,Supermarket,Nairobi,106.71,80.4,1,1,1,105.1,0.026,<10%
L06348,Fruit ice lolly 6-pack,O01732,Supermarket,Western,29.0,93.8,1,1,1,105.6,0.026,<10%
L04292,Choc-chip ice cream 500ml,O01615,HoReCa,Central,62.86,66.3,0,1,1,110.2,0.026,<10%
L05413,Natural set yoghurt 1kg,O00118,HoReCa,Nairobi,44.43,97.9,1,0,0,89.7,0.026,<10%
L05046,Feta 200g,O02313,Supermarket,Nairobi,50.57,73.4,1,0,1,91.2,0.026,<10%
L05483,Natural set yoghurt 1kg,O00694,Supermarket,Central,43.71,96.4,1,0,1,101.2,0.026,<10%
L06464,Fruit ice lolly 6-pack,O00250,Supermarket,Central,27.29,94.4,1,0,1,107.1,0.026,<10%
L05477,Natural set yoghurt 1kg,O02271,HoReCa,Nairobi,43.86,90.0,1,0,1,103.9,0.026,<10%
L03265,Salted butter 250g,O01685,Wholesaler,Central,78.29,75.8,0,1,0,99.3,0.026,<10%
L04091,Choc-chip ice cream 500ml,O00588,Petrol station,Nairobi,65.57,76.7,0,0,1,101.7,0.026,<10%
L04994,Feta 200g,O00614,HoReCa,Nairobi,51.14,75.4,0,0,1,101.3,0.026,<10%
L01636,Drinking yoghurt mango 250ml,O01100,Supermarket,Nairobi,99.71,89.6,1,1,1,96.0,0.025,<10%
L03309,Salted butter 250g,O02235,Supermarket,Nairobi,77.43,47.8,0,1,1,92.6,0.025,<10%
L02170,Beef breakfast sausages 500g,O01483,Wholesaler,Nairobi,93.86,91.4,1,0,1,97.5,0.025,<10%
L06292,Fruit ice lolly 6-pack,O01100,Supermarket,Nairobi,29.57,71.6,1,1,1,97.6,0.025,<10%
L01521,Drinking yoghurt mango 250ml,O00694,Supermarket,Central,100.43,80.8,0,0,1,92.9,0.025,<10%
L01365,Vanilla bean ice cream 1L,O01568,Duka,Central,103.14,70.2,0,0,1,98.1,0.025,<10%
L02256,Beef breakfast sausages 500g,O01218,HoReCa,Central,93.0,85.3,0,0,0,88.1,0.025,<10%
L06565,Fruit ice lolly 6-pack,O02337,Supermarket,Nairobi,21.29,79.1,0,1,1,98.9,0.025,<10%
L01573,Drinking yoghurt mango 250ml,O01357,Supermarket,Central,100.14,92.8,0,0,1,101.1,0.025,<10%
L04025,Choc-chip ice cream 500ml,O02175,Supermarket,Nairobi,66.14,88.3,1,0,1,110.8,0.025,<10%
L02144,Beef breakfast sausages 500g,O01214,Wholesaler,Central,94.0,83.4,0,1,0,87.3,0.025,<10%
L06439,Fruit ice lolly 6-pack,O02443,HoReCa,Nairobi,28.0,96.4,1,0,0,93.9,0.025,<10%
L01750,Drinking yoghurt mango 250ml,O02163,Supermarket,Rift Valley,99.0,96.2,1,1,0,82.2,0.025,<10%
L05300,Natural set yoghurt 1kg,O01135,Wholesaler,Nairobi,45.29,89.6,1,0,1,92.4,0.025,<10%
L02209,Beef breakfast sausages 500g,O00839,Supermarket,Nairobi,93.43,87.6,0,1,0,97.0,0.025,<10%
L02382,Beef breakfast sausages 500g,O01010,Wholesaler,Nyanza,91.0,83.1,0,1,1,93.5,0.025,<10%
L01474,Drinking yoghurt mango 250ml,O01581,Supermarket,Nairobi,100.71,96.3,1,1,1,92.0,0.025,<10%
L06772,Mozzarella 500g (food service),O00422,Supermarket,Nairobi,17.57,89.8,1,1,1,94.9,0.025,<10%
L05134,Feta 200g,O02256,Wholesaler,Rift Valley,48.57,94.6,1,0,0,90.0,0.025,<10%
L05155,Feta 200g,O02410,Petrol station,Coast,47.86,96.0,1,1,1,91.1,0.025,<10%
L05342,Natural set yoghurt 1kg,O01727,Supermarket,Central,45.0,88.0,1,1,1,89.1,0.025,<10%
L01028,Vanilla bean ice cream 1L,O00372,Wholesaler,Rift Valley,107.43,81.0,1,1,1,93.9,0.025,<10%
L03072,Salted butter 250g,O01183,Wholesaler,Coast,80.43,89.7,0,0,0,92.7,0.025,<10%
L01810,Drinking yoghurt mango 250ml,O00863,Supermarket,Nairobi,98.43,97.8,1,1,1,94.7,0.025,<10%
L02271,Beef breakfast sausages 500g,O02093,Supermarket,Coast,92.86,82.1,0,1,1,84.3,0.025,<10%
L04836,Feta 200g,O00722,Wholesaler,Coast,52.43,93.8,1,1,1,100.0,0.025,<10%
L06247,Fruit ice lolly 6-pack,O01628,Supermarket,Western,30.0,88.9,1,1,1,99.9,0.025,<10%
L04966,Feta 200g,O01685,Wholesaler,Central,51.43,98.0,1,0,0,100.5,0.025,<10%
L02112,Beef breakfast sausages 500g,O00177,Supermarket,Rift Valley,94.14,88.5,1,1,1,95.9,0.025,<10%
L02486,Halloumi 250g,O00726,Supermarket,Nyanza,88.57,71.4,1,1,1,105.0,0.025,<10%
L05057,Feta 200g,O00390,Wholesaler,Nairobi,50.29,91.0,1,0,0,97.8,0.025,<10%
L06507,Fruit ice lolly 6-pack,O00588,Petrol station,Nairobi,26.0,81.8,0,1,1,95.9,0.025,<10%
L05184,Natural set yoghurt 1kg,O01008,Supermarket,Nyanza,46.0,97.9,1,1,1,96.4,0.025,<10%
L01714,Drinking yoghurt mango 250ml,O01445,Supermarket,Nairobi,99.29,89.9,1,1,1,92.2,0.025,<10%
L03272,Salted butter 250g,O01236,Petrol station,Central,78.14,78.0,0,0,1,99.5,0.025,<10%
L00954,Vanilla bean ice cream 1L,O02596,Supermarket,Western,108.0,92.1,1,1,1,100.7,0.025,<10%
L04304,Choc-chip ice cream 500ml,O01415,Duka,Nairobi,62.43,89.6,0,0,0,98.4,0.025,<10%
L04087,Choc-chip ice cream 500ml,O02380,Wholesaler,Nairobi,65.71,78.6,0,0,0,97.0,0.025,<10%
L01677,Vanilla bean ice cream 1L,O01252,HoReCa,Nairobi,99.43,85.4,1,0,0,98.6,0.025,<10%
L04888,Feta 200g,O01859,Supermarket,Nyanza,52.14,92.8,1,1,0,106.6,0.025,<10%
L03915,Choc-chip ice cream 500ml,O01245,Supermarket,Nairobi,67.0,69.4,1,1,1,103.0,0.025,<10%
L06178,Fruit ice lolly 6-pack,O01782,Supermarket,Western,30.57,92.4,1,1,1,103.4,0.025,<10%
L05438,Natural set yoghurt 1kg,O01705,Supermarket,Rift Valley,44.29,92.2,0,1,1,101.6,0.024,<10%
L04127,Choc-chip ice cream 500ml,O00374,Petrol station,Nyanza,65.29,87.0,0,1,1,107.7,0.024,<10%
L02556,Halloumi 250g,O01879,Wholesaler,Nairobi,88.0,56.1,1,1,1,101.1,0.024,<10%
L02483,Halloumi 250g,O00371,Supermarket,Nairobi,88.57,61.9,1,1,1,105.6,0.024,<10%
L01412,Drinking yoghurt mango 250ml,O01089,HoReCa,Central,101.0,89.8,0,0,0,99.2,0.024,<10%
L01063,Vanilla bean ice cream 1L,O02310,Wholesaler,Western,107.29,52.8,0,1,1,102.9,0.024,<10%
L00661,Mature cheddar 200g,O02409,Wholesaler,Central,113.86,80.6,1,0,0,97.9,0.024,<10%
L05400,Natural set yoghurt 1kg,O01102,Wholesaler,Central,44.57,86.3,0,1,1,94.5,0.024,<10%
L04078,Choc-chip ice cream 500ml,O01432,Supermarket,Nairobi,65.71,75.1,0,1,1,117.3,0.024,<10%
L04252,Choc-chip ice cream 500ml,O01124,Supermarket,Nairobi,63.86,72.9,1,1,1,111.4,0.024,<10%
L02409,Beef breakfast sausages 500g,O00155,Wholesaler,Western,90.29,89.0,0,1,1,94.3,0.024,<10%
L05098,Feta 200g,O00069,Supermarket,Nairobi,49.57,83.4,0,1,0,109.9,0.024,<10%
L05394,Natural set yoghurt 1kg,O00132,Wholesaler,Nairobi,44.57,97.7,1,0,1,94.4,0.024,<10%
L02861,Beef breakfast sausages 500g,O01940,Petrol station,Central,81.71,83.4,0,1,1,90.6,0.024,<10%
L01237,Vanilla bean ice cream 1L,O00410,HoReCa,Central,105.43,55.7,0,0,0,101.5,0.024,<10%
L04923,Feta 200g,O01779,Supermarket,Nyanza,51.86,91.8,1,1,0,98.0,0.024,<10%
L04967,Feta 200g,O01690,Wholesaler,Nairobi,51.43,93.3,0,0,0,98.9,0.024,<10%
L01387,Vanilla bean ice cream 1L,O00925,Wholesaler,Central,102.14,87.7,1,0,1,103.6,0.024,<10%
L05245,Natural set yoghurt 1kg,O02420,Supermarket,Rift Valley,45.71,95.7,0,1,0,91.0,0.024,<10%
L04205,Choc-chip ice cream 500ml,O00693,Supermarket,Nairobi,64.57,82.2,0,0,0,110.9,0.024,<10%
L04796,Feta 200g,O02185,Supermarket,Coast,52.86,93.9,1,1,1,99.6,0.024,<10%
L00674,Mature cheddar 200g,O02331,Wholesaler,Nairobi,113.71,84.7,1,0,0,105.1,0.024,<10%
L04862,Feta 200g,O01259,Supermarket,Coast,52.29,92.0,1,1,1,102.4,0.024,<10%
L02203,Beef breakfast sausages 500g,O02531,Wholesaler,Rift Valley,93.57,87.5,1,0,1,84.6,0.024,<10%
L06289,Fruit ice lolly 6-pack,O00343,Wholesaler,Central,29.57,75.9,1,0,1,84.4,0.024,<10%
L04816,Feta 200g,O00371,Supermarket,Nairobi,52.57,74.9,0,1,1,105.5,0.024,<10%
L03957,Choc-chip ice cream 500ml,O01399,Duka,Nairobi,66.57,77.6,0,1,1,109.6,0.024,<10%
L05092,Feta 200g,O00523,Wholesaler,Central,49.71,86.7,0,0,1,108.0,0.024,<10%
L05002,Feta 200g,O01942,Supermarket,Western,51.14,91.3,0,1,1,109.3,0.024,<10%
L04053,Choc-chip ice cream 500ml,O02521,Wholesaler,Nairobi,66.0,70.9,0,0,1,95.6,0.024,<10%
L05412,Natural set yoghurt 1kg,O00029,Supermarket,Nairobi,44.43,91.8,1,0,1,98.6,0.024,<10%
L04700,Smoked chicken slices 150g,O01893,Supermarket,Central,56.14,75.2,0,1,1,91.7,0.024,<10%
L00562,Mature cheddar 200g,O00834,Wholesaler,Central,114.43,68.5,1,0,1,103.9,0.024,<10%
L03335,Salted butter 250g,O01217,Supermarket,Western,76.57,67.3,1,0,1,92.1,0.024,<10%
L04036,Choc-chip ice cream 500ml,O00433,Supermarket,Nairobi,66.0,78.0,0,0,1,111.0,0.024,<10%
L05458,Natural set yoghurt 1kg,O00349,Supermarket,Nairobi,44.0,79.8,1,1,1,86.9,0.024,<10%
L04901,Feta 200g,O00859,Wholesaler,Central,52.0,94.5,0,0,0,99.4,0.024,<10%
L02932,Salted butter 250g,O00839,Supermarket,Nairobi,81.29,56.0,1,1,0,107.9,0.024,<10%
L02964,Salted butter 250g,O00763,Wholesaler,Nairobi,81.14,72.3,0,0,0,96.0,0.024,<10%
L06405,Fruit ice lolly 6-pack,O00832,Supermarket,Nyanza,28.29,93.3,1,1,1,98.6,0.024,<10%
L02455,Halloumi 250g,O01027,Supermarket,Central,88.86,77.3,1,1,0,113.7,0.024,<10%
L03035,Salted butter 250g,O01342,Petrol station,Coast,80.71,95.1,0,1,0,95.1,0.024,<10%
L01700,Vanilla bean ice cream 1L,O02172,HoReCa,Nairobi,99.29,62.4,0,1,1,109.8,0.024,<10%
L02661,Halloumi 250g,O01433,Supermarket,Nairobi,86.86,62.7,0,1,1,106.9,0.024,<10%
L04833,Feta 200g,O00134,Supermarket,Nyanza,52.43,96.9,1,1,0,103.7,0.024,<10%
L03983,Choc-chip ice cream 500ml,O01545,Wholesaler,Nairobi,66.43,82.1,0,1,0,110.1,0.024,<10%
L02176,Beef breakfast sausages 500g,O02592,Supermarket,Nairobi,93.86,81.5,0,1,0,90.9,0.024,<10%
L04286,Choc-chip ice cream 500ml,O00907,Supermarket,Western,63.0,75.4,0,1,1,100.8,0.024,<10%
L04163,Choc-chip ice cream 500ml,O01529,Wholesaler,Coast,65.0,86.7,0,1,1,107.4,0.023,<10%
L05311,Natural set yoghurt 1kg,O02169,Supermarket,Nairobi,45.29,89.2,1,1,1,97.7,0.023,<10%
L03142,Salted butter 250g,O01911,Wholesaler,Central,79.86,69.6,0,0,1,93.0,0.023,<10%
L02868,Salted butter 250g,O00735,Supermarket,Coast,81.71,93.0,0,0,0,91.0,0.023,<10%
L02422,Beef breakfast sausages 500g,O01294,Supermarket,Coast,89.71,98.2,1,1,1,103.3,0.023,<10%
L04946,Feta 200g,O02366,Wholesaler,Nairobi,51.71,87.4,1,1,0,102.2,0.023,<10%
L03920,Choc-chip ice cream 500ml,O02309,HoReCa,Nairobi,67.0,75.6,0,1,0,106.7,0.023,<10%
L04880,Feta 200g,O00704,Supermarket,Nyanza,52.14,91.0,1,1,1,105.0,0.023,<10%
L05170,Feta 200g,O01445,Supermarket,Nairobi,46.71,85.0,1,1,1,103.3,0.023,<10%
L04057,Choc-chip ice cream 500ml,O00856,Supermarket,Rift Valley,65.86,92.2,1,1,0,112.2,0.023,<10%
L03058,Salted butter 250g,O01581,Supermarket,Nairobi,80.57,55.0,1,1,1,107.2,0.023,<10%
L04592,Smoked chicken slices 150g,O02148,Wholesaler,Nairobi,58.14,80.7,0,1,1,95.8,0.023,<10%
L03487,Salted butter 250g,O02240,Duka,Rift Valley,73.29,87.1,0,0,0,95.1,0.023,<10%
L01379,Vanilla bean ice cream 1L,O01789,Duka,Nairobi,102.43,88.8,0,0,0,112.8,0.023,<10%
L05502,Natural set yoghurt 1kg,O01177,Supermarket,Nairobi,43.57,83.8,0,1,1,97.7,0.023,<10%
L04515,Smoked chicken slices 150g,O00904,Wholesaler,Rift Valley,58.71,88.8,0,1,1,94.0,0.023,<10%
L03252,Salted butter 250g,O00728,HoReCa,Rift Valley,78.43,85.2,0,0,0,91.7,0.023,<10%
L04220,Choc-chip ice cream 500ml,O02128,Supermarket,Central,64.43,65.0,0,1,1,109.1,0.023,<10%
L06408,Fruit ice lolly 6-pack,O01201,Supermarket,Nairobi,28.29,81.0,1,1,1,98.3,0.023,<10%
L03194,Salted butter 250g,O00662,Duka,Western,79.29,87.3,0,1,0,97.4,0.023,<10%
L03231,Salted butter 250g,O01074,Wholesaler,Rift Valley,78.86,91.7,0,0,0,103.8,0.023,<10%
L05108,Feta 200g,O00437,HoReCa,Central,49.43,91.0,1,0,0,96.3,0.023,<10%
L04492,Choc-chip ice cream 500ml,O00689,Duka,Central,58.86,92.9,0,1,0,103.5,0.023,<10%
L03218,Salted butter 250g,O01179,Wholesaler,Western,79.0,93.3,0,0,0,96.8,0.023,<10%
L05169,Feta 200g,O00856,Supermarket,Rift Valley,46.71,95.9,1,1,0,102.3,0.023,<10%
L02866,Salted butter 250g,O00505,Duka,Nairobi,81.71,76.1,0,0,0,90.0,0.023,<10%
L04092,Choc-chip ice cream 500ml,O00960,Supermarket,Coast,65.57,97.0,1,1,1,109.2,0.023,<10%
L02304,Beef breakfast sausages 500g,O01565,Duka,Nairobi,92.43,82.1,1,1,1,87.9,0.023,<10%
L04935,Feta 200g,O00989,Supermarket,Rift Valley,51.71,82.5,1,1,1,100.6,0.023,<10%
L03123,Salted butter 250g,O01029,Wholesaler,Central,80.0,63.5,0,1,0,90.9,0.023,<10%
L05591,Natural set yoghurt 1kg,O00482,Supermarket,Rift Valley,42.14,97.8,1,1,1,97.5,0.023,<10%
L00820,Mature cheddar 200g,O02082,Wholesaler,Nairobi,112.14,80.8,1,0,0,96.3,0.023,<10%
L05041,Feta 200g,O01387,Supermarket,Rift Valley,50.57,96.4,1,0,0,94.6,0.023,<10%
L00974,Vanilla bean ice cream 1L,O01074,Wholesaler,Rift Valley,107.71,66.4,0,0,0,96.6,0.023,<10%
L01377,Vanilla bean ice cream 1L,O02163,Supermarket,Rift Valley,102.57,93.2,1,1,0,102.4,0.023,<10%
L01835,Drinking yoghurt mango 250ml,O00438,Duka,Nairobi,98.14,96.7,0,0,1,87.7,0.023,<10%
L03958,Choc-chip ice cream 500ml,O01433,Supermarket,Nairobi,66.57,70.9,0,1,1,110.9,0.023,<10%
L05572,Natural set yoghurt 1kg,O02235,Supermarket,Nairobi,42.57,95.8,1,1,1,99.1,0.023,<10%
L00743,Mature cheddar 200g,O01120,Supermarket,Nairobi,113.0,72.7,1,0,1,103.4,0.023,<10%
L03000,Salted butter 250g,O02313,Supermarket,Nairobi,81.0,69.4,0,1,1,107.3,0.022,<10%
L02419,Beef breakfast sausages 500g,O02465,Petrol station,Nairobi,89.86,89.2,1,1,1,95.3,0.022,<10%
L04928,Feta 200g,O00023,Supermarket,Rift Valley,51.71,86.8,1,0,1,102.8,0.022,<10%
L02255,Beef breakfast sausages 500g,O01066,Supermarket,Central,93.0,86.6,0,1,1,103.9,0.022,<10%
L05608,Natural set yoghurt 1kg,O00406,Supermarket,Nairobi,41.71,91.3,0,1,0,89.2,0.022,<10%
L05607,Feta 200g,O00014,HoReCa,Nairobi,41.71,95.5,1,0,0,95.6,0.022,<10%
L05464,Natural set yoghurt 1kg,O01728,Wholesaler,Central,44.0,96.2,1,0,0,80.7,0.022,<10%
L05061,Feta 200g,O01092,Supermarket,Nairobi,50.29,79.5,1,1,1,110.2,0.022,<10%
L04979,Feta 200g,O00502,Petrol station,Nairobi,51.29,79.3,0,0,1,92.5,0.022,<10%
L02681,Beef breakfast sausages 500g,O00542,HoReCa,Central,86.43,74.3,0,1,1,92.4,0.022,<10%
L05360,Natural set yoghurt 1kg,O01181,Supermarket,Rift Valley,44.86,79.0,0,1,1,86.7,0.022,<10%
L00325,Greek-style yoghurt 450g,O02272,HoReCa,Central,118.57,66.9,1,1,1,96.5,0.022,<10%
L04062,Choc-chip ice cream 500ml,O01262,Wholesaler,Western,65.86,77.6,0,1,1,103.7,0.022,<10%
L04027,Choc-chip ice cream 500ml,O02321,Petrol station,Central,66.14,83.7,1,1,1,103.0,0.022,<10%
L04810,Feta 200g,O02175,Supermarket,Nairobi,52.71,84.8,1,1,1,114.8,0.022,<10%
L05013,Feta 200g,O01519,Supermarket,Central,51.0,85.1,1,1,1,111.4,0.022,<10%
L06198,Fruit ice lolly 6-pack,O02295,Supermarket,Rift Valley,30.43,81.4,0,1,1,97.0,0.022,<10%
L00630,Mature cheddar 200g,O00301,Wholesaler,Nairobi,114.0,68.1,1,0,1,105.2,0.022,<10%
L04486,Smoked chicken slices 150g,O01091,Supermarket,Nairobi,59.0,90.3,1,1,1,96.2,0.022,<10%
L05110,Feta 200g,O02276,Wholesaler,Central,49.43,92.6,0,1,0,106.6,0.022,<10%
L06475,Fruit ice lolly 6-pack,O01954,Supermarket,Rift Valley,27.14,94.0,1,1,1,105.7,0.022,<10%
L06498,Fruit ice lolly 6-pack,O01417,Petrol station,Central,26.43,97.4,1,0,1,92.9,0.022,<10%
L04256,Choc-chip ice cream 500ml,O00695,Supermarket,Western,63.71,83.2,0,1,1,111.6,0.022,<10%
L05226,Natural set yoghurt 1kg,O00863,Supermarket,Nairobi,45.71,88.8,1,1,1,97.8,0.022,<10%
L02572,Halloumi 250g,O02313,Supermarket,Nairobi,87.86,80.6,0,0,1,107.4,0.022,<10%
L02935,Salted butter 250g,O01403,Wholesaler,Nairobi,81.29,54.6,0,1,1,95.0,0.022,<10%
L05298,Natural set yoghurt 1kg,O00836,HoReCa,Rift Valley,45.29,91.3,1,1,1,86.1,0.022,<10%
L03157,Salted butter 250g,O01595,Supermarket,Coast,79.71,86.4,0,0,1,97.7,0.022,<10%
L03981,Choc-chip ice cream 500ml,O01357,Supermarket,Central,66.43,73.8,0,0,1,105.1,0.022,<10%
L01725,Drinking yoghurt mango 250ml,O00844,Wholesaler,Rift Valley,99.14,86.1,0,1,1,88.4,0.022,<10%
L05637,Feta 200g,O00165,Wholesaler,Central,41.14,94.1,1,1,0,96.0,0.022,<10%
L03143,Salted butter 250g,O02075,Supermarket,Central,79.86,66.4,0,1,1,108.3,0.022,<10%
L01214,Vanilla bean ice cream 1L,O00944,HoReCa,Rift Valley,105.71,59.4,0,0,0,94.0,0.022,<10%
L02816,Halloumi 250g,O01224,Supermarket,Nyanza,83.0,85.7,0,1,1,108.9,0.022,<10%
L05181,Natural set yoghurt 1kg,O00511,Supermarket,Nairobi,46.0,88.1,1,1,1,96.9,0.022,<10%
L04037,Choc-chip ice cream 500ml,O00730,Supermarket,Nairobi,66.0,68.6,0,0,1,102.8,0.022,<10%
L02119,Beef breakfast sausages 500g,O00783,HoReCa,Nairobi,94.14,83.2,0,1,0,101.0,0.022,<10%
L02996,Salted butter 250g,O01779,Supermarket,Nyanza,81.0,84.0,0,0,0,90.4,0.022,<10%
L01803,Drinking yoghurt mango 250ml,O01893,Supermarket,Central,98.57,91.6,0,1,1,104.4,0.021,<10%
L04924,Feta 200g,O01841,Supermarket,Nairobi,51.86,85.6,0,1,1,107.5,0.021,<10%
L02938,Salted butter 250g,O02055,Supermarket,Rift Valley,81.29,81.6,0,1,1,105.5,0.021,<10%
L03043,Salted butter 250g,O00076,Petrol station,Rift Valley,80.57,68.4,0,1,1,98.0,0.021,<10%
L05419,Natural set yoghurt 1kg,O00494,Supermarket,Nairobi,44.43,91.7,0,0,1,86.0,0.021,<10%
L01046,Vanilla bean ice cream 1L,O00008,Supermarket,Rift Valley,107.29,91.8,1,1,1,103.3,0.021,<10%
L06302,Fruit ice lolly 6-pack,O01008,Supermarket,Nyanza,29.43,87.6,1,1,1,99.7,0.021,<10%
L02090,Beef breakfast sausages 500g,O00730,Supermarket,Nairobi,94.29,75.2,0,1,1,97.2,0.021,<10%
L01228,Vanilla bean ice cream 1L,O01694,HoReCa,Nairobi,105.57,64.9,0,0,0,107.2,0.021,<10%
L01256,Vanilla bean ice cream 1L,O02187,Supermarket,Nairobi,105.29,87.7,1,0,1,107.6,0.021,<10%
L04199,Choc-chip ice cream 500ml,O02260,Supermarket,Nairobi,64.71,75.9,1,1,1,107.1,0.021,<10%
L04789,Feta 200g,O00956,Supermarket,Nyanza,52.86,96.9,1,1,0,100.3,0.021,<10%
L04148,Choc-chip ice cream 500ml,O00437,HoReCa,Central,65.14,86.0,0,0,0,103.5,0.021,<10%
L01047,Vanilla bean ice cream 1L,O00301,Wholesaler,Nairobi,107.29,97.5,1,0,1,99.7,0.021,<10%
L00641,Mature cheddar 200g,O02128,Supermarket,Central,114.0,71.0,1,1,1,112.0,0.021,<10%
L03114,Salted butter 250g,O01967,Supermarket,Rift Valley,80.14,77.9,0,1,0,98.6,0.021,<10%
L03161,Salted butter 250g,O02163,Supermarket,Rift Valley,79.71,82.3,0,0,0,94.1,0.021,<10%
L01765,Drinking yoghurt mango 250ml,O02075,Supermarket,Central,98.86,78.9,0,1,1,89.3,0.021,<10%
L04028,Choc-chip ice cream 500ml,O02343,Supermarket,Nyanza,66.14,89.6,1,1,1,108.9,0.021,<10%
L04867,Feta 200g,O02187,Supermarket,Nairobi,52.29,81.5,1,0,1,98.7,0.021,<10%
L00509,Mature cheddar 200g,O02059,Supermarket,Coast,114.86,79.8,1,1,1,101.9,0.021,<10%
L03622,Strawberry milk 500ml,O01344,Supermarket,Nairobi,72.43,94.5,1,1,1,92.6,0.021,<10%
L02237,Beef breakfast sausages 500g,O00369,Wholesaler,Central,93.14,97.8,1,0,0,81.6,0.021,<10%
L04081,Choc-chip ice cream 500ml,O01775,HoReCa,Nairobi,65.71,75.1,0,1,0,109.2,0.021,<10%
L00683,Mature cheddar 200g,O01697,Supermarket,Nairobi,113.57,75.3,1,1,0,104.6,0.021,<10%
L03975,Choc-chip ice cream 500ml,O00645,Supermarket,Nairobi,66.43,72.5,1,1,1,105.4,0.021,<10%
L01186,Vanilla bean ice cream 1L,O01758,Supermarket,Western,106.14,57.6,0,1,1,96.5,0.021,<10%
L01096,Vanilla bean ice cream 1L,O02382,Wholesaler,Nyanza,107.0,95.5,1,1,1,101.0,0.021,<10%
L02298,Beef breakfast sausages 500g,O00480,Supermarket,Central,92.43,78.5,0,1,1,94.2,0.021,<10%
L01150,Vanilla bean ice cream 1L,O00720,Supermarket,Rift Valley,106.43,50.7,0,1,1,106.2,0.021,<10%
L00670,Mature cheddar 200g,O00975,Supermarket,Western,113.71,80.0,1,1,1,101.5,0.021,<10%
L01086,Vanilla bean ice cream 1L,O00482,Supermarket,Rift Valley,107.0,95.3,1,1,1,102.5,0.021,<10%
L04175,Choc-chip ice cream 500ml,O02549,Supermarket,Rift Valley,65.0,81.6,1,1,1,98.7,0.02,<10%
L05126,Feta 200g,O00143,Supermarket,Central,48.71,86.7,0,1,1,108.9,0.02,<10%
L05480,Natural set yoghurt 1kg,O02546,Supermarket,Nairobi,43.86,88.4,1,1,1,91.8,0.02,<10%
L01667,Drinking yoghurt mango 250ml,O01592,HoReCa,Central,99.57,85.9,0,1,0,92.6,0.02,<10%
L00550,Mature cheddar 200g,O02352,Wholesaler,Rift Valley,114.57,89.7,1,0,0,102.4,0.02,<10%
L00853,Mature cheddar 200g,O01800,Wholesaler,Rift Valley,111.57,85.1,1,0,1,95.2,0.02,<10%
L06455,Fruit ice lolly 6-pack,O01012,Supermarket,Nairobi,27.57,92.9,1,0,1,91.7,0.02,<10%
L06402,Fruit ice lolly 6-pack,O00177,Supermarket,Rift Valley,28.29,95.5,0,0,1,98.7,0.02,<10%
L05001,Feta 200g,O01629,Wholesaler,Central,51.14,88.0,1,1,0,101.3,0.02,<10%
L03939,Choc-chip ice cream 500ml,O00655,Supermarket,Coast,66.71,98.5,1,0,1,101.5,0.02,<10%
L04020,Choc-chip ice cream 500ml,O01042,Wholesaler,Nairobi,66.14,79.1,1,0,0,88.0,0.02,<10%
L03044,Salted butter 250g,O00116,Supermarket,Coast,80.57,75.1,1,0,1,95.0,0.02,<10%
L02267,Beef breakfast sausages 500g,O00812,Wholesaler,Central,92.86,83.8,1,1,1,98.3,0.02,<10%
L01972,Drinking yoghurt mango 250ml,O01761,Supermarket,Rift Valley,95.0,92.6,0,1,0,82.6,0.02,<10%
L03190,Salted butter 250g,O01994,HoReCa,Rift Valley,79.43,70.0,0,0,1,83.4,0.02,<10%
L04135,Choc-chip ice cream 500ml,O01099,Supermarket,Nyanza,65.29,87.3,0,1,1,111.5,0.02,<10%
L03297,Salted butter 250g,O00804,Duka,Nairobi,77.57,95.1,1,0,0,103.3,0.02,<10%
L01053,Vanilla bean ice cream 1L,O01165,Supermarket,Rift Valley,107.29,60.0,0,1,1,106.4,0.02,<10%
L00551,Mature cheddar 200g,O02502,Wholesaler,Central,114.57,74.6,1,1,0,102.6,0.02,<10%
L03927,Choc-chip ice cream 500ml,O01407,Wholesaler,Central,66.86,67.7,0,1,1,93.4,0.02,<10%
L03256,Salted butter 250g,O01482,Duka,Rift Valley,78.43,88.1,0,1,0,95.5,0.02,<10%
L03079,Salted butter 250g,O02065,Supermarket,Central,80.43,44.3,1,1,1,95.4,0.02,<10%
L05471,Natural set yoghurt 1kg,O00367,Wholesaler,Nairobi,43.86,85.0,1,1,1,86.1,0.02,<10%
L04255,Choc-chip ice cream 500ml,O00169,Petrol station,Nyanza,63.71,87.9,0,1,1,101.2,0.02,<10%
L04948,Feta 200g,O00650,Supermarket,Rift Valley,51.57,83.7,1,1,1,97.4,0.02,<10%
L01055,Vanilla bean ice cream 1L,O01217,Supermarket,Western,107.29,65.5,0,1,1,107.9,0.02,<10%
L05234,Natural set yoghurt 1kg,O01591,Wholesaler,Nairobi,45.71,90.6,1,1,1,93.1,0.02,<10%
L02907,Salted butter 250g,O00091,Wholesaler,Rift Valley,81.43,77.0,0,0,0,91.9,0.02,<10%
L02461,Halloumi 250g,O01727,Supermarket,Central,88.86,77.9,1,1,1,108.4,0.02,<10%
L06697,Mozzarella 500g (food service),O02295,Supermarket,Rift Valley,18.71,92.9,0,1,1,89.2,0.02,<10%
L04778,Feta 200g,O02304,Supermarket,Nairobi,53.0,87.5,1,1,1,113.9,0.02,<10%
L01076,Vanilla bean ice cream 1L,O01302,Supermarket,Rift Valley,107.14,96.8,1,1,1,105.7,0.02,<10%
L05615,Natural set yoghurt 1kg,O00066,Wholesaler,Nairobi,41.57,92.3,1,1,1,90.0,0.02,<10%
L04236,Choc-chip ice cream 500ml,O00618,Supermarket,Western,64.14,96.5,1,1,1,111.2,0.02,<10%
L03323,Salted butter 250g,O02587,Supermarket,Coast,77.0,97.0,1,0,0,99.2,0.02,<10%
L03336,Salted butter 250g,O02477,Duka,Nairobi,76.57,79.2,0,1,0,94.4,0.02,<10%
L04779,Feta 200g,O02420,Supermarket,Rift Valley,53.0,91.7,0,1,0,101.1,0.02,<10%
L01235,Vanilla bean ice cream 1L,O02548,Wholesaler,Nairobi,105.57,67.2,0,1,0,104.1,0.02,<10%
L02799,Halloumi 250g,O01998,Petrol station,Central,83.57,70.4,1,1,1,109.4,0.02,<10%
L04287,Choc-chip ice cream 500ml,O01547,Supermarket,Rift Valley,63.0,83.6,1,1,1,101.9,0.02,<10%
L02305,Beef breakfast sausages 500g,O01906,Supermarket,Nyanza,92.43,96.9,0,1,0,85.6,0.02,<10%
L06780,Mozzarella 500g (food service),O02353,Supermarket,Nairobi,17.43,98.3,0,1,1,101.5,0.02,<10%
L00816,Mature cheddar 200g,O01690,Wholesaler,Nairobi,112.14,88.6,1,1,0,103.2,0.02,<10%
L02614,Halloumi 250g,O01494,HoReCa,Central,87.43,68.6,0,1,1,106.1,0.02,<10%
L04879,Feta 200g,O00513,Supermarket,Central,52.14,86.8,1,1,1,114.2,0.02,<10%
L06246,Fruit ice lolly 6-pack,O01302,Supermarket,Rift Valley,30.0,90.9,1,1,1,90.9,0.02,<10%
L03195,Salted butter 250g,O00707,Wholesaler,Nairobi,79.29,71.0,0,1,0,98.9,0.019,<10%
L05451,Natural set yoghurt 1kg,O01560,HoReCa,Central,44.14,85.7,0,1,1,91.4,0.019,<10%
L02211,Beef breakfast sausages 500g,O00958,Supermarket,Rift Valley,93.43,89.6,1,1,1,90.4,0.019,<10%
L03817,Salted butter 250g,O01258,Petrol station,Central,70.14,75.2,0,0,1,96.2,0.019,<10%
L05054,Feta 200g,O01954,Supermarket,Rift Valley,50.43,88.4,0,1,1,105.7,0.019,<10%
L02916,Salted butter 250g,O01472,Wholesaler,Western,81.43,77.1,1,0,1,100.3,0.019,<10%
L02066,Beef breakfast sausages 500g,O00023,Supermarket,Rift Valley,94.43,87.2,0,1,1,98.2,0.019,<10%
L05618,Natural set yoghurt 1kg,O00614,HoReCa,Nairobi,41.57,88.4,0,1,1,96.9,0.019,<10%
L02430,Beef breakfast sausages 500g,O01840,Wholesaler,Central,89.29,77.7,0,1,1,97.0,0.019,<10%
L04218,Choc-chip ice cream 500ml,O01456,Wholesaler,Nairobi,64.43,78.5,0,0,1,105.6,0.019,<10%
L01392,Vanilla bean ice cream 1L,O00248,Petrol station,Nairobi,101.71,85.8,0,1,0,111.1,0.019,<10%
L01230,Vanilla bean ice cream 1L,O01992,Supermarket,Nairobi,105.57,64.4,0,0,1,104.5,0.019,<10%
L04153,Choc-chip ice cream 500ml,O01690,Wholesaler,Nairobi,65.14,90.9,1,1,0,102.7,0.019,<10%
L01139,Vanilla bean ice cream 1L,O02189,Supermarket,Nairobi,106.57,87.0,1,1,1,94.8,0.019,<10%
L02982,Salted butter 250g,O00193,Wholesaler,Coast,81.0,88.4,1,0,0,99.6,0.019,<10%
L01689,Drinking yoghurt mango 250ml,O01410,Supermarket,Nairobi,99.43,88.5,0,1,1,101.8,0.019,<10%
L00566,Mature cheddar 200g,O01567,Wholesaler,Central,114.43,87.5,1,0,0,106.5,0.019,<10%
L02280,Beef breakfast sausages 500g,O01281,Supermarket,Nairobi,92.71,89.5,1,1,1,103.1,0.019,<10%
L01840,Drinking yoghurt mango 250ml,O02453,HoReCa,Nairobi,98.14,96.9,0,0,1,100.7,0.019,<10%
L05263,Natural set yoghurt 1kg,O02128,Supermarket,Central,45.57,92.9,1,1,1,97.8,0.019,<10%
L03030,Salted butter 250g,O00963,HoReCa,Central,80.71,64.9,1,0,0,96.4,0.019,<10%
L03237,Salted butter 250g,O00413,Supermarket,Rift Valley,78.71,67.8,0,1,1,101.0,0.019,<10%
L03321,Salted butter 250g,O02127,Petrol station,Rift Valley,77.0,88.1,1,0,0,91.5,0.019,<10%
L04908,Feta 200g,O01963,Wholesaler,Rift Valley,52.0,83.0,0,1,1,94.9,0.019,<10%
L05261,Natural set yoghurt 1kg,O01782,Supermarket,Western,45.57,97.9,1,1,1,90.1,0.019,<10%
L04912,Feta 200g,O02271,HoReCa,Nairobi,52.0,82.8,0,1,1,106.9,0.019,<10%
L05288,Natural set yoghurt 1kg,O02337,Supermarket,Nairobi,45.43,87.1,0,1,1,95.6,0.019,<10%
L05159,Feta 200g,O01468,Supermarket,Nairobi,47.57,91.8,0,1,0,103.3,0.019,<10%
L02147,Beef breakfast sausages 500g,O01403,Wholesaler,Nairobi,94.0,92.0,1,0,1,94.9,0.019,<10%
L05479,Natural set yoghurt 1kg,O02543,Supermarket,Nairobi,43.86,86.7,1,1,1,89.1,0.019,<10%
L01708,Drinking yoghurt mango 250ml,O00918,Supermarket,Nairobi,99.29,90.5,0,1,1,94.1,0.019,<10%
L04857,Feta 200g,O00839,Supermarket,Nairobi,52.29,88.6,1,1,0,95.0,0.019,<10%
L04910,Feta 200g,O02117,Wholesaler,Nairobi,52.0,77.5,0,1,1,94.5,0.019,<10%
L00594,Mature cheddar 200g,O01755,Supermarket,Central,114.29,80.4,1,1,0,103.6,0.019,<10%
L01134,Vanilla bean ice cream 1L,O00907,Supermarket,Western,106.57,94.3,1,1,1,95.7,0.019,<10%
L02472,Halloumi 250g,O02247,Wholesaler,Nairobi,88.71,83.2,0,0,0,91.6,0.019,<10%
L00299,Greek-style yoghurt 450g,O01086,Supermarket,Nairobi,118.71,74.9,1,0,0,98.2,0.019,<10%
L05178,Natural set yoghurt 1kg,O02192,Wholesaler,Nairobi,46.14,86.6,0,1,0,83.2,0.019,<10%
L01127,Vanilla bean ice cream 1L,O02193,Duka,Central,106.71,69.8,0,0,1,101.2,0.019,<10%
L01485,Vanilla bean ice cream 1L,O01923,Petrol station,Nairobi,100.57,85.3,1,1,1,96.3,0.019,<10%
L05450,Natural set yoghurt 1kg,O01345,Supermarket,Nairobi,44.14,86.1,1,1,1,87.2,0.019,<10%
L02984,Salted butter 250g,O00288,Wholesaler,Western,81.0,87.9,1,1,0,108.4,0.019,<10%
L03156,Salted butter 250g,O01516,Petrol station,Nairobi,79.71,85.3,0,1,0,103.1,0.019,<10%
L06564,Fruit ice lolly 6-pack,O01333,HoReCa,Rift Valley,21.29,83.9,0,0,1,86.7,0.019,<10%
L01420,Drinking yoghurt mango 250ml,O01885,Supermarket,Nairobi,101.0,98.7,1,1,1,91.8,0.019,<10%
L04962,Feta 200g,O00865,Wholesaler,Rift Valley,51.43,97.0,1,1,0,96.2,0.019,<10%
L06287,Fruit ice lolly 6-pack,O00071,Supermarket,Rift Valley,29.57,89.8,1,1,1,96.4,0.019,<10%
L01240,Vanilla bean ice cream 1L,O01664,Supermarket,Western,105.43,84.6,0,0,1,103.3,0.019,<10%
L04830,Feta 200g,O02091,Petrol station,Nairobi,52.57,93.6,0,1,1,108.9,0.019,<10%
L05036,Feta 200g,O01262,Wholesaler,Western,50.71,93.7,0,1,1,96.5,0.019,<10%
L06473,Fruit ice lolly 6-pack,O01042,Wholesaler,Nairobi,27.14,95.1,1,1,0,94.5,0.019,<10%
L06782,Mozzarella 500g (food service),O00066,Wholesaler,Nairobi,17.29,98.3,0,1,1,97.2,0.019,<10%
L06559,Fruit ice lolly 6-pack,O02164,Wholesaler,Nairobi,22.43,88.4,1,1,1,97.2,0.019,<10%
L01620,Drinking yoghurt mango 250ml,O01200,Supermarket,Nairobi,99.86,90.3,0,1,1,101.9,0.018,<10%
L00533,Mature cheddar 200g,O00832,Supermarket,Nyanza,114.57,78.5,1,1,1,104.9,0.018,<10%
L06392,Fruit ice lolly 6-pack,O01357,Supermarket,Central,28.43,85.7,0,1,1,101.8,0.018,<10%
L01541,Drinking yoghurt mango 250ml,O02157,Wholesaler,Nairobi,100.43,98.3,0,0,1,92.7,0.018,<10%
L04823,Feta 200g,O00743,Supermarket,Nairobi,52.57,88.6,1,1,1,106.3,0.018,<10%
L05114,Feta 200g,O01657,Wholesaler,Western,49.29,97.2,0,1,1,106.0,0.018,<10%
L01209,Vanilla bean ice cream 1L,O02546,Supermarket,Nairobi,105.86,84.0,1,1,1,93.5,0.018,<10%
L06433,Fruit ice lolly 6-pack,O01027,Supermarket,Central,28.0,88.7,1,1,0,88.3,0.018,<10%
L04955,Feta 200g,O02050,Supermarket,Central,51.57,96.6,1,0,1,102.3,0.018,<10%
L05200,Natural set yoghurt 1kg,O00225,Wholesaler,Central,45.86,87.0,1,1,1,87.0,0.018,<10%
L00947,Vanilla bean ice cream 1L,O00568,Supermarket,Nairobi,108.0,80.7,1,1,1,96.0,0.018,<10%
L03232,Salted butter 250g,O02070,Petrol station,Rift Valley,78.86,72.5,1,1,0,98.6,0.018,<10%
L04188,Choc-chip ice cream 500ml,O02485,Wholesaler,Central,64.86,79.8,0,0,1,99.4,0.018,<10%
L04931,Feta 200g,O00357,Wholesaler,Rift Valley,51.71,85.7,0,1,1,95.8,0.018,<10%
L06210,Fruit ice lolly 6-pack,O00891,Supermarket,Nairobi,30.29,88.3,0,1,1,103.8,0.018,<10%
L02367,Beef breakfast sausages 500g,O00008,Supermarket,Rift Valley,91.29,86.9,0,1,1,101.0,0.018,<10%
L04018,Choc-chip ice cream 500ml,O00691,Wholesaler,Western,66.14,82.1,0,1,0,89.8,0.018,<10%
L03291,Salted butter 250g,O00656,HoReCa,Central,77.71,65.9,0,1,1,98.3,0.018,<10%
L04141,Choc-chip ice cream 500ml,O01675,Wholesaler,Nairobi,65.29,84.8,0,0,1,107.4,0.018,<10%
L06164,Fruit ice lolly 6-pack,O02453,HoReCa,Nairobi,30.71,82.7,0,0,1,92.4,0.018,<10%
L04041,Choc-chip ice cream 500ml,O01555,Supermarket,Nairobi,66.0,88.9,1,1,1,114.0,0.018,<10%
L06367,Fruit ice lolly 6-pack,O02303,Wholesaler,Nairobi,28.86,88.2,1,0,1,86.9,0.018,<10%
L02517,Halloumi 250g,O00710,Wholesaler,Nairobi,88.29,78.3,0,1,1,106.6,0.018,<10%
L01051,Vanilla bean ice cream 1L,O01008,Supermarket,Nyanza,107.29,96.0,1,1,1,98.0,0.018,<10%
L05011,Feta 200g,O01264,Supermarket,Nairobi,51.0,78.4,1,1,1,100.8,0.018,<10%
L01154,Vanilla bean ice cream 1L,O01168,Supermarket,Nairobi,106.43,94.2,1,1,1,104.8,0.018,<10%
L06360,Fruit ice lolly 6-pack,O00772,Supermarket,Nairobi,28.86,79.8,1,1,1,93.6,0.018,<10%
L01225,Vanilla bean ice cream 1L,O00969,Supermarket,Central,105.57,51.0,0,1,1,96.8,0.018,<10%
L01155,Vanilla bean ice cream 1L,O01367,Petrol station,Rift Valley,106.43,77.0,0,0,1,98.3,0.018,<10%
L02987,Salted butter 250g,O00834,Wholesaler,Central,81.0,66.3,0,0,1,92.1,0.018,<10%
L03917,Choc-chip ice cream 500ml,O01816,Wholesaler,Rift Valley,67.0,88.8,1,1,1,101.2,0.018,<10%
L01126,Vanilla bean ice cream 1L,O02125,Supermarket,Nairobi,106.71,85.3,1,1,1,98.6,0.018,<10%
L06195,Fruit ice lolly 6-pack,O01617,Supermarket,Nairobi,30.43,78.7,0,1,1,97.2,0.018,<10%
L03311,Salted butter 250g,O01349,Supermarket,Nairobi,77.29,65.2,0,1,1,99.3,0.018,<10%
L02194,Beef breakfast sausages 500g,O00869,Supermarket,Rift Valley,93.57,86.4,0,1,1,86.7,0.018,<10%
L04046,Choc-chip ice cream 500ml,O01800,Wholesaler,Rift Valley,66.0,95.5,1,0,1,108.3,0.018,<10%
L04993,Feta 200g,O00521,Wholesaler,Nairobi,51.14,92.8,1,1,0,94.3,0.018,<10%
L03337,Salted butter 250g,O00502,Petrol station,Nairobi,76.43,76.3,0,1,1,101.2,0.018,<10%
L04974,Feta 200g,O02570,Wholesaler,Coast,51.43,92.7,1,1,1,90.7,0.018,<10%
L03328,Salted butter 250g,O02302,Wholesaler,Western,76.86,92.5,1,0,0,92.9,0.018,<10%
L01519,Drinking yoghurt mango 250ml,O00479,Supermarket,Central,100.43,85.9,0,1,1,93.6,0.018,<10%
L04802,Feta 200g,O00729,Supermarket,Coast,52.71,97.4,1,1,1,102.5,0.018,<10%
L04198,Choc-chip ice cream 500ml,O01732,Supermarket,Western,64.71,98.0,1,1,1,107.8,0.018,<10%
L04093,Choc-chip ice cream 500ml,O01005,Duka,Nairobi,65.57,90.2,0,0,1,101.0,0.018,<10%
L03246,Salted butter 250g,O00889,HoReCa,Nairobi,78.57,69.9,1,0,0,103.1,0.018,<10%
L00785,Mature cheddar 200g,O00249,Wholesaler,Central,112.43,83.1,1,1,1,106.5,0.018,<10%
L06540,Fruit ice lolly 6-pack,O00622,Supermarket,Rift Valley,24.57,94.6,1,1,1,102.1,0.018,<10%
L03135,Salted butter 250g,O00577,Petrol station,Coast,79.86,94.9,0,0,1,95.2,0.018,<10%
L03076,Salted butter 250g,O01614,Supermarket,Coast,80.43,81.6,1,0,1,102.4,0.018,<10%
L02457,Halloumi 250g,O01117,Supermarket,Rift Valley,88.86,73.1,0,1,1,106.1,0.018,<10%
L02999,Salted butter 250g,O02135,Supermarket,Western,81.0,90.8,0,0,1,100.5,0.017,<10%
L01450,Drinking yoghurt mango 250ml,O02350,Wholesaler,Nairobi,100.86,93.1,0,0,0,78.4,0.017,<10%
L04859,Feta 200g,O01037,Wholesaler,Central,52.29,94.2,1,1,0,91.2,0.017,<10%
L04815,Feta 200g,O00113,Supermarket,Central,52.57,83.5,1,1,1,100.3,0.017,<10%
L05687,Natural set yoghurt 1kg,O00210,HoReCa,Central,38.86,87.3,0,1,1,91.2,0.017,<10%
L00880,Mature cheddar 200g,O02546,Supermarket,Nairobi,111.0,79.8,1,1,1,111.5,0.017,<10%
L05032,Feta 200g,O00203,Supermarket,Nairobi,50.71,99.1,1,1,0,102.5,0.017,<10%
L05427,Natural set yoghurt 1kg,O02343,Supermarket,Nyanza,44.43,94.3,0,1,1,94.4,0.017,<10%
L04182,Choc-chip ice cream 500ml,O01954,Supermarket,Rift Valley,64.86,68.8,0,1,1,98.6,0.017,<10%
L03134,Salted butter 250g,O00543,Supermarket,Nyanza,79.86,79.5,0,1,0,92.4,0.017,<10%
L06148,Fruit ice lolly 6-pack,O00443,Supermarket,Nairobi,30.71,79.6,0,1,1,88.5,0.017,<10%
L04167,Choc-chip ice cream 500ml,O01893,Supermarket,Central,65.0,90.2,1,0,1,106.4,0.017,<10%
L03911,Choc-chip ice cream 500ml,O02306,Supermarket,Rift Valley,67.14,92.1,1,1,0,93.9,0.017,<10%
L04875,Feta 200g,O00003,Supermarket,Rift Valley,52.14,94.7,0,1,1,104.5,0.017,<10%
L01146,Mature cheddar 200g,O01659,HoReCa,Central,106.43,49.5,0,1,1,105.3,0.017,<10%
L02501,Halloumi 250g,O00406,Supermarket,Nairobi,88.43,83.4,1,1,0,104.8,0.017,<10%
L02161,Beef breakfast sausages 500g,O00559,Supermarket,Nairobi,93.86,88.5,0,1,0,96.2,0.017,<10%
L01179,Vanilla bean ice cream 1L,O01201,Supermarket,Nairobi,106.14,96.0,1,1,1,104.4,0.017,<10%
L02911,Salted butter 250g,O00653,Supermarket,Rift Valley,81.43,56.0,1,1,1,92.6,0.017,<10%
L04787,Feta 200g,O00393,Wholesaler,Central,52.86,88.0,0,0,1,96.4,0.017,<10%
L06181,Fruit ice lolly 6-pack,O02365,Supermarket,Central,30.57,87.7,1,1,1,96.1,0.017,<10%
L06454,Fruit ice lolly 6-pack,O00614,HoReCa,Nairobi,27.57,80.9,0,1,1,97.2,0.017,<10%
L02841,Salted butter 250g,O01544,Supermarket,Nairobi,82.0,74.4,0,1,0,97.7,0.017,<10%
L03331,Salted butter 250g,O01805,Supermarket,Coast,76.71,79.5,1,1,1,98.5,0.017,<10%
L03982,Choc-chip ice cream 500ml,O01460,HoReCa,Rift Valley,66.43,96.8,0,0,0,103.4,0.017,<10%
L00541,Mature cheddar 200g,O01513,Wholesaler,Rift Valley,114.57,92.9,1,0,0,103.8,0.017,<10%
L04072,Choc-chip ice cream 500ml,O00869,Supermarket,Rift Valley,65.71,92.4,1,1,1,111.5,0.017,<10%
L04048,Choc-chip ice cream 500ml,O02075,Supermarket,Central,66.0,79.7,1,1,1,109.7,0.017,<10%
L05319,Natural set yoghurt 1kg,O00980,Supermarket,Rift Valley,45.14,95.2,0,1,1,91.1,0.017,<10%
L01258,Vanilla bean ice cream 1L,O02392,Wholesaler,Western,105.29,83.0,0,0,0,94.6,0.017,<10%
L04000,Choc-chip ice cream 500ml,O01115,Supermarket,Nyanza,66.29,91.2,0,1,1,109.5,0.017,<10%
L02969,Salted butter 250g,O01268,Supermarket,Coast,81.14,84.9,0,1,1,96.4,0.017,<10%
L04074,Choc-chip ice cream 500ml,O01029,Wholesaler,Central,65.71,82.3,0,1,0,104.9,0.017,<10%
L06183,Fruit ice lolly 6-pack,O00023,Supermarket,Rift Valley,30.43,93.1,1,1,1,91.2,0.017,<10%
L00596,Mature cheddar 200g,O02237,Wholesaler,Nairobi,114.29,87.5,1,1,0,104.5,0.017,<10%
L04229,Choc-chip ice cream 500ml,O01785,Wholesaler,Nairobi,64.29,96.2,1,0,0,97.2,0.017,<10%
L04771,Feta 200g,O00580,Supermarket,Rift Valley,53.0,88.3,0,1,1,102.0,0.017,<10%
L04113,Choc-chip ice cream 500ml,O01322,Supermarket,Rift Valley,65.43,84.1,0,1,1,106.6,0.017,<10%
L02567,Halloumi 250g,O00580,Supermarket,Rift Valley,87.86,71.0,1,1,1,94.9,0.017,<10%
L02945,Salted butter 250g,O02537,HoReCa,Nyanza,81.29,96.0,0,0,0,101.4,0.017,<10%
L04117,Choc-chip ice cream 500ml,O01793,HoReCa,Rift Valley,65.43,82.9,0,1,1,109.0,0.017,<10%
L03100,Salted butter 250g,O00144,Supermarket,Coast,80.14,94.5,1,0,0,100.1,0.017,<10%
L04919,Feta 200g,O01223,Supermarket,Central,51.86,97.4,0,1,0,111.0,0.017,<10%
L01131,Vanilla bean ice cream 1L,O02365,Supermarket,Central,106.71,58.0,0,1,1,101.5,0.017,<10%
L01659,Drinking yoghurt mango 250ml,O00494,Supermarket,Nairobi,99.57,96.4,1,1,1,91.6,0.017,<10%
L03991,Choc-chip ice cream 500ml,O02353,Supermarket,Nairobi,66.43,74.3,0,1,1,109.0,0.017,<10%
L01263,Vanilla bean ice cream 1L,O00088,HoReCa,Nairobi,105.14,64.5,0,0,1,102.9,0.017,<10%
L03995,Choc-chip ice cream 500ml,O00207,Supermarket,Nairobi,66.29,92.4,1,1,0,101.0,0.016,<10%
L00521,Mature cheddar 200g,O02187,Supermarket,Nairobi,114.71,68.3,1,1,1,106.9,0.016,<10%
L04905,Feta 200g,O01476,Wholesaler,Nairobi,52.0,96.3,1,0,1,103.0,0.016,<10%
L01414,Drinking yoghurt mango 250ml,O01222,Supermarket,Nairobi,101.0,79.3,0,1,1,89.1,0.016,<10%
L06122,Fruit ice lolly 6-pack,O01733,Supermarket,Nairobi,31.0,89.4,0,1,1,103.6,0.016,<10%
L04100,Choc-chip ice cream 500ml,O02443,HoReCa,Nairobi,65.57,80.6,0,1,0,100.3,0.016,<10%
L06485,Fruit ice lolly 6-pack,O00026,Duka,Nairobi,26.71,92.2,0,1,1,89.8,0.016,<10%
L00870,Mature cheddar 200g,O00401,Wholesaler,Rift Valley,111.14,85.9,1,1,1,104.1,0.016,<10%
L05015,Feta 200g,O01691,Petrol station,Rift Valley,51.0,98.0,1,1,1,97.5,0.016,<10%
L05448,Natural set yoghurt 1kg,O01128,Supermarket,Nairobi,44.14,90.4,1,1,1,95.8,0.016,<10%
L02079,Beef breakfast sausages 500g,O01433,Supermarket,Nairobi,94.43,80.3,0,1,1,97.4,0.016,<10%
L06419,Fruit ice lolly 6-pack,O00560,Supermarket,Rift Valley,28.14,94.5,1,1,1,99.3,0.016,<10%
L02092,Beef breakfast sausages 500g,O00772,Supermarket,Nairobi,94.29,85.9,0,1,1,103.1,0.016,<10%
L06471,Fruit ice lolly 6-pack,O00786,Duka,Nairobi,27.14,96.5,0,0,1,89.0,0.016,<10%
L04164,Choc-chip ice cream 500ml,O01536,HoReCa,Central,65.0,84.1,0,0,0,101.9,0.016,<10%
L01321,Vanilla bean ice cream 1L,O01617,Supermarket,Nairobi,104.0,92.1,1,1,1,111.5,0.016,<10%
L04056,Choc-chip ice cream 500ml,O00810,Wholesaler,Central,65.86,72.5,0,1,1,96.2,0.016,<10%
L06215,Fruit ice lolly 6-pack,O01840,Wholesaler,Central,30.29,96.1,1,0,1,81.7,0.016,<10%
L03984,Choc-chip ice cream 500ml,O01560,HoReCa,Central,66.43,85.0,0,0,1,100.8,0.016,<10%
L06117,Fruit ice lolly 6-pack,O00513,Supermarket,Central,31.0,94.1,1,1,1,108.2,0.016,<10%
L03999,Choc-chip ice cream 500ml,O01066,Supermarket,Central,66.29,77.2,0,1,1,103.9,0.016,<10%
L01120,Vanilla bean ice cream 1L,O01194,Supermarket,Nairobi,106.71,86.2,1,1,1,94.9,0.016,<10%
L05007,Feta 200g,O00384,Duka,Nairobi,51.0,90.4,1,1,1,99.0,0.016,<10%
L02022,Beef breakfast sausages 500g,O01581,Supermarket,Nairobi,94.71,94.3,1,1,1,96.9,0.016,<10%
L04987,Feta 200g,O02169,Supermarket,Nairobi,51.29,81.3,1,1,1,104.3,0.016,<10%
L04821,Feta 200g,O00645,Supermarket,Nairobi,52.57,90.6,1,1,1,105.4,0.016,<10%
L05025,Feta 200g,O01348,Supermarket,Nairobi,50.86,86.8,1,0,1,94.3,0.016,<10%
L01787,Drinking yoghurt mango 250ml,O00433,Supermarket,Nairobi,98.57,91.8,0,1,1,97.6,0.016,<10%
L04128,Choc-chip ice cream 500ml,O00512,Wholesaler,Nairobi,65.29,91.4,0,0,0,97.6,0.016,<10%
L03910,Choc-chip ice cream 500ml,O01100,Supermarket,Nairobi,67.14,75.2,0,1,1,107.0,0.016,<10%
L05250,Natural set yoghurt 1kg,O00730,Supermarket,Nairobi,45.57,98.1,1,1,1,102.8,0.016,<10%
L03986,Choc-chip ice cream 500ml,O01852,Petrol station,Nairobi,66.43,88.5,1,0,1,98.1,0.016,<10%
L04022,Choc-chip ice cream 500ml,O01127,Supermarket,Nairobi,66.14,75.5,1,1,1,100.9,0.016,<10%
L04886,Feta 200g,O01744,Wholesaler,Nairobi,52.14,90.9,1,1,0,94.3,0.016,<10%
L01255,Vanilla bean ice cream 1L,O01766,Wholesaler,Nairobi,105.29,83.3,1,1,1,103.4,0.016,<10%
L04076,Choc-chip ice cream 500ml,O01302,Supermarket,Rift Valley,65.71,97.0,1,1,1,109.5,0.016,<10%
L04307,Choc-chip ice cream 500ml,O01541,Duka,Rift Valley,62.29,85.2,0,1,1,100.4,0.016,<10%
L01297,Vanilla bean ice cream 1L,O00386,Wholesaler,Rift Valley,104.57,81.0,1,1,1,91.1,0.016,<10%
L03132,Salted butter 250g,O00111,Wholesaler,Coast,79.86,88.3,1,0,1,107.7,0.016,<10%
L03029,Salted butter 250g,O00957,HoReCa,Central,80.71,93.4,0,0,0,104.0,0.016,<10%
L02168,Beef breakfast sausages 500g,O01410,Supermarket,Nairobi,93.86,90.2,1,1,1,94.3,0.016,<10%
L02874,Salted butter 250g,O01644,Duka,Nyanza,81.71,89.4,1,0,0,83.9,0.016,<10%
L04965,Feta 200g,O01527,Supermarket,Rift Valley,51.43,93.2,0,0,1,90.3,0.016,<10%
L01727,Drinking yoghurt mango 250ml,O01127,Supermarket,Nairobi,99.14,95.9,0,1,1,99.6,0.016,<10%
L05521,Natural set yoghurt 1kg,O00273,Supermarket,Western,43.29,97.0,0,1,1,88.8,0.016,<10%
L03304,Salted butter 250g,O02465,Petrol station,Nairobi,77.57,75.3,1,0,1,98.8,0.016,<10%
L01244,Vanilla bean ice cream 1L,O02221,Duka,Nairobi,105.43,74.4,0,0,1,106.8,0.016,<10%
L04803,Feta 200g,O00842,Supermarket,Central,52.71,94.0,1,1,1,101.1,0.016,<10%
L03960,Choc-chip ice cream 500ml,O01938,Supermarket,Rift Valley,66.57,91.3,1,1,1,108.7,0.016,<10%
L05589,Natural set yoghurt 1kg,O00236,Supermarket,Central,42.14,96.9,1,1,1,87.8,0.016,<10%
L03315,Salted butter 250g,O00729,Supermarket,Coast,77.14,90.4,1,1,1,108.4,0.015,<10%
L05109,Feta 200g,O01615,HoReCa,Central,49.43,91.0,1,1,1,105.7,0.015,<10%
L04811,Feta 200g,O02549,Supermarket,Rift Valley,52.71,93.6,1,1,1,101.7,0.015,<10%
L01572,Drinking yoghurt mango 250ml,O01120,Supermarket,Nairobi,100.14,89.6,0,1,1,97.0,0.015,<10%
L04825,Feta 200g,O01165,Supermarket,Rift Valley,52.57,86.8,0,1,1,98.3,0.015,<10%
L04576,Choc-chip ice cream 500ml,O00181,Supermarket,Coast,58.14,98.9,0,1,1,101.4,0.015,<10%
L04116,Choc-chip ice cream 500ml,O01727,Supermarket,Central,65.43,87.6,1,1,1,108.5,0.015,<10%
L05482,Natural set yoghurt 1kg,O00038,Supermarket,Nairobi,43.71,93.4,0,1,1,94.5,0.015,<10%
L03010,Salted butter 250g,O01133,Supermarket,Rift Valley,80.86,84.8,1,0,0,97.3,0.015,<10%
L02877,Salted butter 250g,O01983,Duka,Coast,81.71,90.1,1,1,0,103.0,0.015,<10%
L04978,Feta 200g,O00443,Supermarket,Nairobi,51.29,86.7,1,1,1,105.5,0.015,<10%
L04903,Feta 200g,O01322,Supermarket,Rift Valley,52.0,98.5,0,1,1,100.6,0.015,<10%
L03191,Salted butter 250g,O02288,Petrol station,Nairobi,79.43,73.9,1,0,1,102.9,0.015,<10%
L03996,Choc-chip ice cream 500ml,O00285,Wholesaler,Central,66.29,88.4,0,1,0,99.5,0.015,<10%
L03285,Salted butter 250g,O02062,Supermarket,Nyanza,77.86,87.8,0,0,1,94.7,0.015,<10%
L03199,Salted butter 250g,O01484,Duka,Rift Valley,79.29,88.6,0,0,0,92.1,0.015,<10%
L05402,Natural set yoghurt 1kg,O01200,Supermarket,Nairobi,44.57,92.1,1,1,1,89.6,0.015,<10%
L04326,Choc-chip ice cream 500ml,O01544,Supermarket,Nairobi,61.43,90.2,1,1,0,103.5,0.015,<10%
L00595,Mature cheddar 200g,O01844,Wholesaler,Nairobi,114.29,68.7,1,1,1,102.2,0.015,<10%
L04143,Choc-chip ice cream 500ml,O01993,Supermarket,Nairobi,65.29,89.8,1,1,1,109.4,0.015,<10%
L02979,Salted butter 250g,O02356,Petrol station,Rift Valley,81.14,88.0,0,1,1,100.6,0.015,<10%
L02990,Salted butter 250g,O01369,Wholesaler,Nairobi,81.0,72.9,0,1,0,96.6,0.015,<10%
L04231,Choc-chip ice cream 500ml,O01963,Wholesaler,Rift Valley,64.29,95.6,1,1,1,105.2,0.015,<10%
L06337,Fruit ice lolly 6-pack,O02189,Supermarket,Nairobi,29.14,94.9,1,1,1,100.0,0.015,<10%
L03962,Choc-chip ice cream 500ml,O02065,Supermarket,Central,66.57,83.3,0,0,1,97.3,0.015,<10%
L03380,Salted butter 250g,O00435,HoReCa,Nairobi,74.0,79.8,0,0,0,91.4,0.015,<10%
L01291,Vanilla bean ice cream 1L,O00580,Supermarket,Rift Valley,104.71,91.3,1,1,1,103.0,0.015,<10%
L05592,Natural set yoghurt 1kg,O01417,Petrol station,Central,42.14,96.4,0,1,1,83.7,0.015,<10%
L00972,Vanilla bean ice cream 1L,O00633,Supermarket,Central,107.71,91.9,1,1,1,96.6,0.015,<10%
L05082,Feta 200g,O01302,Supermarket,Rift Valley,50.0,97.7,1,0,1,94.5,0.015,<10%
L01393,Vanilla bean ice cream 1L,O00844,Wholesaler,Rift Valley,101.71,88.0,1,1,1,96.0,0.015,<10%
L02550,Halloumi 250g,O01088,Supermarket,Central,88.0,73.1,1,1,1,112.3,0.015,<10%
L04207,Choc-chip ice cream 500ml,O00980,Supermarket,Rift Valley,64.57,95.6,1,1,1,110.2,0.015,<10%
L00493,Mature cheddar 200g,O00344,Wholesaler,Nairobi,114.86,88.3,1,0,1,101.7,0.015,<10%
L06285,Fruit ice lolly 6-pack,O02179,Supermarket,Central,29.71,95.8,0,1,1,100.2,0.015,<10%
L03196,Salted butter 250g,O00846,Supermarket,Central,79.29,75.2,0,1,1,104.1,0.015,<10%
L03234,Salted butter 250g,O00050,HoReCa,Central,78.71,78.6,0,0,0,86.8,0.015,<10%
L01946,Drinking yoghurt mango 250ml,O01245,Supermarket,Nairobi,95.71,88.5,0,1,1,89.1,0.015,<10%
L02973,Salted butter 250g,O01665,Supermarket,Rift Valley,81.14,82.8,1,1,0,107.0,0.015,<10%
L02671,Halloumi 250g,O00234,Petrol station,Nairobi,86.71,85.2,0,1,1,105.5,0.015,<10%
L04268,Choc-chip ice cream 500ml,O00335,Wholesaler,Rift Valley,63.43,95.4,1,1,1,100.1,0.015,<10%
L00771,Mature cheddar 200g,O02157,Wholesaler,Nairobi,112.71,74.8,1,1,1,93.3,0.015,<10%
L03217,Salted butter 250g,O01150,HoReCa,Central,79.0,85.5,1,0,0,109.8,0.015,<10%
L04086,Choc-chip ice cream 500ml,O02278,Supermarket,Rift Valley,65.71,95.1,1,1,1,107.9,0.015,<10%
L03180,Salted butter 250g,O00525,Duka,Central,79.43,88.8,0,1,0,97.8,0.014,<10%
L02065,Beef breakfast sausages 500g,O00003,Supermarket,Rift Valley,94.43,95.2,0,1,1,92.8,0.014,<10%
L06511,Fruit ice lolly 6-pack,O01320,Supermarket,Nairobi,25.86,91.0,1,1,1,96.5,0.014,<10%
L01395,Vanilla bean ice cream 1L,O01936,Duka,Rift Valley,101.71,79.0,0,1,1,95.0,0.014,<10%
L05183,Natural set yoghurt 1kg,O00999,Supermarket,Nairobi,46.0,88.9,1,1,1,91.3,0.014,<10%
L01292,Vanilla bean ice cream 1L,O01468,Supermarket,Nairobi,104.71,95.4,1,1,0,100.5,0.014,<10%
L03210,Salted butter 250g,O00181,Supermarket,Coast,79.0,88.4,0,1,1,96.0,0.014,<10%
L01380,Vanilla bean ice cream 1L,O02436,HoReCa,Rift Valley,102.43,73.2,0,0,1,104.1,0.014,<10%
L03086,Salted butter 250g,O00013,Wholesaler,Rift Valley,80.29,98.7,0,0,0,90.1,0.014,<10%
L02546,Halloumi 250g,O00008,Supermarket,Rift Valley,88.0,84.6,1,1,1,106.0,0.014,<10%
L01262,Vanilla bean ice cream 1L,O00038,Supermarket,Nairobi,105.14,82.1,1,1,1,102.9,0.014,<10%
L04319,Choc-chip ice cream 500ml,O00507,Duka,Nairobi,61.71,90.6,0,1,1,102.9,0.014,<10%
L04234,Choc-chip ice cream 500ml,O02304,Supermarket,Nairobi,64.29,89.1,1,1,1,107.4,0.014,<10%
L00717,Mature cheddar 200g,O02148,Wholesaler,Nairobi,113.29,90.6,1,0,1,102.5,0.014,<10%
L04260,Choc-chip ice cream 500ml,O00225,Wholesaler,Central,63.57,73.9,0,1,1,97.9,0.014,<10%
L02934,Salted butter 250g,O01387,Supermarket,Rift Valley,81.29,81.2,1,1,0,102.4,0.014,<10%
L00951,Vanilla bean ice cream 1L,O02104,Wholesaler,Central,108.0,98.6,1,0,1,89.4,0.014,<10%
L04263,Choc-chip ice cream 500ml,O02313,Supermarket,Nairobi,63.57,88.9,1,0,1,97.9,0.014,<10%
L01195,Mature cheddar 200g,O01460,HoReCa,Rift Valley,105.86,81.9,0,0,0,108.8,0.014,<10%
L02016,Beef breakfast sausages 500g,O01262,Wholesaler,Western,94.71,96.4,0,1,1,91.5,0.014,<10%
L01266,Vanilla bean ice cream 1L,O00433,Supermarket,Nairobi,105.14,82.1,1,1,1,98.5,0.014,<10%
L01774,Drinking yoghurt mango 250ml,O01264,Supermarket,Nairobi,98.71,92.3,0,1,1,93.1,0.014,<10%
L05253,Natural set yoghurt 1kg,O00918,Supermarket,Nairobi,45.57,97.3,1,1,1,91.8,0.014,<10%
L02385,Beef breakfast sausages 500g,O02104,Wholesaler,Central,91.0,97.2,1,1,1,99.8,0.014,<10%
L04985,Feta 200g,O01638,Supermarket,Central,51.29,82.9,1,1,1,98.5,0.014,<10%
L04843,Feta 200g,O01273,Supermarket,Nairobi,52.43,94.7,1,0,1,93.8,0.014,<10%
L04064,Choc-chip ice cream 500ml,O01638,Supermarket,Central,65.86,93.0,1,1,1,109.8,0.014,<10%
L04852,Feta 200g,O02018,Wholesaler,Central,52.43,94.8,1,0,1,94.4,0.014,<10%
L05020,Feta 200g,O00568,Supermarket,Nairobi,50.86,92.1,1,1,1,105.8,0.014,<10%
L04768,Choc-chip ice cream 500ml,O01977,HoReCa,Western,53.14,91.1,0,1,1,105.0,0.014,<10%
L01049,Vanilla bean ice cream 1L,O00613,Supermarket,Nairobi,107.29,94.7,1,1,1,103.2,0.014,<10%
L00975,Vanilla bean ice cream 1L,O01134,Wholesaler,Coast,107.71,68.2,0,1,1,99.9,0.014,<10%
L01687,Drinking yoghurt mango 250ml,O01128,Supermarket,Nairobi,99.43,98.1,1,1,1,88.1,0.014,<10%
L03349,Salted butter 250g,O02306,Supermarket,Rift Valley,75.86,90.6,1,0,0,92.4,0.014,<10%
L02561,Halloumi 250g,O02383,Supermarket,Nairobi,88.0,83.6,1,1,1,118.2,0.014,<10%
L01962,Vanilla bean ice cream 1L,O01776,HoReCa,Nairobi,95.14,88.3,0,0,0,98.0,0.014,<10%
L00664,Mature cheddar 200g,O00113,Supermarket,Central,113.71,80.9,1,1,1,106.5,0.014,<10%
L04102,Choc-chip ice cream 500ml,O00177,Supermarket,Rift Valley,65.43,91.0,0,1,1,105.1,0.014,<10%
L01197,Vanilla bean ice cream 1L,O00209,HoReCa,Central,105.86,68.7,0,0,1,103.6,0.014,<10%
L00999,Vanilla bean ice cream 1L,O01321,Supermarket,Central,107.57,95.5,1,1,1,97.5,0.014,<10%
L04832,Feta 200g,O00079,Supermarket,Central,52.43,98.7,1,1,1,105.0,0.014,<10%
L04004,Choc-chip ice cream 500ml,O01527,Supermarket,Rift Valley,66.29,85.1,0,1,1,102.1,0.014,<10%
L01002,Vanilla bean ice cream 1L,O01433,Supermarket,Nairobi,107.57,95.8,1,1,1,95.9,0.014,<10%
L00765,Mature cheddar 200g,O02235,Supermarket,Nairobi,112.86,79.5,1,1,1,101.8,0.014,<10%
L04327,Choc-chip ice cream 500ml,O01994,HoReCa,Rift Valley,61.43,81.3,0,1,1,101.1,0.014,<10%
L03339,Salted butter 250g,O02546,Supermarket,Nairobi,76.43,62.8,1,1,1,99.6,0.014,<10%
L05094,Feta 200g,O01145,Duka,Central,49.71,97.9,1,1,1,96.4,0.014,<10%
L03244,Salted butter 250g,O02088,HoReCa,Nairobi,78.71,53.3,1,1,1,101.5,0.014,<10%
L03034,Salted butter 250g,O01211,Supermarket,Coast,80.71,89.8,1,1,0,100.7,0.014,<10%
L03278,Salted butter 250g,O00759,Supermarket,Central,78.0,74.6,1,1,1,106.6,0.014,<10%
L01438,Drinking yoghurt mango 250ml,O01316,Supermarket,Rift Valley,100.86,90.5,0,1,1,86.3,0.014,<10%
L04173,Choc-chip ice cream 500ml,O02307,Wholesaler,Central,65.0,78.4,1,1,1,92.0,0.013,<10%
L04510,Choc-chip ice cream 500ml,O01939,Wholesaler,Western,58.71,95.8,1,1,1,93.1,0.013,<10%
L04209,Choc-chip ice cream 500ml,O01153,Wholesaler,Rift Valley,64.57,90.6,0,1,1,113.4,0.013,<10%
L03090,Salted butter 250g,O00825,Supermarket,Coast,80.29,89.9,1,0,1,105.0,0.013,<10%
L04136,Choc-chip ice cream 500ml,O01116,Petrol station,Nairobi,65.29,93.4,0,0,1,96.7,0.013,<10%
L01056,Vanilla bean ice cream 1L,O01350,Supermarket,Nairobi,107.29,95.4,1,1,1,94.3,0.013,<10%
L02890,Salted butter 250g,O00795,Petrol station,Nairobi,81.57,67.9,1,0,1,92.7,0.013,<10%
L00309,Greek-style yoghurt 450g,O02427,Wholesaler,Nairobi,118.71,76.2,1,0,1,100.9,0.013,<10%
L01128,Vanilla bean ice cream 1L,O02235,Supermarket,Nairobi,106.71,66.7,0,0,1,98.6,0.013,<10%
L02921,Salted butter 250g,O02483,Supermarket,Western,81.43,77.8,1,0,0,87.6,0.013,<10%
L03223,Salted butter 250g,O02160,HoReCa,Nairobi,79.0,91.0,0,0,0,91.7,0.013,<10%
L02125,Beef breakfast sausages 500g,O02182,HoReCa,Nairobi,94.14,91.5,0,0,1,91.8,0.013,<10%
L05180,Natural set yoghurt 1kg,O00422,Supermarket,Nairobi,46.0,97.3,0,1,1,94.8,0.013,<10%
L03024,Salted butter 250g,O02599,Wholesaler,Central,80.86,84.2,0,1,0,92.0,0.013,<10%
L03048,Salted butter 250g,O00621,HoReCa,Central,80.57,84.3,0,0,1,101.0,0.013,<10%
L01243,Vanilla bean ice cream 1L,O02145,Petrol station,Nairobi,105.43,65.2,0,1,1,99.1,0.013,<10%
L03302,Salted butter 250g,O02409,Wholesaler,Central,77.57,93.1,0,0,0,91.9,0.013,<10%
L05076,Feta 200g,O02084,HoReCa,Central,50.14,95.2,0,0,0,91.5,0.013,<10%
L05254,Natural set yoghurt 1kg,O00981,Supermarket,Nairobi,45.57,97.5,1,1,1,87.5,0.013,<10%
L06449,Fruit ice lolly 6-pack,O01763,Supermarket,Nairobi,27.71,92.3,1,1,1,93.0,0.013,<10%
L01227,Vanilla bean ice cream 1L,O01279,Duka,Nairobi,105.57,87.2,0,0,0,95.0,0.013,<10%
L03050,Salted butter 250g,O00832,Supermarket,Nyanza,80.57,69.0,1,1,1,98.8,0.013,<10%
L06521,Fruit ice lolly 6-pack,O00715,Supermarket,Nairobi,25.57,97.5,1,1,1,99.8,0.013,<10%
L01009,Vanilla bean ice cream 1L,O02033,Wholesaler,Nairobi,107.57,55.7,0,0,1,89.6,0.013,<10%
L04883,Feta 200g,O01245,Supermarket,Nairobi,52.14,95.3,1,1,1,104.0,0.013,<10%
L03173,Salted butter 250g,O01657,Wholesaler,Western,79.57,87.6,0,0,1,84.2,0.013,<10%
L02849,Salted butter 250g,O00107,Supermarket,Coast,81.86,78.9,1,1,1,97.1,0.013,<10%
L03320,Salted butter 250g,O01529,Wholesaler,Coast,77.0,88.7,0,1,1,90.1,0.013,<10%
L06153,Fruit ice lolly 6-pack,O01135,Wholesaler,Nairobi,30.71,86.2,0,1,1,87.0,0.013,<10%
L02738,Halloumi 250g,O00480,Supermarket,Central,85.57,86.5,0,1,1,105.2,0.013,<10%
L05085,Feta 200g,O01772,Supermarket,Nairobi,50.0,96.2,1,1,1,101.0,0.013,<10%
L00643,Mature cheddar 200g,O02445,Supermarket,Nairobi,114.0,77.3,1,1,1,113.9,0.013,<10%
L06171,Fruit ice lolly 6-pack,O00650,Supermarket,Rift Valley,30.57,94.7,1,1,1,97.5,0.013,<10%
L02354,Beef breakfast sausages 500g,O01349,Supermarket,Nairobi,91.57,92.8,1,1,1,95.5,0.013,<10%
L00995,Vanilla bean ice cream 1L,O00918,Supermarket,Nairobi,107.57,51.1,0,1,1,104.0,0.013,<10%
L03914,Choc-chip ice cream 500ml,O00771,Wholesaler,Nairobi,67.0,90.8,1,1,1,102.8,0.013,<10%
L00935,Mature cheddar 200g,O01129,Supermarket,Coast,108.71,55.2,0,0,0,108.6,0.013,<10%
L05053,Feta 200g,O01555,Supermarket,Nairobi,50.43,87.8,0,1,1,101.8,0.013,<10%
L04108,Choc-chip ice cream 500ml,O01152,Wholesaler,Rift Valley,65.43,86.2,0,0,1,88.6,0.013,<10%
L00938,Mature cheddar 200g,O02523,HoReCa,Central,108.57,26.1,0,1,1,107.5,0.013,<10%
L03117,Salted butter 250g,O02527,Duka,Nairobi,80.14,89.5,1,0,0,100.9,0.013,<10%
L03928,Choc-chip ice cream 500ml,O01626,Petrol station,Central,66.86,93.8,0,1,1,97.1,0.013,<10%
L05034,Feta 200g,O00324,Supermarket,Rift Valley,50.71,93.0,1,0,1,84.8,0.013,<10%
L00349,Greek-style yoghurt 450g,O01344,Supermarket,Nairobi,118.14,91.6,1,1,1,98.0,0.013,<10%
L01080,Vanilla bean ice cream 1L,O02164,Wholesaler,Nairobi,107.14,98.9,1,1,1,99.1,0.012,<10%
L03935,Choc-chip ice cream 500ml,O00127,Supermarket,Nairobi,66.71,80.8,0,1,1,102.6,0.012,<10%
L02998,Salted butter 250g,O01941,Wholesaler,Rift Valley,81.0,89.7,1,1,0,99.3,0.012,<10%
L01105,Vanilla bean ice cream 1L,O01899,HoReCa,Central,106.86,73.0,0,1,0,102.0,0.012,<10%
L03186,Salted butter 250g,O01169,HoReCa,Nairobi,79.43,69.9,0,1,1,92.1,0.012,<10%
L04109,Choc-chip ice cream 500ml,O01201,Supermarket,Nairobi,65.43,89.9,1,1,1,108.1,0.012,<10%
L02952,Salted butter 250g,O00079,Supermarket,Central,81.14,76.2,1,1,1,106.9,0.012,<10%
L04894,Feta 200g,O00344,Wholesaler,Nairobi,52.0,92.5,1,1,1,103.8,0.012,<10%
L04107,Choc-chip ice cream 500ml,O01103,Supermarket,Western,65.43,96.0,0,1,1,109.3,0.012,<10%
L06214,Fruit ice lolly 6-pack,O01581,Supermarket,Nairobi,30.29,93.2,1,1,1,95.0,0.012,<10%
L04045,Choc-chip ice cream 500ml,O01763,Supermarket,Nairobi,66.0,83.6,1,1,1,99.7,0.012,<10%
L01116,Vanilla bean ice cream 1L,O00622,Supermarket,Rift Valley,106.71,86.1,0,0,1,101.4,0.012,<10%
L04061,Choc-chip ice cream 500ml,O01194,Supermarket,Nairobi,65.86,93.5,1,1,1,110.6,0.012,<10%
L01359,Vanilla bean ice cream 1L,O00498,Supermarket,Central,103.14,89.9,1,1,1,104.4,0.012,<10%
L05510,Natural set yoghurt 1kg,O00715,Supermarket,Nairobi,43.43,95.5,0,1,1,87.2,0.012,<10%
L05588,Natural set yoghurt 1kg,O02353,Supermarket,Nairobi,42.29,92.8,0,1,1,86.8,0.012,<10%
L01187,Vanilla bean ice cream 1L,O01868,Supermarket,Nairobi,106.14,91.6,1,1,1,100.2,0.012,<10%
L02242,Beef breakfast sausages 500g,O01407,Wholesaler,Central,93.14,93.8,0,1,1,89.8,0.012,<10%
L06116,Fruit ice lolly 6-pack,O00252,Wholesaler,Nairobi,31.0,94.3,1,1,1,96.2,0.012,<10%
L03940,Choc-chip ice cream 500ml,O00694,Supermarket,Central,66.71,87.3,0,1,1,103.9,0.012,<10%
L00998,Vanilla bean ice cream 1L,O01187,HoReCa,Nairobi,107.57,70.4,0,1,0,103.3,0.012,<10%
L02926,Salted butter 250g,O00236,Supermarket,Central,81.29,81.6,0,1,1,102.5,0.012,<10%
L05463,Natural set yoghurt 1kg,O01581,Supermarket,Nairobi,44.0,96.7,0,1,1,85.9,0.012,<10%
L03988,Choc-chip ice cream 500ml,O01885,Supermarket,Nairobi,66.43,79.1,1,1,1,98.9,0.012,<10%
L04982,Feta 200g,O01217,Supermarket,Western,51.29,94.4,1,1,1,87.9,0.012,<10%
L06406,Fruit ice lolly 6-pack,O00834,Wholesaler,Central,28.29,95.1,1,1,1,90.7,0.012,<10%
L05405,Natural set yoghurt 1kg,O01547,Supermarket,Rift Valley,44.57,97.7,1,1,1,77.0,0.012,<10%
L01849,Drinking yoghurt mango 250ml,O01124,Supermarket,Nairobi,98.0,93.8,0,1,1,85.5,0.012,<10%
L04099,Choc-chip ice cream 500ml,O02337,Supermarket,Nairobi,65.57,90.0,0,1,1,114.5,0.012,<10%
L01100,Vanilla bean ice cream 1L,O00065,Wholesaler,Nairobi,106.86,62.1,0,0,1,95.4,0.012,<10%
L03274,Salted butter 250g,O01316,Supermarket,Rift Valley,78.14,84.2,0,1,1,98.5,0.012,<10%
L05026,Feta 200g,O01580,Wholesaler,Central,50.86,93.3,1,1,0,84.4,0.012,<10%
L04244,Choc-chip ice cream 500ml,O00401,Wholesaler,Rift Valley,64.0,90.4,0,0,1,91.5,0.012,<10%
L05051,Feta 200g,O01407,Wholesaler,Central,50.43,90.3,0,1,1,94.0,0.012,<10%
L04015,Choc-chip ice cream 500ml,O00393,Wholesaler,Central,66.14,94.1,1,1,1,105.8,0.012,<10%
L04211,Choc-chip ice cream 500ml,O01604,Wholesaler,Nairobi,64.57,87.5,0,1,0,98.0,0.012,<10%
L04896,Feta 200g,O00430,Wholesaler,Central,52.0,88.1,0,1,1,98.0,0.012,<10%
L03181,Salted butter 250g,O00545,HoReCa,Rift Valley,79.43,94.1,0,0,0,90.5,0.012,<10%
L01122,Vanilla bean ice cream 1L,O01576,Supermarket,Central,106.71,58.6,0,1,1,99.6,0.012,<10%
L01172,Vanilla bean ice cream 1L,O01761,Supermarket,Rift Valley,106.29,88.6,0,1,0,103.8,0.012,<10%
L03338,Salted butter 250g,O01117,Supermarket,Rift Valley,76.43,95.1,1,0,1,107.6,0.012,<10%
L01215,Vanilla bean ice cream 1L,O01093,Duka,Nairobi,105.71,82.4,0,0,1,104.8,0.012,<10%
L02498,Halloumi 250g,O02488,Wholesaler,Nairobi,88.57,75.0,0,1,1,98.5,0.012,<10%
L04801,Feta 200g,O00715,Supermarket,Nairobi,52.71,95.0,1,1,1,104.7,0.012,<10%
L04800,Feta 200g,O00473,Supermarket,Nairobi,52.71,84.8,1,1,1,91.9,0.012,<10%
L03028,Salted butter 250g,O00447,Wholesaler,Nyanza,80.71,83.0,1,0,1,85.4,0.012,<10%
L04963,Feta 200g,O01194,Supermarket,Nairobi,51.43,94.4,1,1,1,107.8,0.012,<10%
L05062,Feta 200g,O01121,HoReCa,Nairobi,50.29,92.9,1,1,1,97.1,0.011,<10%
L06150,Fruit ice lolly 6-pack,O00855,Wholesaler,Nairobi,30.71,92.4,1,0,1,80.9,0.011,<10%
L03149,Salted butter 250g,O00480,Supermarket,Central,79.71,73.1,0,1,1,89.2,0.011,<10%
L05119,Feta 200g,O00720,Supermarket,Rift Valley,49.0,95.0,1,1,1,103.8,0.011,<10%
L02563,Halloumi 250g,O00066,Wholesaler,Nairobi,87.86,84.0,0,1,1,98.5,0.011,<10%
L00953,Vanilla bean ice cream 1L,O02549,Supermarket,Rift Valley,108.0,72.1,0,0,1,108.7,0.011,<10%
L05467,Natural set yoghurt 1kg,O01888,Wholesaler,Central,44.0,95.9,0,1,1,84.3,0.011,<10%
L04019,Choc-chip ice cream 500ml,O00981,Supermarket,Nairobi,66.14,87.4,0,1,1,113.0,0.011,<10%
L03978,Choc-chip ice cream 500ml,O01068,Wholesaler,Central,66.43,89.8,0,1,0,95.1,0.011,<10%
L01409,Drinking yoghurt mango 250ml,O00613,Supermarket,Nairobi,101.0,90.0,0,1,1,87.6,0.011,<10%
L05050,Feta 200g,O00955,Supermarket,Nairobi,50.43,96.2,1,1,1,108.2,0.011,<10%
L03971,Choc-chip ice cream 500ml,O00399,Wholesaler,Nairobi,66.43,88.3,1,0,1,90.9,0.011,<10%
L03127,Salted butter 250g,O02063,HoReCa,Rift Valley,80.0,89.5,1,0,0,94.0,0.011,<10%
L00546,Mature cheddar 200g,O02075,Supermarket,Central,114.57,85.0,1,1,1,113.5,0.011,<10%
L06563,Fruit ice lolly 6-pack,O00613,Supermarket,Nairobi,21.57,92.7,1,1,1,83.9,0.011,<10%
L02956,Salted butter 250g,O00207,Supermarket,Nairobi,81.14,71.8,1,1,0,96.9,0.011,<10%
L03310,Salted butter 250g,O02299,Duka,Coast,77.43,96.5,0,1,1,91.1,0.011,<10%
L03131,Salted butter 250g,O02511,Wholesaler,Rift Valley,80.0,93.9,0,0,0,86.3,0.011,<10%
L04106,Choc-chip ice cream 500ml,O00712,Wholesaler,Nairobi,65.43,91.9,1,0,1,90.9,0.011,<10%
L04934,Feta 200g,O00979,Wholesaler,Nairobi,51.71,97.7,1,1,0,92.8,0.011,<10%
L02375,Beef breakfast sausages 500g,O01993,Supermarket,Nairobi,91.14,90.3,0,1,1,91.2,0.011,<10%
L06324,Fruit ice lolly 6-pack,O01403,Wholesaler,Nairobi,29.29,95.6,0,1,1,92.1,0.011,<10%
L00833,Mature cheddar 200g,O01222,Supermarket,Nairobi,111.86,84.2,1,1,1,101.8,0.011,<10%
L01123,Vanilla bean ice cream 1L,O01742,Duka,Nairobi,106.71,90.6,0,1,0,107.5,0.011,<10%
L02143,Beef breakfast sausages 500g,O01135,Wholesaler,Nairobi,94.0,93.4,0,1,1,96.3,0.011,<10%
L05489,Natural set yoghurt 1kg,O01141,Wholesaler,Nairobi,43.71,91.3,0,1,1,81.8,0.011,<10%
L03347,Salted butter 250g,O02295,Supermarket,Rift Valley,76.0,88.0,1,0,1,102.2,0.011,<10%
L03980,Choc-chip ice cream 500ml,O01349,Supermarket,Nairobi,66.43,90.2,1,0,1,93.5,0.011,<10%
L04281,Choc-chip ice cream 500ml,O00687,Supermarket,Rift Valley,63.14,95.6,1,1,1,103.9,0.011,<10%
L02845,Salted butter 250g,O02189,Supermarket,Nairobi,82.0,69.2,1,1,1,108.9,0.011,<10%
L01339,Vanilla bean ice cream 1L,O00769,HoReCa,Nairobi,103.57,90.4,0,0,0,98.8,0.011,<10%
L02887,Salted butter 250g,O00343,Wholesaler,Central,81.57,89.9,0,1,1,102.0,0.011,<10%
L03346,Salted butter 250g,O00684,Wholesaler,Nairobi,76.0,93.7,1,0,0,94.7,0.011,<10%
L01337,Vanilla bean ice cream 1L,O01893,Supermarket,Central,103.71,88.8,0,0,1,107.2,0.011,<10%
L02904,Salted butter 250g,O02391,Supermarket,Coast,81.57,94.0,0,1,1,97.8,0.011,<10%
L03313,Salted butter 250g,O02364,Supermarket,Western,77.29,94.6,1,1,0,95.3,0.011,<10%
L02606,Halloumi 250g,O00347,Supermarket,Nairobi,87.43,90.7,0,1,1,105.0,0.011,<10%
L02903,Salted butter 250g,O02374,Supermarket,Western,81.57,98.6,0,1,0,88.5,0.01,<10%
L01103,Vanilla bean ice cream 1L,O00523,Wholesaler,Central,106.86,75.2,0,0,1,100.4,0.01,<10%
L03924,Choc-chip ice cream 500ml,O00443,Supermarket,Nairobi,66.86,92.8,1,1,1,107.4,0.01,<10%
L03316,Salted butter 250g,O01273,Supermarket,Nairobi,77.14,69.0,1,1,1,97.1,0.01,<10%
L01293,Vanilla bean ice cream 1L,O01475,HoReCa,Rift Valley,104.71,87.2,0,0,0,96.3,0.01,<10%
L02836,Salted butter 250g,O00141,Wholesaler,Nairobi,82.0,75.9,1,0,0,95.8,0.01,<10%
L03066,Salted butter 250g,O00191,Petrol station,Nairobi,80.43,86.5,1,0,0,94.5,0.01,<10%
L06191,Fruit ice lolly 6-pack,O01091,Supermarket,Nairobi,30.43,94.6,0,1,1,87.5,0.01,<10%
L03064,Salted butter 250g,O02486,Supermarket,Coast,80.57,91.3,1,1,1,96.6,0.01,<10%
L06371,Fruit ice lolly 6-pack,O00038,Supermarket,Nairobi,28.71,89.3,1,1,1,85.0,0.01,<10%
L03261,Salted butter 250g,O00613,Supermarket,Nairobi,78.29,71.4,1,1,1,103.9,0.01,<10%
L01663,Drinking yoghurt mango 250ml,O01012,Supermarket,Nairobi,99.57,91.7,0,1,1,90.0,0.01,<10%
L02991,Salted butter 250g,O01393,Supermarket,Nairobi,81.0,77.9,0,1,1,99.8,0.01,<10%
L02386,Beef breakfast sausages 500g,O02189,Supermarket,Nairobi,91.0,95.4,0,1,1,94.1,0.01,<10%
L04637,Choc-chip ice cream 500ml,O00504,HoReCa,Central,57.29,94.8,1,0,1,94.9,0.01,<10%
L04949,Feta 200g,O00925,Wholesaler,Central,51.57,96.0,1,1,1,93.9,0.01,<10%
L02943,Salted butter 250g,O02445,Supermarket,Nairobi,81.29,59.8,1,1,1,89.1,0.01,<10%
L03105,Salted butter 250g,O00628,Supermarket,Nyanza,80.14,94.0,0,1,1,96.3,0.01,<10%
L04038,Choc-chip ice cream 500ml,O01277,Supermarket,Central,66.0,94.4,1,1,1,106.8,0.01,<10%
L02871,Salted butter 250g,O01090,Supermarket,Rift Valley,81.71,83.5,1,1,0,101.1,0.01,<10%
L01335,Vanilla bean ice cream 1L,O01282,Supermarket,Nyanza,103.71,92.9,0,1,1,112.3,0.01,<10%
L03023,Salted butter 250g,O02350,Wholesaler,Nairobi,80.86,79.7,1,1,0,94.0,0.01,<10%
L04206,Choc-chip ice cream 500ml,O00955,Supermarket,Nairobi,64.57,84.2,0,1,1,102.8,0.01,<10%
L03705,Salted butter 250g,O01834,HoReCa,Western,71.57,96.4,1,1,0,94.3,0.01,<10%
L03005,Salted butter 250g,O00127,Supermarket,Nairobi,80.86,75.4,0,1,1,87.1,0.01,<10%
L05035,Feta 200g,O00855,Wholesaler,Nairobi,50.71,98.3,1,1,1,97.9,0.01,<10%
L03013,Salted butter 250g,O01418,Petrol station,Western,80.86,93.3,1,1,1,95.1,0.01,<10%
L03322,Salted butter 250g,O02549,Supermarket,Rift Valley,77.0,87.6,1,1,1,99.9,0.01,<10%
L02901,Salted butter 250g,O02145,Petrol station,Nairobi,81.57,86.8,0,0,1,84.6,0.01,<10%
L03286,Salted butter 250g,O02117,Wholesaler,Nairobi,77.86,82.1,0,1,1,96.2,0.01,<10%
L05044,Feta 200g,O01938,Supermarket,Rift Valley,50.57,98.0,1,1,1,88.9,0.01,<10%
L03151,Salted butter 250g,O00918,Supermarket,Nairobi,79.71,71.4,1,1,1,107.7,0.01,<10%
L03250,Salted butter 250g,O00455,Duka,Nairobi,78.43,93.5,0,1,1,102.9,0.01,<10%
L04932,Feta 200g,O00560,Supermarket,Rift Valley,51.71,98.2,1,1,1,97.0,0.01,<10%
L02937,Salted butter 250g,O01839,Duka,Central,81.29,87.4,1,1,0,93.3,0.01,<10%
L01282,Vanilla bean ice cream 1L,O00620,HoReCa,Rift Valley,105.0,74.9,0,0,1,91.1,0.009,<10%
L02918,Salted butter 250g,O01946,Wholesaler,Rift Valley,81.43,96.9,1,0,0,92.1,0.009,<10%
L02165,Beef breakfast sausages 500g,O00999,Supermarket,Nairobi,93.86,97.3,1,1,1,85.8,0.009,<10%
L00982,Vanilla bean ice cream 1L,O02148,Wholesaler,Nairobi,107.71,62.4,0,1,1,98.1,0.009,<10%
L03097,Salted butter 250g,O02187,Supermarket,Nairobi,80.29,72.7,1,1,1,103.9,0.009,<10%
L05031,Feta 200g,O00132,Wholesaler,Nairobi,50.71,94.9,1,1,1,93.2,0.009,<10%
L04238,Choc-chip ice cream 500ml,O01113,Supermarket,Nairobi,64.14,88.5,1,1,1,100.2,0.009,<10%
L05120,Feta 200g,O00747,Supermarket,Rift Valley,49.0,96.3,0,1,1,98.5,0.009,<10%
L00285,Greek-style yoghurt 450g,O01888,Wholesaler,Central,118.86,64.7,1,0,1,107.1,0.009,<10%
L04010,Choc-chip ice cream 500ml,O00038,Supermarket,Nairobi,66.14,96.8,1,1,1,108.9,0.009,<10%
L03224,Salted butter 250g,O02352,Wholesaler,Rift Valley,79.0,79.2,1,1,0,91.7,0.009,<10%
L04003,Choc-chip ice cream 500ml,O01410,Supermarket,Nairobi,66.29,94.9,1,1,1,102.2,0.009,<10%
L02961,Salted butter 250g,O00498,Supermarket,Central,81.14,87.8,0,1,1,103.3,0.009,<10%
L02886,Salted butter 250g,O00341,Supermarket,Rift Valley,81.57,71.8,1,1,1,89.6,0.009,<10%
L02910,Salted butter 250g,O00646,Duka,Nairobi,81.43,86.8,1,0,1,99.5,0.009,<10%
L04080,Choc-chip ice cream 500ml,O01749,Supermarket,Nairobi,65.71,90.3,1,1,1,99.7,0.009,<10%
L04021,Choc-chip ice cream 500ml,O01088,Supermarket,Central,66.14,92.5,1,1,1,99.0,0.009,<10%
L04085,Choc-chip ice cream 500ml,O02148,Wholesaler,Nairobi,65.71,90.7,1,1,1,92.5,0.009,<10%
L04166,Choc-chip ice cream 500ml,O01678,Supermarket,Nairobi,65.0,94.6,1,1,1,101.8,0.009,<10%
L01085,Vanilla bean ice cream 1L,O00401,Wholesaler,Rift Valley,107.0,77.7,0,1,1,101.2,0.009,<10%
L04125,Choc-chip ice cream 500ml,O00071,Supermarket,Rift Valley,65.29,95.4,1,1,1,96.0,0.009,<10%
L01206,Vanilla bean ice cream 1L,O02352,Wholesaler,Rift Valley,105.86,89.3,0,0,0,98.3,0.009,<10%
L02898,Salted butter 250g,O01963,Wholesaler,Rift Valley,81.57,85.1,1,0,1,94.8,0.009,<10%
L04023,Choc-chip ice cream 500ml,O01135,Wholesaler,Nairobi,66.14,95.5,0,0,1,97.9,0.009,<10%
L01355,Vanilla bean ice cream 1L,O00503,HoReCa,Nairobi,103.29,78.1,0,1,1,110.0,0.009,<10%
L01312,Vanilla bean ice cream 1L,O00029,Supermarket,Nairobi,104.29,97.0,1,1,1,101.3,0.009,<10%
L01241,Vanilla bean ice cream 1L,O01678,Supermarket,Nairobi,105.43,66.9,0,1,1,92.9,0.009,<10%
L03242,Salted butter 250g,O01621,HoReCa,Rift Valley,78.71,90.7,1,0,0,100.1,0.009,<10%
L03342,Salted butter 250g,O00537,Supermarket,Nairobi,76.29,91.8,1,1,0,100.8,0.009,<10%
L00981,Vanilla bean ice cream 1L,O02070,Petrol station,Rift Valley,107.71,84.3,0,1,0,95.0,0.009,<10%
L02963,Salted butter 250g,O00655,Supermarket,Coast,81.14,87.8,1,1,1,95.2,0.009,<10%
L03062,Salted butter 250g,O02136,Wholesaler,Nairobi,80.57,94.7,0,1,0,94.2,0.009,<10%
L03284,Salted butter 250g,O01374,Supermarket,Central,77.86,87.3,0,1,0,86.5,0.009,<10%
L06119,Fruit ice lolly 6-pack,O00955,Supermarket,Nairobi,31.0,97.1,1,1,1,96.2,0.009,<10%
L03188,Salted butter 250g,O01547,Supermarket,Rift Valley,79.43,72.4,1,1,1,90.4,0.009,<10%
L03324,Salted butter 250g,O00292,Supermarket,Central,76.86,91.5,1,1,1,105.9,0.009,<10%
L02554,Halloumi 250g,O01796,Supermarket,Nairobi,88.0,84.7,1,1,1,104.7,0.009,<10%
L00294,Greek-style yoghurt 450g,O00568,Supermarket,Nairobi,118.71,70.7,1,1,1,95.8,0.009,<10%
L01040,Vanilla bean ice cream 1L,O01412,Supermarket,Western,107.43,94.6,0,1,0,102.4,0.009,<10%
L03973,Choc-chip ice cream 500ml,O00448,Wholesaler,Rift Valley,66.43,91.8,0,1,1,99.3,0.009,<10%
L02893,Salted butter 250g,O01500,Supermarket,Nyanza,81.57,98.1,0,1,1,93.4,0.009,<10%
L03348,Salted butter 250g,O00038,Supermarket,Nairobi,75.86,90.8,1,0,1,104.1,0.009,<10%
L03267,Salted butter 250g,O02572,Wholesaler,Central,78.29,98.7,0,0,1,90.3,0.008,<10%
L01344,Vanilla bean ice cream 1L,O02065,Supermarket,Central,103.57,95.8,1,1,1,93.0,0.008,<10%
L03307,Salted butter 250g,O01972,Supermarket,Western,77.43,92.5,0,1,1,92.9,0.008,<10%
L04265,Choc-chip ice cream 500ml,O02572,Wholesaler,Central,63.57,99.1,1,1,1,90.5,0.008,<10%
L03054,Salted butter 250g,O01319,Duka,Nairobi,80.57,94.6,1,1,0,94.6,0.008,<10%
L02978,Salted butter 250g,O02304,Supermarket,Nairobi,81.14,70.4,1,1,1,100.6,0.008,<10%
L01168,Vanilla bean ice cream 1L,O01262,Wholesaler,Western,106.29,85.0,0,1,1,98.1,0.008,<10%
L03009,Salted butter 250g,O01092,Supermarket,Nairobi,80.86,77.7,1,1,1,102.7,0.008,<10%
L01090,Vanilla bean ice cream 1L,O01222,Supermarket,Nairobi,107.0,69.3,0,1,1,97.4,0.008,<10%
L03164,Salted butter 250g,O00228,HoReCa,Nyanza,79.57,96.4,1,0,1,105.4,0.008,<10%
L04095,Choc-chip ice cream 500ml,O01281,Supermarket,Nairobi,65.57,84.1,0,1,1,95.1,0.008,<10%
L02782,Halloumi 250g,O01609,HoReCa,Nairobi,84.29,86.3,1,1,0,99.9,0.008,<10%
L03168,Salted butter 250g,O00695,Supermarket,Western,79.57,90.8,1,1,1,106.5,0.008,<10%
L02855,Salted butter 250g,O01171,Wholesaler,Coast,81.86,95.5,1,0,1,86.8,0.008,<10%
L00617,Mature cheddar 200g,O01678,Supermarket,Nairobi,114.14,90.4,1,1,1,99.1,0.008,<10%
L03067,Salted butter 250g,O00448,Wholesaler,Rift Valley,80.43,88.9,1,0,1,92.3,0.008,<10%
L04104,Choc-chip ice cream 500ml,O00672,Wholesaler,Nairobi,65.43,86.0,0,1,1,90.5,0.008,<10%
L02859,Salted butter 250g,O01942,Supermarket,Western,81.86,93.7,0,1,1,90.9,0.008,<10%
L04303,Choc-chip ice cream 500ml,O01328,HoReCa,Nairobi,62.43,86.3,0,0,1,91.5,0.008,<10%
L04247,Choc-chip ice cream 500ml,O01120,Supermarket,Nairobi,64.0,91.4,0,1,1,102.0,0.008,<10%
L03150,Salted butter 250g,O00614,HoReCa,Nairobi,79.71,82.2,0,1,1,101.3,0.008,<10%
L03292,Salted butter 250g,O01120,Supermarket,Nairobi,77.71,82.4,0,1,1,89.5,0.008,<10%
L01300,Vanilla bean ice cream 1L,O01528,Duka,Central,104.57,82.8,0,1,1,102.5,0.008,<10%
L01012,Vanilla bean ice cream 1L,O02192,Wholesaler,Nairobi,107.57,83.6,0,0,0,98.4,0.008,<10%
L04988,Feta 200g,O02383,Supermarket,Nairobi,51.29,92.5,1,1,1,88.2,0.008,<10%
L04889,Feta 200g,O02284,Wholesaler,Nairobi,52.14,98.3,1,1,1,96.5,0.008,<10%
L03187,Salted butter 250g,O01539,HoReCa,Rift Valley,79.43,94.6,0,0,1,92.3,0.008,<10%
L00742,Mature cheddar 200g,O00759,Supermarket,Central,113.0,97.1,1,1,1,99.5,0.008,<10%
L03136,Salted butter 250g,O00583,Supermarket,Coast,79.86,87.3,1,1,1,89.6,0.008,<10%
L03213,Salted butter 250g,O00597,Petrol station,Nairobi,79.0,94.7,0,1,1,91.8,0.008,<10%
L00295,Greek-style yoghurt 450g,O00694,Supermarket,Central,118.71,82.8,1,1,1,110.1,0.008,<10%
L03997,Choc-chip ice cream 500ml,O00891,Supermarket,Nairobi,66.29,95.5,0,1,1,100.0,0.008,<10%
L01036,Vanilla bean ice cream 1L,O01141,Wholesaler,Nairobi,107.43,73.8,0,0,1,93.1,0.008,<10%
L03255,Salted butter 250g,O01307,Duka,Nairobi,78.43,92.2,0,1,1,92.1,0.008,<10%
L00535,Mature cheddar 200g,O00981,Supermarket,Nairobi,114.57,85.0,1,1,1,96.2,0.008,<10%
L01069,Vanilla bean ice cream 1L,O00134,Supermarket,Nyanza,107.14,95.1,0,1,0,98.6,0.008,<10%
L01153,Vanilla bean ice cream 1L,O01088,Supermarket,Central,106.43,82.7,0,0,1,99.4,0.008,<10%
L01201,Vanilla bean ice cream 1L,O01345,Supermarket,Nairobi,105.86,89.4,0,0,1,106.2,0.008,<10%
L03170,Salted butter 250g,O01251,Wholesaler,Nairobi,79.57,89.5,1,0,0,90.2,0.008,<10%
L03953,Choc-chip ice cream 500ml,O00715,Supermarket,Nairobi,66.57,94.9,1,1,1,98.4,0.008,<10%
L03262,Salted butter 250g,O00693,Supermarket,Nairobi,78.29,95.5,0,1,0,97.2,0.007,<10%
L03020,Salted butter 250g,O02210,Wholesaler,Coast,80.86,90.7,1,1,1,90.7,0.007,<10%
L01135,Vanilla bean ice cream 1L,O01039,HoReCa,Rift Valley,106.57,79.9,0,1,1,105.7,0.007,<10%
L03011,Salted butter 250g,O01156,Supermarket,Central,80.86,79.3,1,1,1,100.8,0.007,<10%
L03145,Salted butter 250g,O02436,HoReCa,Rift Valley,79.86,85.5,1,0,1,101.3,0.007,<10%
L03271,Salted butter 250g,O01049,Wholesaler,Nairobi,78.14,94.7,1,1,0,99.2,0.007,<10%
L02942,Salted butter 250g,O02278,Supermarket,Rift Valley,81.29,80.2,1,0,1,93.2,0.007,<10%
L03176,Salted butter 250g,O01841,Supermarket,Nairobi,79.57,84.5,0,1,1,93.3,0.007,<10%
L04204,Choc-chip ice cream 500ml,O00430,Wholesaler,Central,64.57,94.8,0,1,1,103.7,0.007,<10%
L02940,Salted butter 250g,O02185,Supermarket,Coast,81.29,94.8,1,1,1,96.6,0.007,<10%
L01003,Vanilla bean ice cream 1L,O01567,Wholesaler,Central,107.57,90.2,0,0,0,93.5,0.007,<10%
L01296,Vanilla bean ice cream 1L,O01805,Supermarket,Coast,104.71,94.4,0,1,1,98.6,0.007,<10%
L00305,Greek-style yoghurt 450g,O01868,Supermarket,Nairobi,118.71,86.7,1,1,1,110.8,0.007,<10%
L03228,Salted butter 250g,O00633,Supermarket,Central,78.86,88.2,0,1,1,90.8,0.007,<10%
L03002,Salted butter 250g,O02529,Wholesaler,Nairobi,81.0,88.1,1,0,1,98.9,0.007,<10%
L03270,Salted butter 250g,O00752,Supermarket,Nairobi,78.14,95.3,0,1,1,103.9,0.007,<10%
L03001,Salted butter 250g,O02427,Wholesaler,Nairobi,81.0,83.2,1,0,1,91.7,0.007,<10%
L00944,Vanilla bean ice cream 1L,O02151,Supermarket,Nyanza,108.14,82.7,0,0,1,95.2,0.007,<10%
L03155,Salted butter 250g,O01468,Supermarket,Nairobi,79.71,91.9,1,1,0,104.3,0.007,<10%
L01005,Vanilla bean ice cream 1L,O01605,Wholesaler,Nairobi,107.57,96.2,0,0,0,105.9,0.007,<10%
L02913,Salted butter 250g,O00906,Duka,Nairobi,81.43,91.0,1,0,1,93.1,0.007,<10%
L03295,Salted butter 250g,O00187,HoReCa,Central,77.57,88.0,1,0,1,91.8,0.007,<10%
L04084,Choc-chip ice cream 500ml,O02050,Supermarket,Central,65.71,98.4,0,1,1,100.3,0.007,<10%
L02834,Salted butter 250g,O00003,Supermarket,Rift Valley,82.0,80.0,1,1,1,100.6,0.007,<10%
L01018,Vanilla bean ice cream 1L,O02511,Wholesaler,Rift Valley,107.57,81.8,0,1,0,93.8,0.007,<10%
L02881,Salted butter 250g,O02331,Wholesaler,Nairobi,81.71,97.2,1,0,0,96.9,0.007,<10%
L01164,Vanilla bean ice cream 1L,O01066,Supermarket,Central,106.29,74.6,0,1,1,99.1,0.007,<10%
L03071,Salted butter 250g,O01129,Supermarket,Coast,80.43,96.3,1,1,0,92.5,0.007,<10%
L03073,Salted butter 250g,O01259,Supermarket,Coast,80.43,92.4,1,1,1,97.1,0.007,<10%
L00593,Mature cheddar 200g,O01555,Supermarket,Nairobi,114.29,95.0,1,1,1,104.2,0.007,<10%
L03042,Salted butter 250g,O00029,Supermarket,Nairobi,80.57,88.1,0,1,1,93.9,0.007,<10%
L03201,Salted butter 250g,O02406,Wholesaler,Central,79.29,91.3,1,0,0,84.4,0.007,<10%
L03233,Salted butter 250g,O02248,Supermarket,Nairobi,78.86,78.9,1,1,1,95.9,0.007,<10%
L02763,Halloumi 250g,O02307,Wholesaler,Central,85.0,89.7,1,1,1,103.2,0.007,<10%
L03925,Choc-chip ice cream 500ml,O00480,Supermarket,Central,66.86,92.0,0,1,1,94.6,0.007,<10%
L03273,Salted butter 250g,O01262,Wholesaler,Western,78.14,96.2,1,1,1,98.3,0.007,<10%
L03374,Salted butter 250g,O01229,HoReCa,Central,74.29,94.1,1,1,0,96.0,0.007,<10%
L01319,Vanilla bean ice cream 1L,O00621,HoReCa,Central,104.0,96.0,0,0,1,101.0,0.007,<10%
L00564,Mature cheddar 200g,O01497,Supermarket,Nairobi,114.43,90.8,1,1,1,98.8,0.007,<10%
L03091,Salted butter 250g,O00842,Supermarket,Central,80.29,87.5,1,1,1,100.4,0.007,<10%
L03125,Salted butter 250g,O01433,Supermarket,Nairobi,80.0,77.9,1,1,1,98.5,0.007,<10%
L00996,Vanilla bean ice cream 1L,O01129,Supermarket,Coast,107.57,92.5,0,1,0,89.8,0.006,<10%
L03008,Salted butter 250g,O00588,Petrol station,Nairobi,80.86,84.3,1,1,1,93.8,0.006,<10%
L02976,Salted butter 250g,O02120,HoReCa,Nairobi,81.14,86.9,0,1,1,87.7,0.006,<10%
L03031,Salted butter 250g,O00989,Supermarket,Rift Valley,80.71,95.3,0,1,1,92.1,0.006,<10%
L03258,Salted butter 250g,O02443,HoReCa,Nairobi,78.43,94.3,1,0,0,93.6,0.006,<10%
L01212,Vanilla bean ice cream 1L,O00839,Supermarket,Nairobi,105.71,80.9,0,1,0,89.4,0.006,<10%
L03053,Salted butter 250g,O01281,Supermarket,Nairobi,80.57,89.1,1,0,1,97.2,0.006,<10%
L01304,Vanilla bean ice cream 1L,O00211,Wholesaler,Nairobi,104.43,80.8,0,0,1,91.1,0.006,<10%
L02831,Salted butter 250g,O02471,HoReCa,Central,82.14,90.4,1,0,0,90.5,0.006,<10%
L01041,Vanilla bean ice cream 1L,O01645,Petrol station,Nairobi,107.43,87.0,0,1,1,99.1,0.006,<10%
L01061,Vanilla bean ice cream 1L,O01917,Supermarket,Nairobi,107.29,86.5,0,1,0,90.6,0.006,<10%
L03109,Salted butter 250g,O01264,Supermarket,Nairobi,80.14,81.3,1,1,1,101.6,0.006,<10%
L01149,Vanilla bean ice cream 1L,O00710,Wholesaler,Nairobi,106.43,88.1,0,0,1,98.5,0.006,<10%
L02928,Salted butter 250g,O00524,Supermarket,Rift Valley,81.29,91.7,1,1,1,104.1,0.006,<10%
L02968,Salted butter 250g,O01201,Supermarket,Nairobi,81.14,77.8,1,1,1,95.0,0.006,<10%
L01160,Vanilla bean ice cream 1L,O00188,Supermarket,Central,106.29,90.7,0,1,1,109.9,0.006,<10%
L02875,Salted butter 250g,O01675,Wholesaler,Nairobi,81.71,88.1,1,0,1,88.1,0.006,<10%
L02959,Salted butter 250g,O00422,Supermarket,Nairobi,81.14,92.7,1,0,1,100.6,0.006,<10%
L02843,Salted butter 250g,O02010,Supermarket,Rift Valley,82.0,93.1,1,0,1,91.9,0.006,<10%
L00958,Vanilla bean ice cream 1L,O00273,Supermarket,Western,107.86,86.5,0,1,1,94.6,0.006,<10%
L03057,Salted butter 250g,O01545,Wholesaler,Nairobi,80.57,95.6,1,0,0,87.3,0.006,<10%
L02986,Salted butter 250g,O00715,Supermarket,Nairobi,81.0,86.9,1,0,1,92.2,0.006,<10%
L03068,Salted butter 250g,O00511,Supermarket,Nairobi,80.43,91.8,1,1,1,106.7,0.006,<10%
L03303,Salted butter 250g,O02462,Petrol station,Nairobi,77.57,86.5,1,0,1,83.7,0.006,<10%
L01017,Vanilla bean ice cream 1L,O02331,Wholesaler,Nairobi,107.57,88.5,0,1,0,94.9,0.006,<10%
L02962,Salted butter 250g,O00650,Supermarket,Rift Valley,81.14,83.6,1,1,1,91.8,0.006,<10%
L02930,Salted butter 250g,O00699,Wholesaler,Central,81.29,97.6,1,0,0,83.5,0.006,<10%
L01119,Vanilla bean ice cream 1L,O01184,Petrol station,Rift Valley,106.71,90.7,0,1,1,100.0,0.006,<10%
L03016,Salted butter 250g,O02033,Wholesaler,Nairobi,80.86,95.2,0,1,1,94.1,0.006,<10%
L03175,Salted butter 250g,O01800,Wholesaler,Rift Valley,79.57,99.0,0,1,1,91.3,0.006,<10%
L02839,Salted butter 250g,O01012,Supermarket,Nairobi,82.0,96.5,0,0,1,93.7,0.006,<10%
L01050,Vanilla bean ice cream 1L,O00916,Wholesaler,Nairobi,107.29,70.6,0,1,1,86.4,0.006,<10%
L03152,Salted butter 250g,O01350,Supermarket,Nairobi,79.71,88.4,0,1,1,88.8,0.006,<10%
L03003,Salted butter 250g,O02596,Supermarket,Western,81.0,98.7,1,1,1,91.8,0.006,<10%
L02960,Salted butter 250g,O00434,Wholesaler,Central,81.14,95.2,1,1,1,106.0,0.006,<10%
L00543,Mature cheddar 200g,O01786,Supermarket,Central,114.57,97.2,1,1,1,97.2,0.006,<10%
L03130,Salted butter 250g,O02387,Supermarket,Rift Valley,80.0,97.9,0,1,1,93.9,0.006,<10%
L03012,Salted butter 250g,O01181,Supermarket,Rift Valley,80.86,95.3,1,1,1,100.2,0.006,<10%
L02882,Salted butter 250g,O02337,Supermarket,Nairobi,81.71,83.0,1,1,1,96.3,0.005,<10%
L00932,Mature cheddar 200g,O01505,HoReCa,Western,108.86,41.8,0,0,0,98.8,0.005,<10%
L04185,Choc-chip ice cream 500ml,O02248,Supermarket,Nairobi,64.86,96.5,0,1,1,98.4,0.005,<10%
L01242,Vanilla bean ice cream 1L,O01972,Supermarket,Western,105.43,96.0,0,1,1,101.6,0.005,<10%
L02951,Salted butter 250g,O00071,Supermarket,Rift Valley,81.14,94.1,1,1,1,96.5,0.005,<10%
L02992,Salted butter 250g,O01410,Supermarket,Nairobi,81.0,87.1,1,1,1,96.7,0.005,<10%
L03139,Salted butter 250g,O01567,Wholesaler,Central,79.86,96.3,1,1,0,92.6,0.005,<10%
L01181,Vanilla bean ice cream 1L,O01358,Supermarket,Central,106.14,90.4,0,1,0,94.6,0.005,<10%
L01373,Vanilla bean ice cream 1L,O02262,Supermarket,Central,103.0,93.3,0,1,1,97.3,0.005,<10%
L01147,Vanilla bean ice cream 1L,O00349,Supermarket,Nairobi,106.43,86.5,0,1,1,98.9,0.005,<10%
L01001,Vanilla bean ice cream 1L,O01377,HoReCa,Nairobi,107.57,85.3,0,0,1,95.3,0.005,<10%
L01102,Vanilla bean ice cream 1L,O00249,Wholesaler,Central,106.86,75.0,0,1,1,81.8,0.005,<10%
L00959,Vanilla bean ice cream 1L,O00292,Supermarket,Central,107.86,72.3,0,1,1,96.0,0.005,<10%
L02995,Salted butter 250g,O01720,Supermarket,Nairobi,81.0,87.7,1,1,1,91.8,0.005,<10%
L03040,Salted butter 250g,O01939,Wholesaler,Western,80.71,92.4,1,1,1,88.2,0.005,<10%
L02933,Salted butter 250g,O01122,Supermarket,Rift Valley,81.29,96.6,1,1,1,101.2,0.005,<10%
L01104,Vanilla bean ice cream 1L,O00694,Supermarket,Central,106.86,91.4,0,1,1,100.0,0.005,<10%
L01354,Vanilla bean ice cream 1L,O01675,Wholesaler,Nairobi,103.43,90.8,0,1,1,100.6,0.005,<10%
L03078,Salted butter 250g,O01992,Supermarket,Nairobi,80.43,86.6,1,1,1,94.9,0.005,<10%
L01178,Vanilla bean ice cream 1L,O00981,Supermarket,Nairobi,106.14,87.6,0,1,1,98.9,0.005,<10%
L03019,Salted butter 250g,O02203,Wholesaler,Nairobi,80.86,92.9,0,1,1,88.3,0.005,<10%
L00950,Vanilla bean ice cream 1L,O02088,HoReCa,Nairobi,108.0,84.3,0,0,1,100.5,0.004,<10%
L03027,Salted butter 250g,O00328,Petrol station,Nairobi,80.71,94.3,1,1,1,93.7,0.004,<10%
L03056,Salted butter 250g,O01476,Wholesaler,Nairobi,80.57,96.5,1,0,1,87.6,0.004,<10%
L01271,Vanilla bean ice cream 1L,O01760,HoReCa,Nairobi,105.14,90.0,0,1,1,102.2,0.004,<10%
L03282,Salted butter 250g,O00677,Supermarket,Nairobi,77.86,89.7,1,1,1,99.0,0.004,<10%
L02838,Salted butter 250g,O00980,Supermarket,Rift Valley,82.0,90.4,1,1,1,96.5,0.004,<10%
L01220,Vanilla bean ice cream 1L,O01816,Wholesaler,Rift Valley,105.71,99.2,0,0,1,85.9,0.004,<10%
L02977,Salted butter 250g,O02148,Wholesaler,Nairobi,81.14,95.8,0,1,1,93.5,0.004,<10%
L03093,Salted butter 250g,O01586,HoReCa,Central,80.29,96.2,1,0,1,92.6,0.004,<10%
L00978,Vanilla bean ice cream 1L,O01445,Supermarket,Nairobi,107.71,86.9,0,1,1,104.5,0.004,<10%
L01015,Vanilla bean ice cream 1L,O02260,Supermarket,Nairobi,107.57,81.7,0,1,1,92.6,0.004,<10%
L02873,Salted butter 250g,O01445,Supermarket,Nairobi,81.71,88.7,1,1,1,100.8,0.004,<10%
L01284,Vanilla bean ice cream 1L,O02050,Supermarket,Central,105.0,99.4,0,1,1,106.7,0.004,<10%
L03356,Salted butter 250g,O01234,HoReCa,Nairobi,75.57,94.2,0,0,1,88.9,0.004,<10%
L01075,Vanilla bean ice cream 1L,O01181,Supermarket,Rift Valley,107.14,87.6,0,1,1,96.4,0.004,<10%
L03129,Salted butter 250g,O02343,Supermarket,Nyanza,80.0,94.9,1,1,1,92.3,0.004,<10%
L02864,Salted butter 250g,O00211,Wholesaler,Nairobi,81.71,91.7,1,0,1,85.4,0.004,<10%
L01074,Vanilla bean ice cream 1L,O01010,Wholesaler,Nyanza,107.14,97.5,0,1,1,89.5,0.004,<10%
L02974,Salted butter 250g,O01733,Supermarket,Nairobi,81.14,97.6,1,1,1,101.1,0.004,<10%
L01095,Vanilla bean ice cream 1L,O02157,Wholesaler,Nairobi,107.0,97.0,0,1,1,97.1,0.004,<10%
L01132,Vanilla bean ice cream 1L,O00225,Wholesaler,Central,106.57,82.9,0,1,1,82.3,0.004,<10%
L03063,Salted butter 250g,O02179,Supermarket,Central,80.57,94.1,1,1,1,99.8,0.004,<10%
L03314,Salted butter 250g,O00694,Supermarket,Central,77.14,92.2,1,1,1,88.5,0.004,<10%
L02994,Salted butter 250g,O01638,Supermarket,Central,81.0,92.1,1,1,1,89.9,0.004,<10%
L01016,Vanilla bean ice cream 1L,O02304,Supermarket,Nairobi,107.57,95.8,0,1,1,104.1,0.004,<10%
L02955,Salted butter 250g,O00175,Supermarket,Central,81.14,98.8,1,1,0,88.7,0.004,<10%
L02939,Salted butter 250g,O02128,Supermarket,Central,81.29,97.0,1,1,1,95.7,0.004,<10%
L02988,Salted butter 250g,O01066,Supermarket,Central,81.0,95.5,1,1,1,90.2,0.004,<10%
L02869,Salted butter 250g,O00812,Wholesaler,Central,81.71,97.4,1,1,1,100.0,0.004,<10%
L02997,Salted butter 250g,O01786,Supermarket,Central,81.0,94.2,1,1,1,85.6,0.003,<10%
L02853,Salted butter 250g,O00809,Supermarket,Central,81.86,93.5,1,1,1,95.6,0.003,<10%
L01223,Vanilla bean ice cream 1L,O00677,Supermarket,Nairobi,105.57,93.4,0,1,1,96.5,0.003,<10%
L02857,Salted butter 250g,O01357,Supermarket,Central,81.86,95.2,1,1,1,100.6,0.003,<10%
L03253,Salted butter 250g,O01113,Supermarket,Nairobi,78.43,98.7,1,1,1,94.8,0.003,<10%
L03207,Salted butter 250g,O02169,Supermarket,Nairobi,79.14,96.1,1,1,1,97.2,0.003,<10%
L03059,Salted butter 250g,O01751,Supermarket,Central,80.57,88.2,1,1,1,78.0,0.003,<10%
L03070,Salted butter 250g,O01088,Supermarket,Central,80.43,98.0,1,1,1,89.2,0.003,<10%
L03163,Salted butter 250g,O02543,Supermarket,Nairobi,79.71,95.8,1,1,1,85.0,0.003,<10%
L03222,Salted butter 250g,O02018,Wholesaler,Central,79.0,98.3,1,1,1,85.9,0.003,<10%
L03182,Salted butter 250g,O00645,Supermarket,Nairobi,79.43,97.9,1,1,1,91.0,0.002,<10%
L03082,Salted butter 250g,O02353,Supermarket,Nairobi,80.43,99.5,1,1,1,88.0,0.002,<10%
L00070,Greek-style yoghurt 450g,O01316,Supermarket,Rift Valley,120.57,75.6,1,0,1,101.7,0.0,<10%
L00180,Greek-style yoghurt 450g,O02529,Wholesaler,Nairobi,119.86,26.1,0,1,1,97.0,0.0,<10%
L00178,Greek-style yoghurt 450g,O02039,HoReCa,Central,119.86,91.2,0,1,1,101.7,0.0,<10%
L00164,Greek-style yoghurt 450g,O02055,Supermarket,Rift Valley,120.0,94.0,1,1,1,97.2,0.0,<10%
L00153,Greek-style yoghurt 450g,O00347,Supermarket,Nairobi,120.0,76.9,1,1,1,99.1,0.0,<10%
L00148,Greek-style yoghurt 450g,O02365,Supermarket,Central,120.14,73.6,0,1,1,90.9,0.0,<10%
L00131,Greek-style yoghurt 450g,O00623,HoReCa,Coast,120.14,78.9,1,1,0,103.6,0.0,<10%
L00129,Greek-style yoghurt 450g,O00386,Wholesaler,Rift Valley,120.14,77.4,1,1,1,101.1,0.0,<10%
L00128,Greek-style yoghurt 450g,O00344,Wholesaler,Nairobi,120.14,75.3,0,1,1,102.1,0.0,<10%
L00125,Greek-style yoghurt 450g,O02210,Wholesaler,Coast,120.29,69.5,1,1,1,96.1,0.0,<10%
L00104,Greek-style yoghurt 450g,O01497,Supermarket,Nairobi,120.43,50.9,1,1,1,108.7,0.0,<10%
L00082,Greek-style yoghurt 450g,O02235,Supermarket,Nairobi,120.57,56.4,0,1,1,105.5,0.0,<10%
L00080,Greek-style yoghurt 450g,O02065,Supermarket,Central,120.57,33.5,1,1,1,98.6,0.0,<10%
L00075,Greek-style yoghurt 450g,O01772,Supermarket,Nairobi,120.57,80.8,1,1,1,94.0,0.0,<10%
L00073,Greek-style yoghurt 450g,O01383,HoReCa,Nairobi,120.57,47.1,1,0,0,100.4,0.0,<10%
L00209,Greek-style yoghurt 450g,O01733,Supermarket,Nairobi,119.57,61.4,0,0,1,97.0,0.0,<10%
L00203,Greek-style yoghurt 450g,O01173,Supermarket,Central,119.57,56.8,0,1,1,95.1,0.0,<10%
L00364,Greek-style yoghurt 450g,O01037,Wholesaler,Central,118.0,54.0,0,1,0,99.4,0.0,<10%
L00394,Greek-style yoghurt 450g,O01145,Duka,Central,117.29,48.9,0,1,1,112.0,0.0,<10%
L00429,Greek-style yoghurt 450g,O02316,Wholesaler,Western,116.57,71.0,0,0,0,99.0,0.0,<10%
L00037,Greek-style yoghurt 450g,O00812,Wholesaler,Central,120.71,69.8,0,1,1,96.4,0.0,<10%
L00063,Greek-style yoghurt 450g,O00343,Wholesaler,Central,120.57,92.0,1,1,1,99.6,0.0,<10%
L00522,Mature cheddar 200g,O02337,Supermarket,Nairobi,114.71,59.9,0,1,1,104.2,0.0,<10%
L00676,Mature cheddar 200g,O00057,Supermarket,Nairobi,113.57,86.0,0,1,1,101.5,0.0,<10%
L00508,Mature cheddar 200g,O01898,HoReCa,Nairobi,114.86,69.3,0,0,0,102.1,0.0,<10%
L00506,Mature cheddar 200g,O01820,Wholesaler,Central,114.86,63.3,0,1,0,95.5,0.0,<10%
L00500,Mature cheddar 200g,O01349,Supermarket,Nairobi,114.86,86.9,0,1,1,98.0,0.0,<10%
L00668,Mature cheddar 200g,O00811,Supermarket,Rift Valley,113.71,35.9,0,1,1,114.5,0.0,<10%
L00671,Mature cheddar 200g,O01165,Supermarket,Rift Valley,113.71,27.6,0,1,1,107.0,0.0,<10%
L00666,Mature cheddar 200g,O00464,Supermarket,Coast,113.71,69.8,0,1,1,105.3,0.0,<10%
L00654,Mature cheddar 200g,O01068,Wholesaler,Central,113.86,70.7,0,1,0,101.4,0.0,<10%
L00529,Mature cheddar 200g,O00029,Supermarket,Nairobi,114.57,31.6,0,0,1,106.5,0.0,<10%
L00653,Mature cheddar 200g,O01008,Supermarket,Nyanza,113.86,72.7,0,1,1,96.8,0.0,<10%
L00638,Mature cheddar 200g,O01483,Wholesaler,Nairobi,114.0,68.8,0,1,1,103.1,0.0,<10%
L00047,Greek-style yoghurt 450g,O01267,Supermarket,Nairobi,120.71,79.1,0,1,1,102.0,0.0,<10%
L00347,Greek-style yoghurt 450g,O00498,Supermarket,Central,118.14,78.7,0,1,1,106.1,0.0,<10%
L00228,Greek-style yoghurt 450g,O01885,Supermarket,Nairobi,119.43,86.2,0,1,1,101.6,0.0,<10%
L00237,Greek-style yoghurt 450g,O00834,Wholesaler,Central,119.29,72.1,0,1,1,93.1,0.0,<10%
L00231,Greek-style yoghurt 450g,O02387,Supermarket,Rift Valley,119.43,52.0,1,1,1,101.8,0.0,<10%
L00621,Mature cheddar 200g,O02120,HoReCa,Nairobi,114.14,85.8,0,1,1,115.9,0.0,<10%
L00631,Mature cheddar 200g,O00369,Wholesaler,Central,114.0,71.2,0,0,0,100.9,0.0,<10%
L00547,Mature cheddar 200g,O02175,Supermarket,Nairobi,114.57,69.7,0,1,1,105.6,0.0,<10%
L00560,Mature cheddar 200g,O00473,Supermarket,Nairobi,114.43,55.3,0,1,1,105.7,0.0,<10%
L00267,Greek-style yoghurt 450g,O01007,Duka,Nairobi,119.0,76.2,0,1,0,106.9,0.0,<10%
L00274,Greek-style yoghurt 450g,O02283,Supermarket,Nyanza,119.0,87.0,1,1,1,104.2,0.0,<10%
L00012,Greek-style yoghurt 450g,O01472,Wholesaler,Western,121.0,73.5,0,1,1,104.0,0.0,<10%
L00243,Greek-style yoghurt 450g,O02579,Supermarket,Western,119.29,56.0,0,1,0,96.8,0.0,<10%
L00923,Mature cheddar 200g,O01680,HoReCa,Nairobi,109.57,27.0,0,0,0,99.2,0.0,<10%
L00497,Mature cheddar 200g,O00962,Supermarket,Nairobi,114.86,51.3,0,1,1,111.1,0.0,<10%
L00041,Greek-style yoghurt 450g,O00981,Supermarket,Nairobi,120.71,69.1,1,1,1,101.4,0.0,<10%
L00033,Greek-style yoghurt 450g,O02290,Supermarket,Western,120.86,74.1,0,1,1,100.4,0.0,<10%
L00489,Mature cheddar 200g,O00023,Supermarket,Rift Valley,114.86,76.8,0,1,1,95.3,0.0,<10%
L00455,Greek-style yoghurt 450g,O00994,Duka,Coast,115.71,55.2,0,1,1,113.0,0.0,<10%
L00487,Mature cheddar 200g,O02104,Wholesaler,Central,115.0,70.8,0,0,1,92.5,0.0,<10%
L00469,Mature cheddar 200g,O00999,Supermarket,Nairobi,115.14,21.1,0,1,1,107.3,0.0,<10%
L00020,Greek-style yoghurt 450g,O00622,Supermarket,Rift Valley,120.86,84.8,0,1,1,95.7,0.0,<10%
L00009,Greek-style yoghurt 450g,O01210,Supermarket,Nairobi,121.0,82.6,1,1,1,103.0,0.0,<10%
L00019,Greek-style yoghurt 450g,O00571,Supermarket,Coast,120.86,75.8,0,1,1,89.9,0.0,<10%
L00018,Greek-style yoghurt 450g,O00559,Supermarket,Nairobi,120.86,79.6,1,1,0,86.6,0.0,<10%
L00577,Mature cheddar 200g,O02295,Supermarket,Rift Valley,114.43,67.6,0,1,1,110.2,0.0,<10%
L00810,Mature cheddar 200g,O00296,Wholesaler,Nyanza,112.14,66.2,0,1,0,102.7,0.0,<10%
L00275,Greek-style yoghurt 450g,O02406,Wholesaler,Central,119.0,71.4,0,1,0,98.6,0.0,<10%
L00579,Mature cheddar 200g,O02391,Supermarket,Coast,114.43,86.2,0,1,1,106.8,0.0,<10%
L00279,Greek-style yoghurt 450g,O00225,Wholesaler,Central,118.86,50.5,0,1,1,92.7,0.0,<10%
L00863,Mature cheddar 200g,O01464,Duka,Nyanza,111.29,35.8,0,0,1,101.9,0.0,<10%
L00871,Mature cheddar 200g,O01293,HoReCa,Nairobi,111.14,80.5,0,0,0,107.0,0.0,<10%
L00872,Mature cheddar 200g,O01732,Supermarket,Western,111.14,56.8,0,1,1,110.1,0.0,<10%
L00875,Mature cheddar 200g,O00966,Supermarket,Nairobi,111.0,32.0,0,0,0,95.0,0.0,<10%
L00885,Mature cheddar 200g,O00729,Supermarket,Coast,110.71,60.5,0,1,1,105.8,0.0,<10%
L00896,Mature cheddar 200g,O01675,Wholesaler,Nairobi,110.43,75.2,0,1,1,90.3,0.0,<10%
L00900,Mature cheddar 200g,O01049,Wholesaler,Nairobi,110.29,81.8,0,0,0,101.0,0.0,<10%
L00911,Mature cheddar 200g,O00127,Supermarket,Nairobi,110.0,49.1,0,1,1,103.6,0.0,<10%
L00915,Mature cheddar 200g,O00234,Petrol station,Nairobi,109.86,39.0,0,1,1,114.6,0.0,<10%
L00691,Mature cheddar 200g,O00422,Supermarket,Nairobi,113.43,53.3,0,1,1,117.8,0.0,<10%
L00700,Mature cheddar 200g,O01665,Supermarket,Rift Valley,113.43,80.9,0,1,0,106.5,0.0,<10%
L00703,Mature cheddar 200g,O02004,Wholesaler,Nairobi,113.43,61.5,0,0,0,101.6,0.0,<10%
L00718,Mature cheddar 200g,O02249,HoReCa,Nairobi,113.29,61.9,0,0,0,107.1,0.0,<10%
L00720,Mature cheddar 200g,O02543,Supermarket,Nairobi,113.29,53.9,0,1,1,106.5,0.0,<10%
L00278,Greek-style yoghurt 450g,O00088,HoReCa,Nairobi,118.86,45.3,0,0,1,103.1,0.0,<10%
L00722,Mature cheddar 200g,O00447,Wholesaler,Nyanza,113.14,54.0,0,1,1,101.4,0.0,<10%
L00733,Mature cheddar 200g,O01838,Petrol station,Nairobi,113.14,48.3,0,1,0,103.1,0.0,<10%
L00751,Mature cheddar 200g,O00022,Wholesaler,Coast,112.86,48.6,0,1,0,93.8,0.0,<10%
L00745,Mature cheddar 200g,O01410,Supermarket,Nairobi,113.0,53.2,0,1,1,105.0,0.0,<10%
L00757,Mature cheddar 200g,O00483,Wholesaler,Coast,112.86,40.5,0,1,1,96.8,0.0,<10%
L00770,Mature cheddar 200g,O01632,Supermarket,Coast,112.71,79.7,0,1,1,106.0,0.0,<10%
L00775,Mature cheddar 200g,O02592,Supermarket,Nairobi,112.71,32.4,0,1,0,101.3,0.0,<10%
L00754,Mature cheddar 200g,O00384,Duka,Nairobi,112.86,64.9,0,1,1,108.4,0.0,<10%
L00540,Mature cheddar 200g,O01472,Wholesaler,Western,114.57,54.6,0,0,1,101.8,0.0,<10%
L00300,Greek-style yoghurt 450g,O01208,Wholesaler,Nairobi,118.71,64.7,0,0,0,89.3,0.0,<10%
L00301,Greek-style yoghurt 450g,O01339,Supermarket,Nairobi,118.71,63.9,0,1,0,100.2,0.0,<10%
L00779,Mature cheddar 200g,O00201,HoReCa,Coast,112.57,61.2,0,1,0,113.4,0.0,<10%
L00787,Mature cheddar 200g,O00413,Supermarket,Rift Valley,112.43,69.3,0,1,1,87.4,0.0,<10%
L00792,Mature cheddar 200g,O02139,Wholesaler,Nairobi,112.43,95.0,0,1,0,112.6,0.0,<10%
L00797,Mature cheddar 200g,O00958,Supermarket,Rift Valley,112.29,93.9,0,1,1,103.8,0.0,<10%
L00538,Mature cheddar 200g,O01350,Supermarket,Nairobi,114.57,23.4,0,1,1,108.5,0.0,<10%
L00599,Mature cheddar 200g,O02435,Duka,Nyanza,114.29,55.9,0,1,0,113.7,0.0,<10%
L00607,Mature cheddar 200g,O00809,Supermarket,Central,114.14,81.0,0,1,1,111.5,0.0,<10%
L00323,Greek-style yoghurt 450g,O01841,Supermarket,Nairobi,118.57,66.2,0,0,1,97.6,0.0,<10%
L00322,Greek-style yoghurt 450g,O01720,Supermarket,Nairobi,118.57,70.4,0,1,1,112.0,0.0,<10%
L00046,Greek-style yoghurt 450g,O01168,Supermarket,Nairobi,120.71,62.3,1,0,1,95.6,0.0,<10%
L00814,Mature cheddar 200g,O00772,Supermarket,Nairobi,112.14,80.6,0,1,1,104.7,0.0,<10%
L00815,Mature cheddar 200g,O01217,Supermarket,Western,112.14,69.8,0,0,1,105.5,0.0,<10%
L00823,Mature cheddar 200g,O02570,Wholesaler,Coast,112.14,49.5,0,1,1,102.4,0.0,<10%
L00830,Mature cheddar 200g,O00863,Supermarket,Nairobi,111.86,33.2,0,0,1,107.3,0.0,<10%
L00846,Mature cheddar 200g,O01559,HoReCa,Rift Valley,111.71,33.9,0,1,1,104.7,0.0,<10%
L00848,Mature cheddar 200g,O00020,Petrol station,Coast,111.57,79.6,0,1,1,105.8,0.0,<10%
L00851,Mature cheddar 200g,O01251,Wholesaler,Nairobi,111.57,73.9,0,0,0,95.5,0.0,<10%
L00857,Mature cheddar 200g,O00471,Duka,Nairobi,111.43,30.7,0,1,1,110.2,0.0,<10%
L00633,Mature cheddar 200g,O00717,Wholesaler,Nairobi,114.0,53.1,0,0,1,111.1,0.0,<10%
L00635,Mature cheddar 200g,O01003,Supermarket,Nairobi,114.0,70.9,0,1,1,108.0,0.0,<10%
L00007,Greek-style yoghurt 450g,O01066,Supermarket,Central,121.0,85.4,0,1,1,94.1,0.0,<10%
